nome_area_inventario,nome_area_lidar,plot_id,ano_inventario,ano_lidar,gap_temporal_anos
ANA_A01_2015_2018_inventory_plots,ANA_A01_2017_laz_11.laz,1,2015,2017,2
ANA_A01_2015_2018_inventory_plots,ANA_A01_2018_LAS_1.laz,1,2015,2018,3
ANA_A01_2015_2018_inventory_plots,ANA_A01_2018_LAS_9.laz,1,2015,2018,3
ANA_A01_2015_2018_inventory_plots,ANA_A01_2017_laz_0.laz,10,2015,2017,2
ANA_A01_2015_2018_inventory_plots,ANA_A01_2018_LAS_9.laz,10,2015,2018,3
ANA_A01_2015_2018_inventory_plots,ANA_A01_2017_laz_0.laz,11,2015,2017,2
ANA_A01_2015_2018_inventory_plots,ANA_A01_2018_LAS_9.laz,11,2015,2018,3
ANA_A01_2015_2018_inventory_plots,ANA_A01_2017_laz_0.laz,12,2015,2017,2
ANA_A01_2015_2018_inventory_plots,ANA_A01_2018_LAS_7.laz,12,2015,2018,3
ANA_A01_2015_2018_inventory_plots,ANA_A01_2018_LAS_9.laz,12,2015,2018,3
ANA_A01_2015_2018_inventory_plots,ANA_A01_2018_LAS_7.laz,13,2015,2018,3
ANA_A01_2015_2018_inventory_plots,ANA_A01_2018_LAS_7.laz,14,2015,2018,3
ANA_A01_2015_2018_inventory_plots,ANA_A01_2018_LAS_7.laz,15,2015,2018,3
ANA_A01_2015_2018_inventory_plots,ANA_A01_2017_laz_0.laz,16,2015,2017,2
ANA_A01_2015_2018_inventory_plots,ANA_A01_2018_LAS_7.laz,16,2015,2018,3
ANA_A01_2015_2018_inventory_plots,ANA_A01_2018_LAS_6.laz,17,2015,2018,3
ANA_A01_2015_2018_inventory_plots,ANA_A01_2018_LAS_6.laz,18,2015,2018,3
ANA_A01_2015_2018_inventory_plots,ANA_A01_2018_LAS_6.laz,19,2015,2018,3
ANA_A01_2015_2018_inventory_plots,ANA_A01_2017_laz_11.laz,2,2015,2017,2
ANA_A01_2015_2018_inventory_plots,ANA_A01_2018_LAS_1.laz,2,2015,2018,3
ANA_A01_2015_2018_inventory_plots,ANA_A01_2018_LAS_9.laz,2,2015,2018,3
ANA_A01_2015_2018_inventory_plots,ANA_A01_2018_LAS_6.laz,20,2015,2018,3
ANA_A01_2015_2018_inventory_plots,ANA_A01_2018_LAS_6.laz,21,2015,2018,3
ANA_A01_2015_2018_inventory_plots,ANA_A01_2018_LAS_6.laz,22,2015,2018,3
ANA_A01_2015_2018_inventory_plots,ANA_A01_2018_LAS_3.laz,23,2015,2018,3
ANA_A01_2015_2018_inventory_plots,ANA_A01_2018_LAS_6.laz,23,2015,2018,3
ANA_A01_2015_2018_inventory_plots,ANA_A01_2018_LAS_3.laz,24,2015,2018,3
ANA_A01_2015_2018_inventory_plots,ANA_A01_2017_laz_1.laz,25,2015,2017,2
ANA_A01_2015_2018_inventory_plots,ANA_A01_2018_LAS_5.laz,25,2015,2018,3
ANA_A01_2015_2018_inventory_plots,ANA_A01_2017_laz_1.laz,26,2015,2017,2
ANA_A01_2015_2018_inventory_plots,ANA_A01_2018_LAS_5.laz,26,2015,2018,3
ANA_A01_2015_2018_inventory_plots,ANA_A01_2017_laz_1.laz,27,2015,2017,2
ANA_A01_2015_2018_inventory_plots,ANA_A01_2018_LAS_5.laz,27,2015,2018,3
ANA_A01_2015_2018_inventory_plots,ANA_A01_2017_laz_5.laz,28,2015,2017,2
ANA_A01_2015_2018_inventory_plots,ANA_A01_2018_LAS_5.laz,28,2015,2018,3
ANA_A01_2015_2018_inventory_plots,ANA_A01_2018_LAS_10.laz,29,2015,2018,3
ANA_A01_2015_2018_inventory_plots,ANA_A01_2018_LAS_6.laz,29,2015,2018,3
ANA_A01_2015_2018_inventory_plots,ANA_A01_2017_laz_11.laz,3,2015,2017,2
ANA_A01_2015_2018_inventory_plots,ANA_A01_2018_LAS_9.laz,3,2015,2018,3
ANA_A01_2015_2018_inventory_plots,ANA_A01_2018_LAS_10.laz,30,2015,2018,3
ANA_A01_2015_2018_inventory_plots,ANA_A01_2018_LAS_2.laz,30,2015,2018,3
ANA_A01_2015_2018_inventory_plots,ANA_A01_2018_LAS_3.laz,30,2015,2018,3
ANA_A01_2015_2018_inventory_plots,ANA_A01_2018_LAS_6.laz,30,2015,2018,3
ANA_A01_2015_2018_inventory_plots,ANA_A01_2018_LAS_2.laz,31,2015,2018,3
ANA_A01_2015_2018_inventory_plots,ANA_A01_2018_LAS_3.laz,31,2015,2018,3
ANA_A01_2015_2018_inventory_plots,ANA_A01_2017_laz_9.laz,32,2015,2017,2
ANA_A01_2015_2018_inventory_plots,ANA_A01_2018_LAS_2.laz,32,2015,2018,3
ANA_A01_2015_2018_inventory_plots,ANA_A01_2018_LAS_3.laz,32,2015,2018,3
ANA_A01_2015_2018_inventory_plots,ANA_A01_2017_laz_11.laz,4,2015,2017,2
ANA_A01_2015_2018_inventory_plots,ANA_A01_2018_LAS_9.laz,4,2015,2018,3
ANA_A01_2015_2018_inventory_plots,ANA_A01_2017_laz_0.laz,5,2015,2017,2
ANA_A01_2015_2018_inventory_plots,ANA_A01_2018_LAS_9.laz,5,2015,2018,3
ANA_A01_2015_2018_inventory_plots,ANA_A01_2017_laz_0.laz,6,2015,2017,2
ANA_A01_2015_2018_inventory_plots,ANA_A01_2018_LAS_6.laz,6,2015,2018,3
ANA_A01_2015_2018_inventory_plots,ANA_A01_2018_LAS_9.laz,6,2015,2018,3
ANA_A01_2015_2018_inventory_plots,ANA_A01_2018_LAS_6.laz,7,2015,2018,3
ANA_A01_2015_2018_inventory_plots,ANA_A01_2018_LAS_6.laz,8,2015,2018,3
ANA_A01_2015_2018_inventory_plots,ANA_A01_2017_laz_0.laz,9,2015,2017,2
ANA_A01_2015_2018_inventory_plots,ANA_A01_2018_LAS_9.laz,9,2015,2018,3
AND_A01_2013_2018_inventory_plots,AND_A01_2013_laz_11.laz,1,2013,2013,0
AND_A01_2013_2018_inventory_plots,AND_A01_2013_laz_optional_3.laz,1,2013,2013,0
AND_A01_2013_2018_inventory_plots,AND_A01_2017_LAS_7.laz,1,2013,2017,4
AND_A01_2013_2018_inventory_plots,AND_A01_2013_laz_1.laz,10,2013,2013,0
AND_A01_2013_2018_inventory_plots,AND_A01_2013_laz_optional_7.laz,10,2013,2013,0
AND_A01_2013_2018_inventory_plots,AND_A01_2017_LAS_11.laz,10,2013,2017,4
AND_A01_2013_2018_inventory_plots,AND_A01_2013_laz_1.laz,11,2013,2013,0
AND_A01_2013_2018_inventory_plots,AND_A01_2013_laz_optional_7.laz,11,2013,2013,0
AND_A01_2013_2018_inventory_plots,AND_A01_2017_LAS_11.laz,11,2013,2017,4
AND_A01_2013_2018_inventory_plots,AND_A01_2013_laz_1.laz,12,2013,2013,0
AND_A01_2013_2018_inventory_plots,AND_A01_2013_laz_optional_7.laz,12,2013,2013,0
AND_A01_2013_2018_inventory_plots,AND_A01_2017_LAS_11.laz,12,2013,2017,4
AND_A01_2013_2018_inventory_plots,AND_A01_2013_laz_2.laz,13,2013,2013,0
AND_A01_2013_2018_inventory_plots,AND_A01_2013_laz_optional_14.laz,13,2013,2013,0
AND_A01_2013_2018_inventory_plots,AND_A01_2017_LAS_6.laz,13,2013,2017,4
AND_A01_2013_2018_inventory_plots,AND_A01_2013_laz_1.laz,14,2013,2013,0
AND_A01_2013_2018_inventory_plots,AND_A01_2013_laz_2.laz,14,2013,2013,0
AND_A01_2013_2018_inventory_plots,AND_A01_2013_laz_optional_14.laz,14,2013,2013,0
AND_A01_2013_2018_inventory_plots,AND_A01_2013_laz_optional_7.laz,14,2013,2013,0
AND_A01_2013_2018_inventory_plots,AND_A01_2017_LAS_11.laz,14,2013,2017,4
AND_A01_2013_2018_inventory_plots,AND_A01_2017_LAS_6.laz,14,2013,2017,4
AND_A01_2013_2018_inventory_plots,AND_A01_2013_laz_1.laz,15,2013,2013,0
AND_A01_2013_2018_inventory_plots,AND_A01_2013_laz_optional_7.laz,15,2013,2013,0
AND_A01_2013_2018_inventory_plots,AND_A01_2017_LAS_11.laz,15,2013,2017,4
AND_A01_2013_2018_inventory_plots,AND_A01_2013_laz_1.laz,16,2013,2013,0
AND_A01_2013_2018_inventory_plots,AND_A01_2013_laz_optional_7.laz,16,2013,2013,0
AND_A01_2013_2018_inventory_plots,AND_A01_2017_LAS_11.laz,16,2013,2017,4
AND_A01_2013_2018_inventory_plots,AND_A01_2013_laz_2.laz,17,2013,2013,0
AND_A01_2013_2018_inventory_plots,AND_A01_2013_laz_optional_14.laz,17,2013,2013,0
AND_A01_2013_2018_inventory_plots,AND_A01_2017_LAS_6.laz,17,2013,2017,4
AND_A01_2013_2018_inventory_plots,AND_A01_2013_laz_2.laz,18,2013,2013,0
AND_A01_2013_2018_inventory_plots,AND_A01_2013_laz_optional_14.laz,18,2013,2013,0
AND_A01_2013_2018_inventory_plots,AND_A01_2017_LAS_6.laz,18,2013,2017,4
AND_A01_2013_2018_inventory_plots,AND_A01_2013_laz_2.laz,19,2013,2013,0
AND_A01_2013_2018_inventory_plots,AND_A01_2013_laz_optional_14.laz,19,2013,2013,0
AND_A01_2013_2018_inventory_plots,AND_A01_2017_LAS_6.laz,19,2013,2017,4
AND_A01_2013_2018_inventory_plots,AND_A01_2013_laz_11.laz,2,2013,2013,0
AND_A01_2013_2018_inventory_plots,AND_A01_2013_laz_optional_3.laz,2,2013,2013,0
AND_A01_2013_2018_inventory_plots,AND_A01_2017_LAS_7.laz,2,2013,2017,4
AND_A01_2013_2018_inventory_plots,AND_A01_2013_laz_2.laz,20,2013,2013,0
AND_A01_2013_2018_inventory_plots,AND_A01_2013_laz_optional_14.laz,20,2013,2013,0
AND_A01_2013_2018_inventory_plots,AND_A01_2017_LAS_6.laz,20,2013,2017,4
AND_A01_2013_2018_inventory_plots,AND_A01_2013_laz_1.laz,3,2013,2013,0
AND_A01_2013_2018_inventory_plots,AND_A01_2013_laz_optional_7.laz,3,2013,2013,0
AND_A01_2013_2018_inventory_plots,AND_A01_2017_LAS_11.laz,3,2013,2017,4
AND_A01_2013_2018_inventory_plots,AND_A01_2013_laz_1.laz,4,2013,2013,0
AND_A01_2013_2018_inventory_plots,AND_A01_2013_laz_optional_7.laz,4,2013,2013,0
AND_A01_2013_2018_inventory_plots,AND_A01_2017_LAS_11.laz,4,2013,2017,4
AND_A01_2013_2018_inventory_plots,AND_A01_2013_laz_11.laz,5,2013,2013,0
AND_A01_2013_2018_inventory_plots,AND_A01_2013_laz_optional_3.laz,5,2013,2013,0
AND_A01_2013_2018_inventory_plots,AND_A01_2017_LAS_7.laz,5,2013,2017,4
AND_A01_2013_2018_inventory_plots,AND_A01_2013_laz_1.laz,6,2013,2013,0
AND_A01_2013_2018_inventory_plots,AND_A01_2013_laz_11.laz,6,2013,2013,0
AND_A01_2013_2018_inventory_plots,AND_A01_2013_laz_optional_3.laz,6,2013,2013,0
AND_A01_2013_2018_inventory_plots,AND_A01_2013_laz_optional_7.laz,6,2013,2013,0
AND_A01_2013_2018_inventory_plots,AND_A01_2017_LAS_11.laz,6,2013,2017,4
AND_A01_2013_2018_inventory_plots,AND_A01_2017_LAS_7.laz,6,2013,2017,4
AND_A01_2013_2018_inventory_plots,AND_A01_2013_laz_1.laz,7,2013,2013,0
AND_A01_2013_2018_inventory_plots,AND_A01_2013_laz_optional_7.laz,7,2013,2013,0
AND_A01_2013_2018_inventory_plots,AND_A01_2017_LAS_11.laz,7,2013,2017,4
AND_A01_2013_2018_inventory_plots,AND_A01_2013_laz_1.laz,8,2013,2013,0
AND_A01_2013_2018_inventory_plots,AND_A01_2013_laz_optional_7.laz,8,2013,2013,0
AND_A01_2013_2018_inventory_plots,AND_A01_2017_LAS_11.laz,8,2013,2017,4
AND_A01_2013_2018_inventory_plots,AND_A01_2013_laz_1.laz,9,2013,2013,0
AND_A01_2013_2018_inventory_plots,AND_A01_2013_laz_11.laz,9,2013,2013,0
AND_A01_2013_2018_inventory_plots,AND_A01_2013_laz_optional_3.laz,9,2013,2013,0
AND_A01_2013_2018_inventory_plots,AND_A01_2013_laz_optional_7.laz,9,2013,2013,0
AND_A01_2013_2018_inventory_plots,AND_A01_2017_LAS_11.laz,9,2013,2017,4
AND_A01_2013_2018_inventory_plots,AND_A01_2017_LAS_7.laz,9,2013,2017,4
CAU_A01_2014_2018_inventory,CAU_A01_2012_laz_1.laz,T01_1,2014,2012,-2
CAU_A01_2014_2018_inventory,CAU_A01_2014_laz_1.laz,T01_1,2014,2014,0
CAU_A01_2014_2018_inventory,CAU_A01_2012_laz_1.laz,T01_2,2014,2012,-2
CAU_A01_2014_2018_inventory,CAU_A01_2014_laz_1.laz,T01_2,2014,2014,0
CAU_A01_2014_2018_inventory,CAU_A01_2012_laz_1.laz,T01_5,2014,2012,-2
CAU_A01_2014_2018_inventory,CAU_A01_2014_laz_1.laz,T01_5,2014,2014,0
CAU_A01_2014_2018_inventory,CAU_A01_2012_laz_1.laz,T01_6,2014,2012,-2
CAU_A01_2014_2018_inventory,CAU_A01_2014_laz_1.laz,T01_6,2014,2014,0
CAU_A01_2014_2018_inventory,CAU_A01_2012_laz_18.laz,T02_1,2014,2012,-2
CAU_A01_2014_2018_inventory,CAU_A01_2014_laz_18.laz,T02_1,2014,2014,0
CAU_A01_2014_2018_inventory,CAU_A01_2012_laz_19.laz,T02_2,2014,2012,-2
CAU_A01_2014_2018_inventory,CAU_A01_2014_laz_19.laz,T02_2,2014,2014,0
CAU_A01_2014_2018_inventory,CAU_A01_2012_laz_19.laz,T02_3,2014,2012,-2
CAU_A01_2014_2018_inventory,CAU_A01_2014_laz_19.laz,T02_3,2014,2014,0
CAU_A01_2014_2018_inventory,CAU_A01_2012_laz_19.laz,T02_4,2014,2012,-2
CAU_A01_2014_2018_inventory,CAU_A01_2014_laz_19.laz,T02_4,2014,2014,0
CAU_A01_2014_2018_inventory,CAU_A01_2012_laz_18.laz,T02_5,2014,2012,-2
CAU_A01_2014_2018_inventory,CAU_A01_2014_laz_18.laz,T02_5,2014,2014,0
CAU_A01_2014_2018_inventory,CAU_A01_2012_laz_19.laz,T02_6,2014,2012,-2
CAU_A01_2014_2018_inventory,CAU_A01_2014_laz_19.laz,T02_6,2014,2014,0
CAU_A01_2014_2018_inventory,CAU_A01_2012_laz_19.laz,T02_7,2014,2012,-2
CAU_A01_2014_2018_inventory,CAU_A01_2014_laz_19.laz,T02_7,2014,2014,0
CAU_A01_2014_2018_inventory,CAU_A01_2012_laz_19.laz,T02_8,2014,2012,-2
CAU_A01_2014_2018_inventory,CAU_A01_2014_laz_19.laz,T02_8,2014,2014,0
CAU_A01_2014_2018_inventory,CAU_A01_2012_laz_17.laz,T03_1,2014,2012,-2
CAU_A01_2014_2018_inventory,CAU_A01_2014_laz_17.laz,T03_1,2014,2014,0
CAU_A01_2014_2018_inventory,CAU_A01_2012_laz_0.laz,T03_2,2014,2012,-2
CAU_A01_2014_2018_inventory,CAU_A01_2012_laz_17.laz,T03_2,2014,2012,-2
CAU_A01_2014_2018_inventory,CAU_A01_2014_laz_0.laz,T03_2,2014,2014,0
CAU_A01_2014_2018_inventory,CAU_A01_2014_laz_17.laz,T03_2,2014,2014,0
CAU_A01_2014_2018_inventory,CAU_A01_2012_laz_0.laz,T03_3,2014,2012,-2
CAU_A01_2014_2018_inventory,CAU_A01_2014_laz_0.laz,T03_3,2014,2014,0
CAU_A01_2014_2018_inventory,CAU_A01_2012_laz_0.laz,T03_4,2014,2012,-2
CAU_A01_2014_2018_inventory,CAU_A01_2014_laz_0.laz,T03_4,2014,2014,0
CAU_A01_2014_2018_inventory,CAU_A01_2012_laz_17.laz,T03_5,2014,2012,-2
CAU_A01_2014_2018_inventory,CAU_A01_2014_laz_17.laz,T03_5,2014,2014,0
CAU_A01_2014_2018_inventory,CAU_A01_2012_laz_0.laz,T03_6,2014,2012,-2
CAU_A01_2014_2018_inventory,CAU_A01_2012_laz_17.laz,T03_6,2014,2012,-2
CAU_A01_2014_2018_inventory,CAU_A01_2014_laz_0.laz,T03_6,2014,2014,0
CAU_A01_2014_2018_inventory,CAU_A01_2014_laz_17.laz,T03_6,2014,2014,0
CAU_A01_2014_2018_inventory,CAU_A01_2012_laz_0.laz,T03_7,2014,2012,-2
CAU_A01_2014_2018_inventory,CAU_A01_2014_laz_0.laz,T03_7,2014,2014,0
CAU_A01_2014_2018_inventory,CAU_A01_2012_laz_0.laz,T03_8,2014,2012,-2
CAU_A01_2014_2018_inventory,CAU_A01_2014_laz_0.laz,T03_8,2014,2014,0
CAU_A01_2014_2018_inventory,CAU_A01_2012_laz_17.laz,T04_1,2014,2012,-2
CAU_A01_2014_2018_inventory,CAU_A01_2014_laz_17.laz,T04_1,2014,2014,0
CAU_A01_2014_2018_inventory,CAU_A01_2012_laz_0.laz,T04_2,2014,2012,-2
CAU_A01_2014_2018_inventory,CAU_A01_2012_laz_17.laz,T04_2,2014,2012,-2
CAU_A01_2014_2018_inventory,CAU_A01_2014_laz_0.laz,T04_2,2014,2014,0
CAU_A01_2014_2018_inventory,CAU_A01_2014_laz_17.laz,T04_2,2014,2014,0
CAU_A01_2014_2018_inventory,CAU_A01_2012_laz_0.laz,T04_3,2014,2012,-2
CAU_A01_2014_2018_inventory,CAU_A01_2014_laz_0.laz,T04_3,2014,2014,0
CAU_A01_2014_2018_inventory,CAU_A01_2012_laz_0.laz,T04_4,2014,2012,-2
CAU_A01_2014_2018_inventory,CAU_A01_2014_laz_0.laz,T04_4,2014,2014,0
CAU_A01_2014_2018_inventory,CAU_A01_2012_laz_17.laz,T04_5,2014,2012,-2
CAU_A01_2014_2018_inventory,CAU_A01_2014_laz_17.laz,T04_5,2014,2014,0
CAU_A01_2014_2018_inventory,CAU_A01_2012_laz_0.laz,T04_6,2014,2012,-2
CAU_A01_2014_2018_inventory,CAU_A01_2012_laz_17.laz,T04_6,2014,2012,-2
CAU_A01_2014_2018_inventory,CAU_A01_2014_laz_0.laz,T04_6,2014,2014,0
CAU_A01_2014_2018_inventory,CAU_A01_2014_laz_17.laz,T04_6,2014,2014,0
CAU_A01_2014_2018_inventory,CAU_A01_2012_laz_0.laz,T04_7,2014,2012,-2
CAU_A01_2014_2018_inventory,CAU_A01_2014_laz_0.laz,T04_7,2014,2014,0
CAU_A01_2014_2018_inventory,CAU_A01_2012_laz_0.laz,T04_8,2014,2012,-2
CAU_A01_2014_2018_inventory,CAU_A01_2014_laz_0.laz,T04_8,2014,2014,0
CAU_A01_2014_2018_inventory,CAU_A01_2012_laz_17.laz,T05_1,2014,2012,-2
CAU_A01_2014_2018_inventory,CAU_A01_2014_laz_17.laz,T05_1,2014,2014,0
CAU_A01_2014_2018_inventory,CAU_A01_2012_laz_10.laz,T05_3,2014,2012,-2
CAU_A01_2014_2018_inventory,CAU_A01_2014_laz_10.laz,T05_3,2014,2014,0
CAU_A01_2014_2018_inventory,CAU_A01_2012_laz_17.laz,T05_4,2014,2012,-2
CAU_A01_2014_2018_inventory,CAU_A01_2014_laz_17.laz,T05_4,2014,2014,0
CAU_A01_2014_2018_inventory,CAU_A01_2012_laz_17.laz,T05_5,2014,2012,-2
CAU_A01_2014_2018_inventory,CAU_A01_2014_laz_17.laz,T05_5,2014,2014,0
CAU_A01_2014_2018_inventory,CAU_A01_2012_laz_10.laz,T05_7,2014,2012,-2
CAU_A01_2014_2018_inventory,CAU_A01_2014_laz_10.laz,T05_7,2014,2014,0
CAU_A01_2014_2018_inventory,CAU_A01_2012_laz_17.laz,T05_8,2014,2012,-2
CAU_A01_2014_2018_inventory,CAU_A01_2014_laz_17.laz,T05_8,2014,2014,0
CAU_A01_2014_2018_inventory,CAU_A01_2012_laz_3.laz,T06_1,2014,2012,-2
CAU_A01_2014_2018_inventory,CAU_A01_2014_laz_3.laz,T06_1,2014,2014,0
CAU_A01_2014_2018_inventory,CAU_A01_2012_laz_3.laz,T06_2,2014,2012,-2
CAU_A01_2014_2018_inventory,CAU_A01_2014_laz_3.laz,T06_2,2014,2014,0
CAU_A01_2014_2018_inventory,CAU_A01_2012_laz_3.laz,T06_3,2014,2012,-2
CAU_A01_2014_2018_inventory,CAU_A01_2014_laz_3.laz,T06_3,2014,2014,0
CAU_A01_2014_2018_inventory,CAU_A01_2012_laz_3.laz,T06_4,2014,2012,-2
CAU_A01_2014_2018_inventory,CAU_A01_2014_laz_3.laz,T06_4,2014,2014,0
CAU_A01_2014_2018_inventory,CAU_A01_2012_laz_3.laz,T06_5,2014,2012,-2
CAU_A01_2014_2018_inventory,CAU_A01_2014_laz_3.laz,T06_5,2014,2014,0
CAU_A01_2014_2018_inventory,CAU_A01_2012_laz_3.laz,T06_6,2014,2012,-2
CAU_A01_2014_2018_inventory,CAU_A01_2014_laz_3.laz,T06_6,2014,2014,0
CAU_A01_2014_2018_inventory,CAU_A01_2012_laz_3.laz,T06_7,2014,2012,-2
CAU_A01_2014_2018_inventory,CAU_A01_2014_laz_3.laz,T06_7,2014,2014,0
CAU_A01_2014_2018_inventory,CAU_A01_2012_laz_3.laz,T06_8,2014,2012,-2
CAU_A01_2014_2018_inventory,CAU_A01_2014_laz_3.laz,T06_8,2014,2014,0
CAU_A01_2014_2018_inventory,CAU_A01_2012_laz_18.laz,T07_1,2014,2012,-2
CAU_A01_2014_2018_inventory,CAU_A01_2014_laz_18.laz,T07_1,2014,2014,0
CAU_A01_2014_2018_inventory,CAU_A01_2012_laz_18.laz,T07_2,2014,2012,-2
CAU_A01_2014_2018_inventory,CAU_A01_2014_laz_18.laz,T07_2,2014,2014,0
CAU_A01_2014_2018_inventory,CAU_A01_2012_laz_15.laz,T07_3,2014,2012,-2
CAU_A01_2014_2018_inventory,CAU_A01_2014_laz_14.laz,T07_3,2014,2014,0
CAU_A01_2014_2018_inventory,CAU_A01_2012_laz_15.laz,T07_4,2014,2012,-2
CAU_A01_2014_2018_inventory,CAU_A01_2014_laz_14.laz,T07_4,2014,2014,0
CAU_A01_2014_2018_inventory,CAU_A01_2012_laz_18.laz,T07_5,2014,2012,-2
CAU_A01_2014_2018_inventory,CAU_A01_2014_laz_18.laz,T07_5,2014,2014,0
CAU_A01_2014_2018_inventory,CAU_A01_2012_laz_18.laz,T07_6,2014,2012,-2
CAU_A01_2014_2018_inventory,CAU_A01_2014_laz_18.laz,T07_6,2014,2014,0
CAU_A01_2014_2018_inventory,CAU_A01_2012_laz_15.laz,T07_7,2014,2012,-2
CAU_A01_2014_2018_inventory,CAU_A01_2014_laz_14.laz,T07_7,2014,2014,0
CAU_A01_2014_2018_inventory,CAU_A01_2012_laz_15.laz,T07_8,2014,2012,-2
CAU_A01_2014_2018_inventory,CAU_A01_2014_laz_14.laz,T07_8,2014,2014,0
CAU_A01_2014_2018_inventory,CAU_A01_2012_laz_15.laz,T08_1,2014,2012,-2
CAU_A01_2014_2018_inventory,CAU_A01_2014_laz_14.laz,T08_1,2014,2014,0
CAU_A01_2014_2018_inventory,CAU_A01_2012_laz_18.laz,T08_2,2014,2012,-2
CAU_A01_2014_2018_inventory,CAU_A01_2014_laz_18.laz,T08_2,2014,2014,0
CAU_A01_2014_2018_inventory,CAU_A01_2012_laz_15.laz,T08_3,2014,2012,-2
CAU_A01_2014_2018_inventory,CAU_A01_2012_laz_18.laz,T08_3,2014,2012,-2
CAU_A01_2014_2018_inventory,CAU_A01_2014_laz_14.laz,T08_3,2014,2014,0
CAU_A01_2014_2018_inventory,CAU_A01_2014_laz_18.laz,T08_3,2014,2014,0
CAU_A01_2014_2018_inventory,CAU_A01_2012_laz_15.laz,T08_4,2014,2012,-2
CAU_A01_2014_2018_inventory,CAU_A01_2014_laz_14.laz,T08_4,2014,2014,0
CAU_A01_2014_2018_inventory,CAU_A01_2012_laz_15.laz,T08_5,2014,2012,-2
CAU_A01_2014_2018_inventory,CAU_A01_2014_laz_14.laz,T08_5,2014,2014,0
CAU_A01_2014_2018_inventory,CAU_A01_2012_laz_18.laz,T08_6,2014,2012,-2
CAU_A01_2014_2018_inventory,CAU_A01_2014_laz_18.laz,T08_6,2014,2014,0
CAU_A01_2014_2018_inventory,CAU_A01_2012_laz_15.laz,T08_7,2014,2012,-2
CAU_A01_2014_2018_inventory,CAU_A01_2012_laz_18.laz,T08_7,2014,2012,-2
CAU_A01_2014_2018_inventory,CAU_A01_2014_laz_14.laz,T08_7,2014,2014,0
CAU_A01_2014_2018_inventory,CAU_A01_2014_laz_18.laz,T08_7,2014,2014,0
CAU_A01_2014_2018_inventory,CAU_A01_2012_laz_15.laz,T08_8,2014,2012,-2
CAU_A01_2014_2018_inventory,CAU_A01_2014_laz_14.laz,T08_8,2014,2014,0
CAU_A01_2014_2018_inventory,CAU_A01_2012_laz_6.laz,T09_1,2014,2012,-2
CAU_A01_2014_2018_inventory,CAU_A01_2014_laz_7.laz,T09_1,2014,2014,0
CAU_A01_2014_2018_inventory,CAU_A01_2012_laz_6.laz,T09_2,2014,2012,-2
CAU_A01_2014_2018_inventory,CAU_A01_2014_laz_7.laz,T09_2,2014,2014,0
CAU_A01_2014_2018_inventory,CAU_A01_2012_laz_3.laz,T09_3,2014,2012,-2
CAU_A01_2014_2018_inventory,CAU_A01_2012_laz_6.laz,T09_3,2014,2012,-2
CAU_A01_2014_2018_inventory,CAU_A01_2014_laz_3.laz,T09_3,2014,2014,0
CAU_A01_2014_2018_inventory,CAU_A01_2014_laz_7.laz,T09_3,2014,2014,0
CAU_A01_2014_2018_inventory,CAU_A01_2012_laz_3.laz,T09_4,2014,2012,-2
CAU_A01_2014_2018_inventory,CAU_A01_2014_laz_3.laz,T09_4,2014,2014,0
CAU_A01_2014_2018_inventory,CAU_A01_2012_laz_6.laz,T09_5,2014,2012,-2
CAU_A01_2014_2018_inventory,CAU_A01_2014_laz_7.laz,T09_5,2014,2014,0
CAU_A01_2014_2018_inventory,CAU_A01_2012_laz_3.laz,T09_6,2014,2012,-2
CAU_A01_2014_2018_inventory,CAU_A01_2014_laz_3.laz,T09_6,2014,2014,0
CAU_A01_2014_2018_inventory,CAU_A01_2012_laz_6.laz,T09_7,2014,2012,-2
CAU_A01_2014_2018_inventory,CAU_A01_2014_laz_7.laz,T09_7,2014,2014,0
CAU_A01_2014_2018_inventory,CAU_A01_2012_laz_3.laz,T09_8,2014,2012,-2
CAU_A01_2014_2018_inventory,CAU_A01_2012_laz_6.laz,T09_8,2014,2012,-2
CAU_A01_2014_2018_inventory,CAU_A01_2014_laz_3.laz,T09_8,2014,2014,0
CAU_A01_2014_2018_inventory,CAU_A01_2014_laz_7.laz,T09_8,2014,2014,0
CAU_A01_2014_2018_inventory,CAU_A01_2012_laz_12.laz,T10_1,2014,2012,-2
CAU_A01_2014_2018_inventory,CAU_A01_2014_laz_13.laz,T10_1,2014,2014,0
CAU_A01_2014_2018_inventory,CAU_A01_2012_laz_12.laz,T10_2,2014,2012,-2
CAU_A01_2014_2018_inventory,CAU_A01_2014_laz_13.laz,T10_2,2014,2014,0
CAU_A01_2014_2018_inventory,CAU_A01_2012_laz_12.laz,T10_3,2014,2012,-2
CAU_A01_2014_2018_inventory,CAU_A01_2014_laz_13.laz,T10_3,2014,2014,0
CAU_A01_2014_2018_inventory,CAU_A01_2012_laz_13.laz,T10_4,2014,2012,-2
CAU_A01_2014_2018_inventory,CAU_A01_2014_laz_12.laz,T10_4,2014,2014,0
CAU_A01_2014_2018_inventory,CAU_A01_2012_laz_12.laz,T10_5,2014,2012,-2
CAU_A01_2014_2018_inventory,CAU_A01_2014_laz_13.laz,T10_5,2014,2014,0
CAU_A01_2014_2018_inventory,CAU_A01_2012_laz_12.laz,T10_6,2014,2012,-2
CAU_A01_2014_2018_inventory,CAU_A01_2014_laz_13.laz,T10_6,2014,2014,0
CAU_A01_2014_2018_inventory,CAU_A01_2012_laz_13.laz,T10_7,2014,2012,-2
CAU_A01_2014_2018_inventory,CAU_A01_2014_laz_12.laz,T10_7,2014,2014,0
CAU_A01_2014_2018_inventory,CAU_A01_2012_laz_12.laz,T10_8,2014,2012,-2
CAU_A01_2014_2018_inventory,CAU_A01_2014_laz_13.laz,T10_8,2014,2014,0
CAU_A01_2014_2018_inventory,CAU_A01_2012_laz_15.laz,T11_1,2014,2012,-2
CAU_A01_2014_2018_inventory,CAU_A01_2014_laz_14.laz,T11_1,2014,2014,0
CAU_A01_2014_2018_inventory,CAU_A01_2012_laz_15.laz,T11_2,2014,2012,-2
CAU_A01_2014_2018_inventory,CAU_A01_2014_laz_14.laz,T11_2,2014,2014,0
CAU_A01_2014_2018_inventory,CAU_A01_2012_laz_15.laz,T11_3,2014,2012,-2
CAU_A01_2014_2018_inventory,CAU_A01_2014_laz_14.laz,T11_3,2014,2014,0
CAU_A01_2014_2018_inventory,CAU_A01_2012_laz_15.laz,T11_4,2014,2012,-2
CAU_A01_2014_2018_inventory,CAU_A01_2014_laz_14.laz,T11_4,2014,2014,0
CAU_A01_2014_2018_inventory,CAU_A01_2012_laz_15.laz,T11_5,2014,2012,-2
CAU_A01_2014_2018_inventory,CAU_A01_2014_laz_14.laz,T11_5,2014,2014,0
CAU_A01_2014_2018_inventory,CAU_A01_2012_laz_15.laz,T11_6,2014,2012,-2
CAU_A01_2014_2018_inventory,CAU_A01_2014_laz_14.laz,T11_6,2014,2014,0
CAU_A01_2014_2018_inventory,CAU_A01_2012_laz_15.laz,T11_7,2014,2012,-2
CAU_A01_2014_2018_inventory,CAU_A01_2014_laz_14.laz,T11_7,2014,2014,0
CAU_A01_2014_2018_inventory,CAU_A01_2012_laz_15.laz,T11_8,2014,2012,-2
CAU_A01_2014_2018_inventory,CAU_A01_2014_laz_14.laz,T11_8,2014,2014,0
CAU_A01_2014_2018_inventory,CAU_A01_2012_laz_1.laz,T12_1,2014,2012,-2
CAU_A01_2014_2018_inventory,CAU_A01_2014_laz_1.laz,T12_1,2014,2014,0
CAU_A01_2014_2018_inventory,CAU_A01_2012_laz_1.laz,T12_2,2014,2012,-2
CAU_A01_2014_2018_inventory,CAU_A01_2014_laz_1.laz,T12_2,2014,2014,0
CAU_A01_2014_2018_inventory,CAU_A01_2012_laz_1.laz,T12_3,2014,2012,-2
CAU_A01_2014_2018_inventory,CAU_A01_2014_laz_1.laz,T12_3,2014,2014,0
CAU_A01_2014_2018_inventory,CAU_A01_2012_laz_4.laz,T12_4,2014,2012,-2
CAU_A01_2014_2018_inventory,CAU_A01_2014_laz_4.laz,T12_4,2014,2014,0
CAU_A01_2014_2018_inventory,CAU_A01_2012_laz_1.laz,T12_5,2014,2012,-2
CAU_A01_2014_2018_inventory,CAU_A01_2014_laz_1.laz,T12_5,2014,2014,0
CAU_A01_2014_2018_inventory,CAU_A01_2012_laz_1.laz,T12_6,2014,2012,-2
CAU_A01_2014_2018_inventory,CAU_A01_2014_laz_1.laz,T12_6,2014,2014,0
CAU_A01_2014_2018_inventory,CAU_A01_2012_laz_1.laz,T12_7,2014,2012,-2
CAU_A01_2014_2018_inventory,CAU_A01_2014_laz_1.laz,T12_7,2014,2014,0
CAU_A01_2014_2018_inventory,CAU_A01_2012_laz_4.laz,T12_8,2014,2012,-2
CAU_A01_2014_2018_inventory,CAU_A01_2014_laz_4.laz,T12_8,2014,2014,0
CAU_A01_2014_2018_inventory,CAU_A01_2012_laz_0.laz,T13_1,2014,2012,-2
CAU_A01_2014_2018_inventory,CAU_A01_2014_laz_0.laz,T13_1,2014,2014,0
CAU_A01_2014_2018_inventory,CAU_A01_2012_laz_1.laz,T13_2,2014,2012,-2
CAU_A01_2014_2018_inventory,CAU_A01_2014_laz_1.laz,T13_2,2014,2014,0
CAU_A01_2014_2018_inventory,CAU_A01_2012_laz_1.laz,T13_3,2014,2012,-2
CAU_A01_2014_2018_inventory,CAU_A01_2014_laz_1.laz,T13_3,2014,2014,0
CAU_A01_2014_2018_inventory,CAU_A01_2012_laz_1.laz,T13_4,2014,2012,-2
CAU_A01_2014_2018_inventory,CAU_A01_2014_laz_1.laz,T13_4,2014,2014,0
CAU_A01_2014_2018_inventory,CAU_A01_2012_laz_0.laz,T13_5,2014,2012,-2
CAU_A01_2014_2018_inventory,CAU_A01_2014_laz_0.laz,T13_5,2014,2014,0
CAU_A01_2014_2018_inventory,CAU_A01_2012_laz_1.laz,T13_6,2014,2012,-2
CAU_A01_2014_2018_inventory,CAU_A01_2014_laz_1.laz,T13_6,2014,2014,0
CAU_A01_2014_2018_inventory,CAU_A01_2012_laz_1.laz,T13_7,2014,2012,-2
CAU_A01_2014_2018_inventory,CAU_A01_2014_laz_1.laz,T13_7,2014,2014,0
CAU_A01_2014_2018_inventory,CAU_A01_2012_laz_1.laz,T13_8,2014,2012,-2
CAU_A01_2014_2018_inventory,CAU_A01_2014_laz_1.laz,T13_8,2014,2014,0
CAU_A01_2014_2018_inventory,CAU_A01_2012_laz_0.laz,T14_1,2014,2012,-2
CAU_A01_2014_2018_inventory,CAU_A01_2014_laz_0.laz,T14_1,2014,2014,0
CAU_A01_2014_2018_inventory,CAU_A01_2012_laz_0.laz,T14_2,2014,2012,-2
CAU_A01_2014_2018_inventory,CAU_A01_2014_laz_0.laz,T14_2,2014,2014,0
CAU_A01_2014_2018_inventory,CAU_A01_2012_laz_0.laz,T14_3,2014,2012,-2
CAU_A01_2014_2018_inventory,CAU_A01_2014_laz_0.laz,T14_3,2014,2014,0
CAU_A01_2014_2018_inventory,CAU_A01_2012_laz_0.laz,T14_4,2014,2012,-2
CAU_A01_2014_2018_inventory,CAU_A01_2014_laz_0.laz,T14_4,2014,2014,0
CAU_A01_2014_2018_inventory,CAU_A01_2012_laz_0.laz,T14_5,2014,2012,-2
CAU_A01_2014_2018_inventory,CAU_A01_2014_laz_0.laz,T14_5,2014,2014,0
CAU_A01_2014_2018_inventory,CAU_A01_2012_laz_0.laz,T14_6,2014,2012,-2
CAU_A01_2014_2018_inventory,CAU_A01_2014_laz_0.laz,T14_6,2014,2014,0
CAU_A01_2014_2018_inventory,CAU_A01_2012_laz_0.laz,T14_7,2014,2012,-2
CAU_A01_2014_2018_inventory,CAU_A01_2014_laz_0.laz,T14_7,2014,2014,0
CAU_A01_2014_2018_inventory,CAU_A01_2012_laz_0.laz,T14_8,2014,2012,-2
CAU_A01_2014_2018_inventory,CAU_A01_2014_laz_0.laz,T14_8,2014,2014,0
CAU_A01_2014_2018_inventory,CAU_A01_2012_laz_3.laz,T15_1,2014,2012,-2
CAU_A01_2014_2018_inventory,CAU_A01_2014_laz_3.laz,T15_1,2014,2014,0
CAU_A01_2014_2018_inventory,CAU_A01_2012_laz_3.laz,T15_2,2014,2012,-2
CAU_A01_2014_2018_inventory,CAU_A01_2014_laz_3.laz,T15_2,2014,2014,0
CAU_A01_2014_2018_inventory,CAU_A01_2012_laz_3.laz,T15_3,2014,2012,-2
CAU_A01_2014_2018_inventory,CAU_A01_2014_laz_3.laz,T15_3,2014,2014,0
CAU_A01_2014_2018_inventory,CAU_A01_2012_laz_3.laz,T15_4,2014,2012,-2
CAU_A01_2014_2018_inventory,CAU_A01_2014_laz_3.laz,T15_4,2014,2014,0
CAU_A01_2014_2018_inventory,CAU_A01_2012_laz_3.laz,T15_5,2014,2012,-2
CAU_A01_2014_2018_inventory,CAU_A01_2014_laz_3.laz,T15_5,2014,2014,0
CAU_A01_2014_2018_inventory,CAU_A01_2012_laz_3.laz,T15_6,2014,2012,-2
CAU_A01_2014_2018_inventory,CAU_A01_2014_laz_3.laz,T15_6,2014,2014,0
CAU_A01_2014_2018_inventory,CAU_A01_2012_laz_3.laz,T15_7,2014,2012,-2
CAU_A01_2014_2018_inventory,CAU_A01_2014_laz_3.laz,T15_7,2014,2014,0
CAU_A01_2014_2018_inventory,CAU_A01_2012_laz_3.laz,T15_8,2014,2012,-2
CAU_A01_2014_2018_inventory,CAU_A01_2014_laz_3.laz,T15_8,2014,2014,0
CAU_A01_2014_2018_inventory,CAU_A01_2012_laz_17.laz,T16_1,2014,2012,-2
CAU_A01_2014_2018_inventory,CAU_A01_2014_laz_17.laz,T16_1,2014,2014,0
CAU_A01_2014_2018_inventory,CAU_A01_2012_laz_17.laz,T16_2,2014,2012,-2
CAU_A01_2014_2018_inventory,CAU_A01_2014_laz_17.laz,T16_2,2014,2014,0
CAU_A01_2014_2018_inventory,CAU_A01_2012_laz_17.laz,T16_3,2014,2012,-2
CAU_A01_2014_2018_inventory,CAU_A01_2014_laz_17.laz,T16_3,2014,2014,0
CAU_A01_2014_2018_inventory,CAU_A01_2012_laz_17.laz,T16_4,2014,2012,-2
CAU_A01_2014_2018_inventory,CAU_A01_2014_laz_17.laz,T16_4,2014,2014,0
CAU_A01_2014_2018_inventory,CAU_A01_2012_laz_17.laz,T16_5,2014,2012,-2
CAU_A01_2014_2018_inventory,CAU_A01_2014_laz_17.laz,T16_5,2014,2014,0
CAU_A01_2014_2018_inventory,CAU_A01_2012_laz_17.laz,T16_6,2014,2012,-2
CAU_A01_2014_2018_inventory,CAU_A01_2014_laz_17.laz,T16_6,2014,2014,0
CAU_A01_2014_2018_inventory,CAU_A01_2012_laz_17.laz,T16_7,2014,2012,-2
CAU_A01_2014_2018_inventory,CAU_A01_2014_laz_17.laz,T16_7,2014,2014,0
CAU_A01_2014_2018_inventory,CAU_A01_2012_laz_17.laz,T16_8,2014,2012,-2
CAU_A01_2014_2018_inventory,CAU_A01_2014_laz_17.laz,T16_8,2014,2014,0
CAU_A01_2014_2018_inventory,CAU_A01_2012_laz_17.laz,T17_1,2014,2012,-2
CAU_A01_2014_2018_inventory,CAU_A01_2012_laz_3.laz,T17_1,2014,2012,-2
CAU_A01_2014_2018_inventory,CAU_A01_2014_laz_17.laz,T17_1,2014,2014,0
CAU_A01_2014_2018_inventory,CAU_A01_2014_laz_3.laz,T17_1,2014,2014,0
CAU_A01_2014_2018_inventory,CAU_A01_2012_laz_3.laz,T17_2,2014,2012,-2
CAU_A01_2014_2018_inventory,CAU_A01_2014_laz_3.laz,T17_2,2014,2014,0
CAU_A01_2014_2018_inventory,CAU_A01_2012_laz_3.laz,T17_3,2014,2012,-2
CAU_A01_2014_2018_inventory,CAU_A01_2014_laz_3.laz,T17_3,2014,2014,0
CAU_A01_2014_2018_inventory,CAU_A01_2012_laz_17.laz,T17_4,2014,2012,-2
CAU_A01_2014_2018_inventory,CAU_A01_2014_laz_17.laz,T17_4,2014,2014,0
CAU_A01_2014_2018_inventory,CAU_A01_2012_laz_17.laz,T17_5,2014,2012,-2
CAU_A01_2014_2018_inventory,CAU_A01_2012_laz_3.laz,T17_5,2014,2012,-2
CAU_A01_2014_2018_inventory,CAU_A01_2014_laz_17.laz,T17_5,2014,2014,0
CAU_A01_2014_2018_inventory,CAU_A01_2014_laz_3.laz,T17_5,2014,2014,0
CAU_A01_2014_2018_inventory,CAU_A01_2012_laz_3.laz,T17_6,2014,2012,-2
CAU_A01_2014_2018_inventory,CAU_A01_2014_laz_3.laz,T17_6,2014,2014,0
CAU_A01_2014_2018_inventory,CAU_A01_2012_laz_3.laz,T17_7,2014,2012,-2
CAU_A01_2014_2018_inventory,CAU_A01_2014_laz_3.laz,T17_7,2014,2014,0
CAU_A01_2014_2018_inventory,CAU_A01_2012_laz_17.laz,T17_8,2014,2012,-2
CAU_A01_2014_2018_inventory,CAU_A01_2014_laz_17.laz,T17_8,2014,2014,0
CAU_A01_2014_2018_inventory,CAU_A01_2012_laz_15.laz,T18_1,2014,2012,-2
CAU_A01_2014_2018_inventory,CAU_A01_2014_laz_14.laz,T18_1,2014,2014,0
CAU_A01_2014_2018_inventory,CAU_A01_2012_laz_15.laz,T18_2,2014,2012,-2
CAU_A01_2014_2018_inventory,CAU_A01_2014_laz_14.laz,T18_2,2014,2014,0
CAU_A01_2014_2018_inventory,CAU_A01_2012_laz_15.laz,T18_3,2014,2012,-2
CAU_A01_2014_2018_inventory,CAU_A01_2014_laz_14.laz,T18_3,2014,2014,0
CAU_A01_2014_2018_inventory,CAU_A01_2012_laz_15.laz,T18_4,2014,2012,-2
CAU_A01_2014_2018_inventory,CAU_A01_2014_laz_14.laz,T18_4,2014,2014,0
CAU_A01_2014_2018_inventory,CAU_A01_2012_laz_15.laz,T18_5,2014,2012,-2
CAU_A01_2014_2018_inventory,CAU_A01_2014_laz_14.laz,T18_5,2014,2014,0
CAU_A01_2014_2018_inventory,CAU_A01_2012_laz_15.laz,T18_6,2014,2012,-2
CAU_A01_2014_2018_inventory,CAU_A01_2014_laz_14.laz,T18_6,2014,2014,0
CAU_A01_2014_2018_inventory,CAU_A01_2012_laz_15.laz,T18_7,2014,2012,-2
CAU_A01_2014_2018_inventory,CAU_A01_2014_laz_14.laz,T18_7,2014,2014,0
CAU_A01_2014_2018_inventory,CAU_A01_2012_laz_15.laz,T18_8,2014,2012,-2
CAU_A01_2014_2018_inventory,CAU_A01_2014_laz_14.laz,T18_8,2014,2014,0
CAU_A01_2014_2018_inventory,CAU_A01_2012_laz_15.laz,T19_1,2014,2012,-2
CAU_A01_2014_2018_inventory,CAU_A01_2014_laz_14.laz,T19_1,2014,2014,0
CAU_A01_2014_2018_inventory,CAU_A01_2012_laz_15.laz,T19_2,2014,2012,-2
CAU_A01_2014_2018_inventory,CAU_A01_2014_laz_14.laz,T19_2,2014,2014,0
CAU_A01_2014_2018_inventory,CAU_A01_2012_laz_15.laz,T19_3,2014,2012,-2
CAU_A01_2014_2018_inventory,CAU_A01_2014_laz_14.laz,T19_3,2014,2014,0
CAU_A01_2014_2018_inventory,CAU_A01_2012_laz_15.laz,T19_4,2014,2012,-2
CAU_A01_2014_2018_inventory,CAU_A01_2014_laz_14.laz,T19_4,2014,2014,0
CAU_A01_2014_2018_inventory,CAU_A01_2012_laz_15.laz,T19_5,2014,2012,-2
CAU_A01_2014_2018_inventory,CAU_A01_2014_laz_14.laz,T19_5,2014,2014,0
CAU_A01_2014_2018_inventory,CAU_A01_2012_laz_15.laz,T19_6,2014,2012,-2
CAU_A01_2014_2018_inventory,CAU_A01_2014_laz_14.laz,T19_6,2014,2014,0
CAU_A01_2014_2018_inventory,CAU_A01_2012_laz_15.laz,T19_7,2014,2012,-2
CAU_A01_2014_2018_inventory,CAU_A01_2014_laz_14.laz,T19_7,2014,2014,0
CAU_A01_2014_2018_inventory,CAU_A01_2012_laz_15.laz,T19_8,2014,2012,-2
CAU_A01_2014_2018_inventory,CAU_A01_2014_laz_14.laz,T19_8,2014,2014,0
CAU_A01_2014_2018_inventory,CAU_A01_2012_laz_6.laz,T20_1,2014,2012,-2
CAU_A01_2014_2018_inventory,CAU_A01_2014_laz_7.laz,T20_1,2014,2014,0
CAU_A01_2014_2018_inventory,CAU_A01_2012_laz_6.laz,T20_2,2014,2012,-2
CAU_A01_2014_2018_inventory,CAU_A01_2014_laz_7.laz,T20_2,2014,2014,0
CAU_A01_2014_2018_inventory,CAU_A01_2012_laz_6.laz,T20_3,2014,2012,-2
CAU_A01_2014_2018_inventory,CAU_A01_2014_laz_7.laz,T20_3,2014,2014,0
CAU_A01_2014_2018_inventory,CAU_A01_2012_laz_6.laz,T20_4,2014,2012,-2
CAU_A01_2014_2018_inventory,CAU_A01_2014_laz_7.laz,T20_4,2014,2014,0
CAU_A01_2014_2018_inventory,CAU_A01_2012_laz_6.laz,T20_5,2014,2012,-2
CAU_A01_2014_2018_inventory,CAU_A01_2014_laz_7.laz,T20_5,2014,2014,0
CAU_A01_2014_2018_inventory,CAU_A01_2012_laz_6.laz,T20_6,2014,2012,-2
CAU_A01_2014_2018_inventory,CAU_A01_2014_laz_7.laz,T20_6,2014,2014,0
CAU_A01_2014_2018_inventory,CAU_A01_2012_laz_6.laz,T20_7,2014,2012,-2
CAU_A01_2014_2018_inventory,CAU_A01_2014_laz_7.laz,T20_7,2014,2014,0
CAU_A01_2014_2018_inventory,CAU_A01_2012_laz_6.laz,T20_8,2014,2012,-2
CAU_A01_2014_2018_inventory,CAU_A01_2014_laz_7.laz,T20_8,2014,2014,0
CAU_A01_2014_2018_inventory,CAU_A01_2012_laz_12.laz,T21_1,2014,2012,-2
CAU_A01_2014_2018_inventory,CAU_A01_2014_laz_13.laz,T21_1,2014,2014,0
CAU_A01_2014_2018_inventory,CAU_A01_2012_laz_12.laz,T21_2,2014,2012,-2
CAU_A01_2014_2018_inventory,CAU_A01_2014_laz_13.laz,T21_2,2014,2014,0
CAU_A01_2014_2018_inventory,CAU_A01_2012_laz_13.laz,T21_3,2014,2012,-2
CAU_A01_2014_2018_inventory,CAU_A01_2014_laz_12.laz,T21_3,2014,2014,0
CAU_A01_2014_2018_inventory,CAU_A01_2012_laz_13.laz,T21_4,2014,2012,-2
CAU_A01_2014_2018_inventory,CAU_A01_2014_laz_12.laz,T21_4,2014,2014,0
CAU_A01_2014_2018_inventory,CAU_A01_2012_laz_12.laz,T21_5,2014,2012,-2
CAU_A01_2014_2018_inventory,CAU_A01_2014_laz_13.laz,T21_5,2014,2014,0
CAU_A01_2014_2018_inventory,CAU_A01_2012_laz_12.laz,T21_6,2014,2012,-2
CAU_A01_2014_2018_inventory,CAU_A01_2014_laz_13.laz,T21_6,2014,2014,0
CAU_A01_2014_2018_inventory,CAU_A01_2012_laz_13.laz,T21_7,2014,2012,-2
CAU_A01_2014_2018_inventory,CAU_A01_2014_laz_12.laz,T21_7,2014,2014,0
CAU_A01_2014_2018_inventory,CAU_A01_2012_laz_13.laz,T21_8,2014,2012,-2
CAU_A01_2014_2018_inventory,CAU_A01_2014_laz_12.laz,T21_8,2014,2014,0
CAU_A01_2014_2018_inventory,CAU_A01_2012_laz_15.laz,T22_1,2014,2012,-2
CAU_A01_2014_2018_inventory,CAU_A01_2012_laz_6.laz,T22_1,2014,2012,-2
CAU_A01_2014_2018_inventory,CAU_A01_2014_laz_14.laz,T22_1,2014,2014,0
CAU_A01_2014_2018_inventory,CAU_A01_2014_laz_7.laz,T22_1,2014,2014,0
CAU_A01_2014_2018_inventory,CAU_A01_2012_laz_6.laz,T22_2,2014,2012,-2
CAU_A01_2014_2018_inventory,CAU_A01_2014_laz_7.laz,T22_2,2014,2014,0
CAU_A01_2014_2018_inventory,CAU_A01_2012_laz_15.laz,T22_3,2014,2012,-2
CAU_A01_2014_2018_inventory,CAU_A01_2014_laz_14.laz,T22_3,2014,2014,0
CAU_A01_2014_2018_inventory,CAU_A01_2012_laz_14.laz,T22_4,2014,2012,-2
CAU_A01_2014_2018_inventory,CAU_A01_2012_laz_15.laz,T22_4,2014,2012,-2
CAU_A01_2014_2018_inventory,CAU_A01_2014_laz_14.laz,T22_4,2014,2014,0
CAU_A01_2014_2018_inventory,CAU_A01_2014_laz_15.laz,T22_4,2014,2014,0
CAU_A01_2014_2018_inventory,CAU_A01_2012_laz_15.laz,T22_5,2014,2012,-2
CAU_A01_2014_2018_inventory,CAU_A01_2012_laz_6.laz,T22_5,2014,2012,-2
CAU_A01_2014_2018_inventory,CAU_A01_2014_laz_14.laz,T22_5,2014,2014,0
CAU_A01_2014_2018_inventory,CAU_A01_2014_laz_7.laz,T22_5,2014,2014,0
CAU_A01_2014_2018_inventory,CAU_A01_2012_laz_6.laz,T22_6,2014,2012,-2
CAU_A01_2014_2018_inventory,CAU_A01_2014_laz_7.laz,T22_6,2014,2014,0
CAU_A01_2014_2018_inventory,CAU_A01_2012_laz_15.laz,T22_7,2014,2012,-2
CAU_A01_2014_2018_inventory,CAU_A01_2014_laz_14.laz,T22_7,2014,2014,0
CAU_A01_2014_2018_inventory,CAU_A01_2012_laz_14.laz,T22_8,2014,2012,-2
CAU_A01_2014_2018_inventory,CAU_A01_2012_laz_15.laz,T22_8,2014,2012,-2
CAU_A01_2014_2018_inventory,CAU_A01_2014_laz_14.laz,T22_8,2014,2014,0
CAU_A01_2014_2018_inventory,CAU_A01_2014_laz_15.laz,T22_8,2014,2014,0
DUC_A01_2009_2011_inventory_plots,DUC_A01_2008_laz_8.laz,T01,2009,2008,-1
DUC_A01_2009_2011_inventory_plots,DUC_A01_2017_LAS_19.laz,T01,2009,2017,8
DUC_A01_2009_2011_inventory_plots,DUC_A01_2008_laz_13.laz,T02,2009,2008,-1
DUC_A01_2009_2011_inventory_plots,DUC_A01_2017_LAS_14.laz,T02,2009,2017,8
DUC_A01_2009_2011_inventory_plots,DUC_A01_2008_laz_9.laz,T03,2009,2008,-1
DUC_A01_2009_2011_inventory_plots,DUC_A01_2017_LAS_15.laz,T03,2009,2017,8
DUC_A01_2009_2011_inventory_plots,DUC_A01_2017_LAS_17.laz,T03,2009,2017,8
DUC_A01_2009_2011_inventory_plots,DUC_A01_2008_laz_3.laz,T04,2009,2008,-1
DUC_A01_2009_2011_inventory_plots,DUC_A01_2017_LAS_1.laz,T04,2009,2017,8
DUC_A01_2009_2011_inventory_plots,DUC_A01_2017_LAS_8.laz,T04,2009,2017,8
DUC_A01_2009_2011_inventory_plots,DUC_A01_2008_laz_6.laz,T05,2009,2008,-1
DUC_A01_2009_2011_inventory_plots,DUC_A01_2017_LAS_1.laz,T05,2009,2017,8
DUC_A01_2009_2011_inventory_plots,DUC_A01_2017_LAS_5.laz,T05,2009,2017,8
DUC_A01_2016_inventory_plots,DUC_A01_2008_laz_8.laz,P02,2016,2008,-8
DUC_A01_2016_inventory_plots,DUC_A01_2017_LAS_19.laz,P02,2016,2017,1
DUC_A01_2016_inventory_plots,DUC_A01_2008_laz_12.laz,P04,2016,2008,-8
DUC_A01_2016_inventory_plots,DUC_A01_2017_LAS_18.laz,P04,2016,2017,1
DUC_A01_2016_inventory_plots,DUC_A01_2008_laz_12.laz,P05,2016,2008,-8
DUC_A01_2016_inventory_plots,DUC_A01_2017_LAS_18.laz,P05,2016,2017,1
DUC_A01_2016_inventory_plots,DUC_A01_2008_laz_3.laz,P07,2016,2008,-8
DUC_A01_2016_inventory_plots,DUC_A01_2017_LAS_2.laz,P07,2016,2017,1
DUC_A01_2016_inventory_plots,DUC_A01_2008_laz_3.laz,P08,2016,2008,-8
DUC_A01_2016_inventory_plots,DUC_A01_2017_LAS_8.laz,P08,2016,2017,1
DUC_A01_2016_inventory_plots,DUC_A01_2008_laz_3.laz,P09,2016,2008,-8
DUC_A01_2016_inventory_plots,DUC_A01_2017_LAS_2.laz,P09,2016,2017,1
DUC_A01_2016_inventory_plots,DUC_A01_2008_laz_1.laz,P10,2016,2008,-8
DUC_A01_2016_inventory_plots,DUC_A01_2017_LAS_3.laz,P10,2016,2017,1
DUC_A01_2016_inventory_plots,DUC_A01_2008_laz_3.laz,P11,2016,2008,-8
DUC_A01_2016_inventory_plots,DUC_A01_2017_LAS_8.laz,P11,2016,2017,1
DUC_A01_2016_inventory_plots,DUC_A01_2008_laz_1.laz,P12,2016,2008,-8
DUC_A01_2016_inventory_plots,DUC_A01_2017_LAS_3.laz,P12,2016,2017,1
DUC_A01_2016_inventory_plots,DUC_A01_2008_laz_6.laz,P13,2016,2008,-8
DUC_A01_2016_inventory_plots,DUC_A01_2017_LAS_9.laz,P13,2016,2017,1
DUC_A01_2016_inventory_plots,DUC_A01_2008_laz_11.laz,P14,2016,2008,-8
DUC_A01_2016_inventory_plots,DUC_A01_2008_laz_6.laz,P14,2016,2008,-8
DUC_A01_2016_inventory_plots,DUC_A01_2017_LAS_9.laz,P14,2016,2017,1
DUC_A01_2016_inventory_plots,DUC_A01_2008_laz_6.laz,P15,2016,2008,-8
DUC_A01_2016_inventory_plots,DUC_A01_2017_LAS_9.laz,P15,2016,2017,1
DUC_A01_2016_inventory_plots,DUC_A01_2008_laz_11.laz,P16,2016,2008,-8
DUC_A01_2016_inventory_plots,DUC_A01_2017_LAS_10.laz,P16,2016,2017,1
DUC_A01_2016_inventory_plots,DUC_A01_2008_laz_6.laz,P17,2016,2008,-8
DUC_A01_2016_inventory_plots,DUC_A01_2017_LAS_1.laz,P17,2016,2017,1
DUC_A01_2016_inventory_plots,DUC_A01_2008_laz_6.laz,P18,2016,2008,-8
DUC_A01_2016_inventory_plots,DUC_A01_2017_LAS_1.laz,P18,2016,2017,1
DUC_A01_2016_inventory_plots,DUC_A01_2017_LAS_5.laz,P18,2016,2017,1
DUC_A01_2016_inventory_plots,DUC_A01_2008_laz_11.laz,P19,2016,2008,-8
DUC_A01_2016_inventory_plots,DUC_A01_2017_LAS_10.laz,P19,2016,2017,1
DUC_A01_2016_inventory_plots,DUC_A01_2008_laz_8.laz,P20,2016,2008,-8
DUC_A01_2016_inventory_plots,DUC_A01_2017_LAS_19.laz,P20,2016,2017,1
FNA_A01_2013_inventory_plots,FNA_A01_2013_laz_17.laz,T01_1,2013,2013,0
FNA_A01_2013_inventory_plots,FNA_A01_2018_LAS_3.laz,T01_1,2013,2018,5
FNA_A01_2013_inventory_plots,FNA_A01_2013_laz_17.laz,T01_2,2013,2013,0
FNA_A01_2013_inventory_plots,FNA_A01_2018_LAS_3.laz,T01_2,2013,2018,5
FNA_A01_2013_inventory_plots,FNA_A01_2013_laz_17.laz,T01_3,2013,2013,0
FNA_A01_2013_inventory_plots,FNA_A01_2018_LAS_3.laz,T01_3,2013,2018,5
FNA_A01_2013_inventory_plots,FNA_A01_2013_laz_17.laz,T01_4,2013,2013,0
FNA_A01_2013_inventory_plots,FNA_A01_2018_LAS_3.laz,T01_4,2013,2018,5
FNA_A01_2013_inventory_plots,FNA_A01_2013_laz_17.laz,T02_1,2013,2013,0
FNA_A01_2013_inventory_plots,FNA_A01_2018_LAS_10.laz,T02_1,2013,2018,5
FNA_A01_2013_inventory_plots,FNA_A01_2018_LAS_3.laz,T02_1,2013,2018,5
FNA_A01_2013_inventory_plots,FNA_A01_2013_laz_17.laz,T02_2,2013,2013,0
FNA_A01_2013_inventory_plots,FNA_A01_2018_LAS_3.laz,T02_2,2013,2018,5
FNA_A01_2013_inventory_plots,FNA_A01_2013_laz_17.laz,T02_3,2013,2013,0
FNA_A01_2013_inventory_plots,FNA_A01_2018_LAS_3.laz,T02_3,2013,2018,5
FNA_A01_2013_inventory_plots,FNA_A01_2013_laz_17.laz,T02_4,2013,2013,0
FNA_A01_2013_inventory_plots,FNA_A01_2018_LAS_3.laz,T02_4,2013,2018,5
FNA_A01_2013_inventory_plots,FNA_A01_2013_laz_17.laz,T03_1,2013,2013,0
FNA_A01_2013_inventory_plots,FNA_A01_2018_LAS_11.laz,T03_1,2013,2018,5
FNA_A01_2013_inventory_plots,FNA_A01_2018_LAS_4.laz,T03_1,2013,2018,5
FNA_A01_2013_inventory_plots,FNA_A01_2013_laz_17.laz,T03_2,2013,2013,0
FNA_A01_2013_inventory_plots,FNA_A01_2018_LAS_11.laz,T03_2,2013,2018,5
FNA_A01_2013_inventory_plots,FNA_A01_2013_laz_17.laz,T03_3,2013,2013,0
FNA_A01_2013_inventory_plots,FNA_A01_2018_LAS_11.laz,T03_3,2013,2018,5
FNA_A01_2013_inventory_plots,FNA_A01_2013_laz_17.laz,T03_4,2013,2013,0
FNA_A01_2013_inventory_plots,FNA_A01_2018_LAS_11.laz,T03_4,2013,2018,5
FNA_A01_2013_inventory_plots,FNA_A01_2013_laz_17.laz,T04_1,2013,2013,0
FNA_A01_2013_inventory_plots,FNA_A01_2013_laz_7.laz,T04_1,2013,2013,0
FNA_A01_2013_inventory_plots,FNA_A01_2018_LAS_4.laz,T04_1,2013,2018,5
FNA_A01_2013_inventory_plots,FNA_A01_2013_laz_17.laz,T04_2,2013,2013,0
FNA_A01_2013_inventory_plots,FNA_A01_2018_LAS_11.laz,T04_2,2013,2018,5
FNA_A01_2013_inventory_plots,FNA_A01_2013_laz_17.laz,T04_3,2013,2013,0
FNA_A01_2013_inventory_plots,FNA_A01_2018_LAS_11.laz,T04_3,2013,2018,5
FNA_A01_2013_inventory_plots,FNA_A01_2013_laz_17.laz,T04_4,2013,2013,0
FNA_A01_2013_inventory_plots,FNA_A01_2013_laz_18.laz,T04_4,2013,2013,0
FNA_A01_2013_inventory_plots,FNA_A01_2018_LAS_11.laz,T04_4,2013,2018,5
FNA_A01_2013_inventory_plots,FNA_A01_2013_laz_18.laz,T05_1,2013,2013,0
FNA_A01_2013_inventory_plots,FNA_A01_2013_laz_5.laz,T05_1,2013,2013,0
FNA_A01_2013_inventory_plots,FNA_A01_2018_LAS_4.laz,T05_1,2013,2018,5
FNA_A01_2013_inventory_plots,FNA_A01_2013_laz_18.laz,T05_2,2013,2013,0
FNA_A01_2013_inventory_plots,FNA_A01_2018_LAS_11.laz,T05_2,2013,2018,5
FNA_A01_2013_inventory_plots,FNA_A01_2013_laz_18.laz,T05_3,2013,2013,0
FNA_A01_2013_inventory_plots,FNA_A01_2018_LAS_11.laz,T05_3,2013,2018,5
FNA_A01_2013_inventory_plots,FNA_A01_2013_laz_18.laz,T05_4,2013,2013,0
FNA_A01_2013_inventory_plots,FNA_A01_2018_LAS_11.laz,T05_4,2013,2018,5
FN_A01_2015_inventory_plots,FND_A01_2017_las_3.laz,1,2015,2017,2
FST_A01_2013_inventory_plots,FST_A01_2013_laz_12.laz,1_1,2013,2013,0
FST_A01_2013_inventory_plots,FST_A01a_2014_laz_5.laz,1_1,2013,2014,1
FST_A01_2013_inventory_plots,FST_A01a_2015_laz_4.laz,1_1,2013,2015,2
FST_A01_2013_inventory_plots,FST_A01_2013_laz_6.laz,1_10,2013,2013,0
FST_A01_2013_inventory_plots,FST_A01a_2014_laz_0.laz,1_10,2013,2014,1
FST_A01_2013_inventory_plots,FST_A01a_2015_laz_2.laz,1_10,2013,2015,2
FST_A01_2013_inventory_plots,FST_A01_2013_laz_7.laz,1_2,2013,2013,0
FST_A01_2013_inventory_plots,FST_A01b_2014_laz_2.laz,1_2,2013,2014,1
FST_A01_2013_inventory_plots,FST_A01_2013_laz_6.laz,1_3,2013,2013,0
FST_A01_2013_inventory_plots,FST_A01a_2014_laz_0.laz,1_3,2013,2014,1
FST_A01_2013_inventory_plots,FST_A01a_2015_laz_2.laz,1_3,2013,2015,2
FST_A01_2013_inventory_plots,FST_A01_2013_laz_16.laz,1_4,2013,2013,0
FST_A01_2013_inventory_plots,FST_A01a_2014_laz_3.laz,1_4,2013,2014,1
FST_A01_2013_inventory_plots,FST_A01a_2015_laz_0.laz,1_4,2013,2015,2
FST_A01_2013_inventory_plots,FST_A01_2013_laz_18.laz,1_5,2013,2013,0
FST_A01_2013_inventory_plots,FST_A01b_2014_laz_1.laz,1_5,2013,2014,1
FST_A01_2013_inventory_plots,FST_A01_2013_laz_7.laz,1_6,2013,2013,0
FST_A01_2013_inventory_plots,FST_A01b_2014_laz_2.laz,1_6,2013,2014,1
FST_A01_2013_inventory_plots,FST_A01_2013_laz_18.laz,1_7,2013,2013,0
FST_A01_2013_inventory_plots,FST_A01b_2014_laz_1.laz,1_7,2013,2014,1
FST_A01_2013_inventory_plots,FST_A01_2013_laz_16.laz,1_8,2013,2013,0
FST_A01_2013_inventory_plots,FST_A01a_2014_laz_3.laz,1_8,2013,2014,1
FST_A01_2013_inventory_plots,FST_A01a_2015_laz_0.laz,1_8,2013,2015,2
FST_A01_2013_inventory_plots,FST_A01_2013_laz_12.laz,1_9,2013,2013,0
FST_A01_2013_inventory_plots,FST_A01a_2014_laz_5.laz,1_9,2013,2014,1
FST_A01_2013_inventory_plots,FST_A01a_2015_laz_4.laz,1_9,2013,2015,2
FST_A01_2013_inventory_plots,FST_A01_2013_laz_18.laz,2_1,2013,2013,0
FST_A01_2013_inventory_plots,FST_A01b_2014_laz_1.laz,2_1,2013,2014,1
FST_A01_2013_inventory_plots,FST_A01_2013_laz_6.laz,2_10,2013,2013,0
FST_A01_2013_inventory_plots,FST_A01a_2014_laz_0.laz,2_10,2013,2014,1
FST_A01_2013_inventory_plots,FST_A01a_2015_laz_2.laz,2_10,2013,2015,2
FST_A01_2013_inventory_plots,FST_A01_2013_laz_7.laz,2_2,2013,2013,0
FST_A01_2013_inventory_plots,FST_A01b_2014_laz_2.laz,2_2,2013,2014,1
FST_A01_2013_inventory_plots,FST_A01_2013_laz_6.laz,2_3,2013,2013,0
FST_A01_2013_inventory_plots,FST_A01a_2014_laz_0.laz,2_3,2013,2014,1
FST_A01_2013_inventory_plots,FST_A01a_2015_laz_2.laz,2_3,2013,2015,2
FST_A01_2013_inventory_plots,FST_A01_2013_laz_12.laz,2_4,2013,2013,0
FST_A01_2013_inventory_plots,FST_A01_2013_laz_6.laz,2_4,2013,2013,0
FST_A01_2013_inventory_plots,FST_A01a_2014_laz_0.laz,2_4,2013,2014,1
FST_A01_2013_inventory_plots,FST_A01a_2014_laz_5.laz,2_4,2013,2014,1
FST_A01_2013_inventory_plots,FST_A01a_2015_laz_2.laz,2_4,2013,2015,2
FST_A01_2013_inventory_plots,FST_A01a_2015_laz_4.laz,2_4,2013,2015,2
FST_A01_2013_inventory_plots,FST_A01_2013_laz_16.laz,2_5,2013,2013,0
FST_A01_2013_inventory_plots,FST_A01a_2014_laz_3.laz,2_5,2013,2014,1
FST_A01_2013_inventory_plots,FST_A01a_2015_laz_0.laz,2_5,2013,2015,2
FST_A01_2013_inventory_plots,FST_A01_2013_laz_7.laz,2_6,2013,2013,0
FST_A01_2013_inventory_plots,FST_A01b_2014_laz_2.laz,2_6,2013,2014,1
FST_A01_2013_inventory_plots,FST_A01_2013_laz_18.laz,2_7,2013,2013,0
FST_A01_2013_inventory_plots,FST_A01b_2014_laz_1.laz,2_7,2013,2014,1
FST_A01_2013_inventory_plots,FST_A01_2013_laz_16.laz,2_8,2013,2013,0
FST_A01_2013_inventory_plots,FST_A01a_2014_laz_3.laz,2_8,2013,2014,1
FST_A01_2013_inventory_plots,FST_A01a_2015_laz_0.laz,2_8,2013,2015,2
FST_A01_2013_inventory_plots,FST_A01_2013_laz_12.laz,2_9,2013,2013,0
FST_A01_2013_inventory_plots,FST_A01_2013_laz_6.laz,2_9,2013,2013,0
FST_A01_2013_inventory_plots,FST_A01a_2014_laz_0.laz,2_9,2013,2014,1
FST_A01_2013_inventory_plots,FST_A01a_2014_laz_5.laz,2_9,2013,2014,1
FST_A01_2013_inventory_plots,FST_A01a_2015_laz_2.laz,2_9,2013,2015,2
FST_A01_2013_inventory_plots,FST_A01a_2015_laz_4.laz,2_9,2013,2015,2
FST_A01_2013_inventory_plots,FST_A01_2013_laz_17.laz,3_1,2013,2013,0
FST_A01_2013_inventory_plots,FST_A01_2013_laz_18.laz,3_1,2013,2013,0
FST_A01_2013_inventory_plots,FST_A01b_2014_laz_1.laz,3_1,2013,2014,1
FST_A01_2013_inventory_plots,FST_A01b_2014_laz_5.laz,3_1,2013,2014,1
FST_A01_2013_inventory_plots,FST_A01_2013_laz_6.laz,3_10,2013,2013,0
FST_A01_2013_inventory_plots,FST_A01a_2014_laz_0.laz,3_10,2013,2014,1
FST_A01_2013_inventory_plots,FST_A01a_2015_laz_2.laz,3_10,2013,2015,2
FST_A01_2013_inventory_plots,FST_A01_2013_laz_7.laz,3_2,2013,2013,0
FST_A01_2013_inventory_plots,FST_A01b_2014_laz_2.laz,3_2,2013,2014,1
FST_A01_2013_inventory_plots,FST_A01_2013_laz_6.laz,3_3,2013,2013,0
FST_A01_2013_inventory_plots,FST_A01a_2014_laz_0.laz,3_3,2013,2014,1
FST_A01_2013_inventory_plots,FST_A01a_2015_laz_2.laz,3_3,2013,2015,2
FST_A01_2013_inventory_plots,FST_A01_2013_laz_6.laz,3_4,2013,2013,0
FST_A01_2013_inventory_plots,FST_A01a_2014_laz_0.laz,3_4,2013,2014,1
FST_A01_2013_inventory_plots,FST_A01a_2015_laz_2.laz,3_4,2013,2015,2
FST_A01_2013_inventory_plots,FST_A01_2013_laz_16.laz,3_5,2013,2013,0
FST_A01_2013_inventory_plots,FST_A01a_2014_laz_3.laz,3_5,2013,2014,1
FST_A01_2013_inventory_plots,FST_A01a_2015_laz_0.laz,3_5,2013,2015,2
FST_A01_2013_inventory_plots,FST_A01_2013_laz_7.laz,3_6,2013,2013,0
FST_A01_2013_inventory_plots,FST_A01b_2014_laz_2.laz,3_6,2013,2014,1
FST_A01_2013_inventory_plots,FST_A01_2013_laz_17.laz,3_7,2013,2013,0
FST_A01_2013_inventory_plots,FST_A01_2013_laz_18.laz,3_7,2013,2013,0
FST_A01_2013_inventory_plots,FST_A01b_2014_laz_1.laz,3_7,2013,2014,1
FST_A01_2013_inventory_plots,FST_A01b_2014_laz_5.laz,3_7,2013,2014,1
FST_A01_2013_inventory_plots,FST_A01_2013_laz_16.laz,3_8,2013,2013,0
FST_A01_2013_inventory_plots,FST_A01a_2014_laz_3.laz,3_8,2013,2014,1
FST_A01_2013_inventory_plots,FST_A01a_2015_laz_0.laz,3_8,2013,2015,2
FST_A01_2013_inventory_plots,FST_A01_2013_laz_6.laz,3_9,2013,2013,0
FST_A01_2013_inventory_plots,FST_A01a_2014_laz_0.laz,3_9,2013,2014,1
FST_A01_2013_inventory_plots,FST_A01a_2015_laz_2.laz,3_9,2013,2015,2
FST_A01_2013_inventory_plots,FST_A01_2013_laz_6.laz,4_1,2013,2013,0
FST_A01_2013_inventory_plots,FST_A01a_2014_laz_0.laz,4_1,2013,2014,1
FST_A01_2013_inventory_plots,FST_A01a_2015_laz_2.laz,4_1,2013,2015,2
FST_A01_2013_inventory_plots,FST_A01_2013_laz_6.laz,4_10,2013,2013,0
FST_A01_2013_inventory_plots,FST_A01a_2014_laz_0.laz,4_10,2013,2014,1
FST_A01_2013_inventory_plots,FST_A01a_2015_laz_2.laz,4_10,2013,2015,2
FST_A01_2013_inventory_plots,FST_A01_2013_laz_17.laz,4_2,2013,2013,0
FST_A01_2013_inventory_plots,FST_A01b_2014_laz_5.laz,4_2,2013,2014,1
FST_A01_2013_inventory_plots,FST_A01_2013_laz_7.laz,4_3,2013,2013,0
FST_A01_2013_inventory_plots,FST_A01b_2014_laz_2.laz,4_3,2013,2014,1
FST_A01_2013_inventory_plots,FST_A01_2013_laz_6.laz,4_4,2013,2013,0
FST_A01_2013_inventory_plots,FST_A01a_2014_laz_0.laz,4_4,2013,2014,1
FST_A01_2013_inventory_plots,FST_A01a_2015_laz_2.laz,4_4,2013,2015,2
FST_A01_2013_inventory_plots,FST_A01_2013_laz_15.laz,4_5,2013,2013,0
FST_A01_2013_inventory_plots,FST_A01a_2014_laz_2.laz,4_5,2013,2014,1
FST_A01_2013_inventory_plots,FST_A01a_2015_laz_1.laz,4_5,2013,2015,2
FST_A01_2013_inventory_plots,FST_A01_2013_laz_7.laz,4_6,2013,2013,0
FST_A01_2013_inventory_plots,FST_A01b_2014_laz_2.laz,4_6,2013,2014,1
FST_A01_2013_inventory_plots,FST_A01_2013_laz_17.laz,4_7,2013,2013,0
FST_A01_2013_inventory_plots,FST_A01b_2014_laz_5.laz,4_7,2013,2014,1
FST_A01_2013_inventory_plots,FST_A01_2013_laz_15.laz,4_8,2013,2013,0
FST_A01_2013_inventory_plots,FST_A01a_2014_laz_2.laz,4_8,2013,2014,1
FST_A01_2013_inventory_plots,FST_A01a_2015_laz_1.laz,4_8,2013,2015,2
FST_A01_2013_inventory_plots,FST_A01_2013_laz_6.laz,4_9,2013,2013,0
FST_A01_2013_inventory_plots,FST_A01_2013_laz_8.laz,4_9,2013,2013,0
FST_A01_2013_inventory_plots,FST_A01a_2014_laz_0.laz,4_9,2013,2014,1
FST_A01_2013_inventory_plots,FST_A01a_2014_laz_4.laz,4_9,2013,2014,1
FST_A01_2013_inventory_plots,FST_A01a_2015_laz_2.laz,4_9,2013,2015,2
FST_A01_2013_inventory_plots,FST_A01a_2015_laz_5.laz,4_9,2013,2015,2
HUM_A01_2014_inventory_plots,HUM_A01_2013_laz_7.laz,1,2014,2013,-1
HUM_A01_2014_inventory_plots,HUM_A01_2018_LAS_6.laz,1,2014,2018,4
HUM_A01_2014_inventory_plots,HUM_A01_2013_laz_1.laz,10,2014,2013,-1
HUM_A01_2014_inventory_plots,HUM_A01_2013_laz_2.laz,10,2014,2013,-1
HUM_A01_2014_inventory_plots,HUM_A01_2018_LAS_9.laz,10,2014,2018,4
HUM_A01_2014_inventory_plots,HUM_A01_2013_laz_7.laz,11,2014,2013,-1
HUM_A01_2014_inventory_plots,HUM_A01_2018_LAS_6.laz,11,2014,2018,4
HUM_A01_2014_inventory_plots,HUM_A01_2013_laz_7.laz,12,2014,2013,-1
HUM_A01_2014_inventory_plots,HUM_A01_2018_LAS_6.laz,12,2014,2018,4
HUM_A01_2014_inventory_plots,HUM_A01_2013_laz_7.laz,13,2014,2013,-1
HUM_A01_2014_inventory_plots,HUM_A01_2018_LAS_6.laz,13,2014,2018,4
HUM_A01_2014_inventory_plots,HUM_A01_2013_laz_7.laz,14,2014,2013,-1
HUM_A01_2014_inventory_plots,HUM_A01_2018_LAS_6.laz,14,2014,2018,4
HUM_A01_2014_inventory_plots,HUM_A01_2013_laz_7.laz,15,2014,2013,-1
HUM_A01_2014_inventory_plots,HUM_A01_2018_LAS_6.laz,15,2014,2018,4
HUM_A01_2014_inventory_plots,HUM_A01_2013_laz_2.laz,16,2014,2013,-1
HUM_A01_2014_inventory_plots,HUM_A01_2018_LAS_4.laz,16,2014,2018,4
HUM_A01_2014_inventory_plots,HUM_A01_2013_laz_1.laz,17,2014,2013,-1
HUM_A01_2014_inventory_plots,HUM_A01_2018_LAS_4.laz,17,2014,2018,4
HUM_A01_2014_inventory_plots,HUM_A01_2013_laz_2.laz,18,2014,2013,-1
HUM_A01_2014_inventory_plots,HUM_A01_2018_LAS_9.laz,18,2014,2018,4
HUM_A01_2014_inventory_plots,HUM_A01_2013_laz_2.laz,19,2014,2013,-1
HUM_A01_2014_inventory_plots,HUM_A01_2018_LAS_2.laz,19,2014,2018,4
HUM_A01_2014_inventory_plots,HUM_A01_2018_LAS_9.laz,19,2014,2018,4
HUM_A01_2014_inventory_plots,HUM_A01_2013_laz_7.laz,2,2014,2013,-1
HUM_A01_2014_inventory_plots,HUM_A01_2018_LAS_6.laz,2,2014,2018,4
HUM_A01_2014_inventory_plots,HUM_A01_2013_laz_1.laz,20,2014,2013,-1
HUM_A01_2014_inventory_plots,HUM_A01_2018_LAS_9.laz,20,2014,2018,4
HUM_A01_2014_inventory_plots,HUM_A01_2013_laz_7.laz,3,2014,2013,-1
HUM_A01_2014_inventory_plots,HUM_A01_2018_LAS_6.laz,3,2014,2018,4
HUM_A01_2014_inventory_plots,HUM_A01_2013_laz_7.laz,4,2014,2013,-1
HUM_A01_2014_inventory_plots,HUM_A01_2018_LAS_6.laz,4,2014,2018,4
HUM_A01_2014_inventory_plots,HUM_A01_2013_laz_7.laz,5,2014,2013,-1
HUM_A01_2014_inventory_plots,HUM_A01_2018_LAS_6.laz,5,2014,2018,4
HUM_A01_2014_inventory_plots,HUM_A01_2013_laz_2.laz,6,2014,2013,-1
HUM_A01_2014_inventory_plots,HUM_A01_2018_LAS_4.laz,6,2014,2018,4
HUM_A01_2014_inventory_plots,HUM_A01_2013_laz_1.laz,7,2014,2013,-1
HUM_A01_2014_inventory_plots,HUM_A01_2018_LAS_4.laz,7,2014,2018,4
HUM_A01_2014_inventory_plots,HUM_A01_2013_laz_2.laz,8,2014,2013,-1
HUM_A01_2014_inventory_plots,HUM_A01_2018_LAS_9.laz,8,2014,2018,4
HUM_A01_2014_inventory_plots,HUM_A01_2013_laz_2.laz,9,2014,2013,-1
HUM_A01_2014_inventory_plots,HUM_A01_2018_LAS_2.laz,9,2014,2018,4
HUM_A01_2014_inventory_plots,HUM_A01_2018_LAS_9.laz,9,2014,2018,4
JAM_A01_2011_inventory_plots,JAM_A01_2011_laz_5.laz,T07,2011,2011,0
JAM_A01_2011_inventory_plots,JAM_A01_2011_laz_8.laz,T07,2011,2011,0
JAM_A01_2011_inventory_plots,JAM_A01_2011_laz_5.laz,T08,2011,2011,0
JAM_A01_2011_inventory_plots,JAM_A01_2011_laz_8.laz,T08,2011,2011,0
JAM_A02_2011_inventory_plots,JAM_A02_2015_laz_10.laz,T01,2011,2015,4
JAM_A02_2011_inventory_plots,JAM_A02a_2014_laz_6.laz,T01,2011,2014,3
JAM_A02_2011_inventory_plots,JAM_A02_2011_laz_5.laz,T02,2011,2011,0
JAM_A02_2011_inventory_plots,JAM_A02_2011_laz_6.laz,T02,2011,2011,0
JAM_A02_2011_inventory_plots,JAM_A02_2013_laz_0.laz,T02,2011,2013,2
JAM_A02_2011_inventory_plots,JAM_A02_2013_laz_9.laz,T02,2011,2013,2
JAM_A02_2011_inventory_plots,JAM_A02_2015_laz_10.laz,T02,2011,2015,4
JAM_A02_2011_inventory_plots,JAM_A02_2015_laz_15.laz,T02,2011,2015,4
JAM_A02_2011_inventory_plots,JAM_A02a_2014_laz_6.laz,T02,2011,2014,3
JAM_A02_2011_inventory_plots,JAM_A02a_2014_laz_9.laz,T02,2011,2014,3
JAM_A02_2011_inventory_plots,JAM_A02_2011_laz_1.laz,T04,2011,2011,0
JAM_A02_2011_inventory_plots,JAM_A02_2011_laz_3.laz,T04,2011,2011,0
JAM_A02_2011_inventory_plots,JAM_A02_2013_laz_5.laz,T04,2011,2013,2
JAM_A02_2011_inventory_plots,JAM_A02_2013_laz_7.laz,T04,2011,2013,2
JAM_A02_2011_inventory_plots,JAM_A02_2015_laz_14.laz,T04,2011,2015,4
JAM_A02_2011_inventory_plots,JAM_A02_2015_laz_3.laz,T04,2011,2015,4
JAM_A02_2011_inventory_plots,JAM_A02_2011_laz_7.laz,T05,2011,2011,0
JAM_A02_2011_inventory_plots,JAM_A02_2011_laz_9.laz,T05,2011,2011,0
JAM_A02_2011_inventory_plots,JAM_A02_2013_laz_1.laz,T05,2011,2013,2
JAM_A02_2011_inventory_plots,JAM_A02_2013_laz_3.laz,T05,2011,2013,2
JAM_A02_2011_inventory_plots,JAM_A02_2015_laz_6.laz,T05,2011,2015,4
JAM_A02_2011_inventory_plots,JAM_A02_2015_laz_8.laz,T05,2011,2015,4
JAM_A02_2011_inventory_plots,JAM_A02b_2014_laz_2.laz,T05,2011,2014,3
JAM_A02_2011_inventory_plots,JAM_A02b_2014_laz_6.laz,T05,2011,2014,3
JAM_A02_2011_inventory_plots,JAM_A02_2011_laz_0.laz,T06,2011,2011,0
JAM_A02_2011_inventory_plots,JAM_A02_2011_laz_2.laz,T06,2011,2011,0
JAM_A02_2011_inventory_plots,JAM_A02_2013_laz_4.laz,T06,2011,2013,2
JAM_A02_2011_inventory_plots,JAM_A02_2013_laz_6.laz,T06,2011,2013,2
JAM_A02_2011_inventory_plots,JAM_A02_2015_laz_7.laz,T06,2011,2015,4
JAM_A02_2011_inventory_plots,JAM_A02_2015_laz_9.laz,T06,2011,2015,4
JAM_A02_2011_inventory_plots,JAM_A02b_2014_laz_0.laz,T06,2011,2014,3
JAM_A02_2011_inventory_plots,JAM_A02b_2014_laz_9.laz,T06,2011,2014,3
JAM_A02_2013_inventory_plots,JAM_A02_2011_laz_0.laz,0,2013,2011,-2
JAM_A02_2013_inventory_plots,JAM_A02_2013_laz_4.laz,0,2013,2013,0
JAM_A02_2013_inventory_plots,JAM_A02_2015_laz_7.laz,0,2013,2015,2
JAM_A02_2013_inventory_plots,JAM_A02b_2014_laz_0.laz,0,2013,2014,1
JAM_A02_2013_inventory_plots,JAM_A02_2011_laz_0.laz,1,2013,2011,-2
JAM_A02_2013_inventory_plots,JAM_A02_2013_laz_4.laz,1,2013,2013,0
JAM_A02_2013_inventory_plots,JAM_A02_2015_laz_7.laz,1,2013,2015,2
JAM_A02_2013_inventory_plots,JAM_A02b_2014_laz_0.laz,1,2013,2014,1
JAM_A02_2013_inventory_plots,JAM_A02_2011_laz_1.laz,10,2013,2011,-2
JAM_A02_2013_inventory_plots,JAM_A02_2013_laz_5.laz,10,2013,2013,0
JAM_A02_2013_inventory_plots,JAM_A02_2015_laz_3.laz,10,2013,2015,2
JAM_A02_2013_inventory_plots,JAM_A02_2011_laz_1.laz,11,2013,2011,-2
JAM_A02_2013_inventory_plots,JAM_A02_2011_laz_8.laz,11,2013,2011,-2
JAM_A02_2013_inventory_plots,JAM_A02_2013_laz_2.laz,11,2013,2013,0
JAM_A02_2013_inventory_plots,JAM_A02_2013_laz_5.laz,11,2013,2013,0
JAM_A02_2013_inventory_plots,JAM_A02_2015_laz_0.laz,11,2013,2015,2
JAM_A02_2013_inventory_plots,JAM_A02_2015_laz_3.laz,11,2013,2015,2
JAM_A02_2013_inventory_plots,JAM_A02_2011_laz_6.laz,13,2013,2011,-2
JAM_A02_2013_inventory_plots,JAM_A02_2013_laz_0.laz,13,2013,2013,0
JAM_A02_2013_inventory_plots,JAM_A02_2015_laz_15.laz,13,2013,2015,2
JAM_A02_2013_inventory_plots,JAM_A02a_2014_laz_9.laz,13,2013,2014,1
JAM_A02_2013_inventory_plots,JAM_A02_2011_laz_5.laz,15,2013,2011,-2
JAM_A02_2013_inventory_plots,JAM_A02_2013_laz_9.laz,15,2013,2013,0
JAM_A02_2013_inventory_plots,JAM_A02_2015_laz_10.laz,15,2013,2015,2
JAM_A02_2013_inventory_plots,JAM_A02a_2014_laz_6.laz,15,2013,2014,1
JAM_A02_2013_inventory_plots,JAM_A02_2011_laz_5.laz,17,2013,2011,-2
JAM_A02_2013_inventory_plots,JAM_A02_2013_laz_9.laz,17,2013,2013,0
JAM_A02_2013_inventory_plots,JAM_A02_2015_laz_10.laz,17,2013,2015,2
JAM_A02_2013_inventory_plots,JAM_A02a_2014_laz_6.laz,17,2013,2014,1
JAM_A02_2013_inventory_plots,JAM_A02_2011_laz_5.laz,18,2013,2011,-2
JAM_A02_2013_inventory_plots,JAM_A02_2013_laz_9.laz,18,2013,2013,0
JAM_A02_2013_inventory_plots,JAM_A02_2015_laz_10.laz,18,2013,2015,2
JAM_A02_2013_inventory_plots,JAM_A02a_2014_laz_6.laz,18,2013,2014,1
JAM_A02_2013_inventory_plots,JAM_A02_2011_laz_2.laz,2,2013,2011,-2
JAM_A02_2013_inventory_plots,JAM_A02_2013_laz_6.laz,2,2013,2013,0
JAM_A02_2013_inventory_plots,JAM_A02_2015_laz_9.laz,2,2013,2015,2
JAM_A02_2013_inventory_plots,JAM_A02b_2014_laz_9.laz,2,2013,2014,1
JAM_A02_2013_inventory_plots,JAM_A02_2011_laz_5.laz,20,2013,2011,-2
JAM_A02_2013_inventory_plots,JAM_A02_2013_laz_9.laz,20,2013,2013,0
JAM_A02_2013_inventory_plots,JAM_A02_2015_laz_10.laz,20,2013,2015,2
JAM_A02_2013_inventory_plots,JAM_A02a_2014_laz_6.laz,20,2013,2014,1
JAM_A02_2013_inventory_plots,JAM_A02_2011_laz_5.laz,21,2013,2011,-2
JAM_A02_2013_inventory_plots,JAM_A02_2013_laz_9.laz,21,2013,2013,0
JAM_A02_2013_inventory_plots,JAM_A02_2015_laz_10.laz,21,2013,2015,2
JAM_A02_2013_inventory_plots,JAM_A02a_2014_laz_6.laz,21,2013,2014,1
JAM_A02_2013_inventory_plots,JAM_A02_2011_laz_5.laz,22,2013,2011,-2
JAM_A02_2013_inventory_plots,JAM_A02_2013_laz_9.laz,22,2013,2013,0
JAM_A02_2013_inventory_plots,JAM_A02_2015_laz_10.laz,22,2013,2015,2
JAM_A02_2013_inventory_plots,JAM_A02a_2014_laz_6.laz,22,2013,2014,1
JAM_A02_2013_inventory_plots,JAM_A02_2015_laz_10.laz,23,2013,2015,2
JAM_A02_2013_inventory_plots,JAM_A02a_2014_laz_6.laz,23,2013,2014,1
JAM_A02_2013_inventory_plots,JAM_A02_2015_laz_10.laz,24,2013,2015,2
JAM_A02_2013_inventory_plots,JAM_A02a_2014_laz_6.laz,24,2013,2014,1
JAM_A02_2013_inventory_plots,JAM_A02_2011_laz_5.laz,25,2013,2011,-2
JAM_A02_2013_inventory_plots,JAM_A02_2013_laz_9.laz,25,2013,2013,0
JAM_A02_2013_inventory_plots,JAM_A02_2015_laz_10.laz,25,2013,2015,2
JAM_A02_2013_inventory_plots,JAM_A02a_2014_laz_6.laz,25,2013,2014,1
JAM_A02_2013_inventory_plots,JAM_A02_2011_laz_5.laz,26,2013,2011,-2
JAM_A02_2013_inventory_plots,JAM_A02_2013_laz_9.laz,26,2013,2013,0
JAM_A02_2013_inventory_plots,JAM_A02_2015_laz_10.laz,26,2013,2015,2
JAM_A02_2013_inventory_plots,JAM_A02a_2014_laz_6.laz,26,2013,2014,1
JAM_A02_2013_inventory_plots,JAM_A02_2011_laz_5.laz,27,2013,2011,-2
JAM_A02_2013_inventory_plots,JAM_A02_2013_laz_9.laz,27,2013,2013,0
JAM_A02_2013_inventory_plots,JAM_A02_2015_laz_10.laz,27,2013,2015,2
JAM_A02_2013_inventory_plots,JAM_A02a_2014_laz_6.laz,27,2013,2014,1
JAM_A02_2013_inventory_plots,JAM_A02_2011_laz_5.laz,28,2013,2011,-2
JAM_A02_2013_inventory_plots,JAM_A02_2013_laz_9.laz,28,2013,2013,0
JAM_A02_2013_inventory_plots,JAM_A02_2015_laz_10.laz,28,2013,2015,2
JAM_A02_2013_inventory_plots,JAM_A02a_2014_laz_6.laz,28,2013,2014,1
JAM_A02_2013_inventory_plots,JAM_A02_2011_laz_2.laz,3,2013,2011,-2
JAM_A02_2013_inventory_plots,JAM_A02_2013_laz_6.laz,3,2013,2013,0
JAM_A02_2013_inventory_plots,JAM_A02_2015_laz_9.laz,3,2013,2015,2
JAM_A02_2013_inventory_plots,JAM_A02b_2014_laz_9.laz,3,2013,2014,1
JAM_A02_2013_inventory_plots,JAM_A02_2011_laz_3.laz,30,2013,2011,-2
JAM_A02_2013_inventory_plots,JAM_A02_2013_laz_7.laz,30,2013,2013,0
JAM_A02_2013_inventory_plots,JAM_A02_2015_laz_14.laz,30,2013,2015,2
JAM_A02_2013_inventory_plots,JAM_A02_2011_laz_7.laz,31,2013,2011,-2
JAM_A02_2013_inventory_plots,JAM_A02_2011_laz_9.laz,31,2013,2011,-2
JAM_A02_2013_inventory_plots,JAM_A02_2013_laz_1.laz,31,2013,2013,0
JAM_A02_2013_inventory_plots,JAM_A02_2013_laz_3.laz,31,2013,2013,0
JAM_A02_2013_inventory_plots,JAM_A02_2015_laz_6.laz,31,2013,2015,2
JAM_A02_2013_inventory_plots,JAM_A02_2015_laz_8.laz,31,2013,2015,2
JAM_A02_2013_inventory_plots,JAM_A02b_2014_laz_2.laz,31,2013,2014,1
JAM_A02_2013_inventory_plots,JAM_A02b_2014_laz_6.laz,31,2013,2014,1
JAM_A02_2013_inventory_plots,JAM_A02_2011_laz_5.laz,32,2013,2011,-2
JAM_A02_2013_inventory_plots,JAM_A02_2013_laz_9.laz,32,2013,2013,0
JAM_A02_2013_inventory_plots,JAM_A02_2015_laz_10.laz,32,2013,2015,2
JAM_A02_2013_inventory_plots,JAM_A02a_2014_laz_6.laz,32,2013,2014,1
JAM_A02_2013_inventory_plots,JAM_A02_2011_laz_5.laz,33,2013,2011,-2
JAM_A02_2013_inventory_plots,JAM_A02_2013_laz_9.laz,33,2013,2013,0
JAM_A02_2013_inventory_plots,JAM_A02_2015_laz_10.laz,33,2013,2015,2
JAM_A02_2013_inventory_plots,JAM_A02a_2014_laz_6.laz,33,2013,2014,1
JAM_A02_2013_inventory_plots,JAM_A02_2011_laz_6.laz,34,2013,2011,-2
JAM_A02_2013_inventory_plots,JAM_A02_2013_laz_0.laz,34,2013,2013,0
JAM_A02_2013_inventory_plots,JAM_A02_2015_laz_15.laz,34,2013,2015,2
JAM_A02_2013_inventory_plots,JAM_A02a_2014_laz_9.laz,34,2013,2014,1
JAM_A02_2013_inventory_plots,JAM_A02_2011_laz_3.laz,38,2013,2011,-2
JAM_A02_2013_inventory_plots,JAM_A02_2013_laz_7.laz,38,2013,2013,0
JAM_A02_2013_inventory_plots,JAM_A02_2015_laz_14.laz,38,2013,2015,2
JAM_A02_2013_inventory_plots,JAM_A02_2011_laz_1.laz,39,2013,2011,-2
JAM_A02_2013_inventory_plots,JAM_A02_2013_laz_5.laz,39,2013,2013,0
JAM_A02_2013_inventory_plots,JAM_A02_2015_laz_3.laz,39,2013,2015,2
JAM_A02_2013_inventory_plots,JAM_A02_2011_laz_9.laz,4,2013,2011,-2
JAM_A02_2013_inventory_plots,JAM_A02_2013_laz_3.laz,4,2013,2013,0
JAM_A02_2013_inventory_plots,JAM_A02_2015_laz_8.laz,4,2013,2015,2
JAM_A02_2013_inventory_plots,JAM_A02b_2014_laz_2.laz,4,2013,2014,1
JAM_A02_2013_inventory_plots,JAM_A02_2011_laz_8.laz,40,2013,2011,-2
JAM_A02_2013_inventory_plots,JAM_A02_2013_laz_2.laz,40,2013,2013,0
JAM_A02_2013_inventory_plots,JAM_A02_2015_laz_0.laz,40,2013,2015,2
JAM_A02_2013_inventory_plots,JAM_A02_2011_laz_9.laz,41,2013,2011,-2
JAM_A02_2013_inventory_plots,JAM_A02_2013_laz_3.laz,41,2013,2013,0
JAM_A02_2013_inventory_plots,JAM_A02_2015_laz_8.laz,41,2013,2015,2
JAM_A02_2013_inventory_plots,JAM_A02b_2014_laz_2.laz,41,2013,2014,1
JAM_A02_2013_inventory_plots,JAM_A02_2011_laz_7.laz,42,2013,2011,-2
JAM_A02_2013_inventory_plots,JAM_A02_2013_laz_1.laz,42,2013,2013,0
JAM_A02_2013_inventory_plots,JAM_A02_2015_laz_6.laz,42,2013,2015,2
JAM_A02_2013_inventory_plots,JAM_A02b_2014_laz_6.laz,42,2013,2014,1
JAM_A02_2013_inventory_plots,JAM_A02_2011_laz_1.laz,43,2013,2011,-2
JAM_A02_2013_inventory_plots,JAM_A02_2011_laz_7.laz,43,2013,2011,-2
JAM_A02_2013_inventory_plots,JAM_A02_2013_laz_1.laz,43,2013,2013,0
JAM_A02_2013_inventory_plots,JAM_A02_2013_laz_5.laz,43,2013,2013,0
JAM_A02_2013_inventory_plots,JAM_A02_2015_laz_3.laz,43,2013,2015,2
JAM_A02_2013_inventory_plots,JAM_A02_2015_laz_6.laz,43,2013,2015,2
JAM_A02_2013_inventory_plots,JAM_A02b_2014_laz_3.laz,43,2013,2014,1
JAM_A02_2013_inventory_plots,JAM_A02b_2014_laz_6.laz,43,2013,2014,1
JAM_A02_2013_inventory_plots,JAM_A02_2011_laz_0.laz,44,2013,2011,-2
JAM_A02_2013_inventory_plots,JAM_A02_2013_laz_4.laz,44,2013,2013,0
JAM_A02_2013_inventory_plots,JAM_A02_2015_laz_7.laz,44,2013,2015,2
JAM_A02_2013_inventory_plots,JAM_A02b_2014_laz_0.laz,44,2013,2014,1
JAM_A02_2013_inventory_plots,JAM_A02_2011_laz_0.laz,45,2013,2011,-2
JAM_A02_2013_inventory_plots,JAM_A02_2013_laz_4.laz,45,2013,2013,0
JAM_A02_2013_inventory_plots,JAM_A02_2015_laz_7.laz,45,2013,2015,2
JAM_A02_2013_inventory_plots,JAM_A02b_2014_laz_0.laz,45,2013,2014,1
JAM_A02_2013_inventory_plots,JAM_A02_2011_laz_2.laz,46,2013,2011,-2
JAM_A02_2013_inventory_plots,JAM_A02_2013_laz_6.laz,46,2013,2013,0
JAM_A02_2013_inventory_plots,JAM_A02_2015_laz_9.laz,46,2013,2015,2
JAM_A02_2013_inventory_plots,JAM_A02b_2014_laz_9.laz,46,2013,2014,1
JAM_A02_2013_inventory_plots,JAM_A02_2011_laz_2.laz,47,2013,2011,-2
JAM_A02_2013_inventory_plots,JAM_A02_2013_laz_6.laz,47,2013,2013,0
JAM_A02_2013_inventory_plots,JAM_A02_2015_laz_9.laz,47,2013,2015,2
JAM_A02_2013_inventory_plots,JAM_A02b_2014_laz_9.laz,47,2013,2014,1
JAM_A02_2013_inventory_plots,JAM_A02_2011_laz_7.laz,5,2013,2011,-2
JAM_A02_2013_inventory_plots,JAM_A02_2011_laz_9.laz,5,2013,2011,-2
JAM_A02_2013_inventory_plots,JAM_A02_2013_laz_1.laz,5,2013,2013,0
JAM_A02_2013_inventory_plots,JAM_A02_2013_laz_3.laz,5,2013,2013,0
JAM_A02_2013_inventory_plots,JAM_A02_2015_laz_6.laz,5,2013,2015,2
JAM_A02_2013_inventory_plots,JAM_A02_2015_laz_8.laz,5,2013,2015,2
JAM_A02_2013_inventory_plots,JAM_A02b_2014_laz_2.laz,5,2013,2014,1
JAM_A02_2013_inventory_plots,JAM_A02b_2014_laz_6.laz,5,2013,2014,1
JAM_A02_2013_inventory_plots,JAM_A02_2011_laz_7.laz,6,2013,2011,-2
JAM_A02_2013_inventory_plots,JAM_A02_2013_laz_1.laz,6,2013,2013,0
JAM_A02_2013_inventory_plots,JAM_A02_2015_laz_6.laz,6,2013,2015,2
JAM_A02_2013_inventory_plots,JAM_A02b_2014_laz_6.laz,6,2013,2014,1
JAM_A02_2013_inventory_plots,JAM_A02_2011_laz_1.laz,7,2013,2011,-2
JAM_A02_2013_inventory_plots,JAM_A02_2011_laz_7.laz,7,2013,2011,-2
JAM_A02_2013_inventory_plots,JAM_A02_2013_laz_1.laz,7,2013,2013,0
JAM_A02_2013_inventory_plots,JAM_A02_2013_laz_5.laz,7,2013,2013,0
JAM_A02_2013_inventory_plots,JAM_A02_2015_laz_3.laz,7,2013,2015,2
JAM_A02_2013_inventory_plots,JAM_A02_2015_laz_6.laz,7,2013,2015,2
JAM_A02_2013_inventory_plots,JAM_A02b_2014_laz_3.laz,7,2013,2014,1
JAM_A02_2013_inventory_plots,JAM_A02b_2014_laz_6.laz,7,2013,2014,1
JAM_A02_2013_inventory_plots,JAM_A02_2011_laz_3.laz,8,2013,2011,-2
JAM_A02_2013_inventory_plots,JAM_A02_2013_laz_7.laz,8,2013,2013,0
JAM_A02_2013_inventory_plots,JAM_A02_2015_laz_14.laz,8,2013,2015,2
JAM_A02_2013_inventory_plots,JAM_A02_2011_laz_3.laz,9,2013,2011,-2
JAM_A02_2013_inventory_plots,JAM_A02_2013_laz_7.laz,9,2013,2013,0
JAM_A02_2013_inventory_plots,JAM_A02_2015_laz_14.laz,9,2013,2015,2
JAM_A03_2013_inventory_plots,JAM_A03_2013_laz_13.laz,0,2013,2013,0
JAM_A03_2013_inventory_plots,JAM_A03_2013_laz_13.laz,1,2013,2013,0
JAM_A03_2013_inventory_plots,JAM_A03_2013_laz_19.laz,10,2013,2013,0
JAM_A03_2013_inventory_plots,JAM_A03_2013_laz_19.laz,11,2013,2013,0
JAM_A03_2013_inventory_plots,JAM_A03_2013_laz_13.laz,12,2013,2013,0
JAM_A03_2013_inventory_plots,JAM_A03_2013_laz_13.laz,13,2013,2013,0
JAM_A03_2013_inventory_plots,JAM_A03_2013_laz_19.laz,14,2013,2013,0
JAM_A03_2013_inventory_plots,JAM_A03_2013_laz_19.laz,15,2013,2013,0
JAM_A03_2013_inventory_plots,JAM_A03_2013_laz_19.laz,2,2013,2013,0
JAM_A03_2013_inventory_plots,JAM_A03_2013_laz_19.laz,3,2013,2013,0
JAM_A03_2013_inventory_plots,JAM_A03_2013_laz_13.laz,4,2013,2013,0
JAM_A03_2013_inventory_plots,JAM_A03_2013_laz_13.laz,5,2013,2013,0
JAM_A03_2013_inventory_plots,JAM_A03_2013_laz_19.laz,6,2013,2013,0
JAM_A03_2013_inventory_plots,JAM_A03_2013_laz_19.laz,7,2013,2013,0
JAM_A03_2013_inventory_plots,JAM_A03_2013_laz_13.laz,8,2013,2013,0
JAM_A03_2013_inventory_plots,JAM_A03_2013_laz_13.laz,9,2013,2013,0
PAR_A01_2013_2018_inventory_plots,PAR_A01_2013_laz_8.laz,T01_1,2013,2013,0
PAR_A01_2013_2018_inventory_plots,PAR_A01_2013_laz_optional_3.laz,T01_1,2013,2013,0
PAR_A01_2013_2018_inventory_plots,PAR_A01_2013_laz_8.laz,T01_2,2013,2013,0
PAR_A01_2013_2018_inventory_plots,PAR_A01_2013_laz_optional_3.laz,T01_2,2013,2013,0
PAR_A01_2013_2018_inventory_plots,PAR_A01_2013_laz_8.laz,T02_1,2013,2013,0
PAR_A01_2013_2018_inventory_plots,PAR_A01_2013_laz_optional_3.laz,T02_1,2013,2013,0
PAR_A01_2013_2018_inventory_plots,PAR_A01_2013_laz_8.laz,T02_2,2013,2013,0
PAR_A01_2013_2018_inventory_plots,PAR_A01_2013_laz_optional_3.laz,T02_2,2013,2013,0
PAR_A01_2013_2018_inventory_plots,PAR_A01_2013_laz_8.laz,T03_1,2013,2013,0
PAR_A01_2013_2018_inventory_plots,PAR_A01_2013_laz_optional_3.laz,T03_1,2013,2013,0
PAR_A01_2013_2018_inventory_plots,PAR_A01_2013_laz_8.laz,T03_2,2013,2013,0
PAR_A01_2013_2018_inventory_plots,PAR_A01_2013_laz_optional_3.laz,T03_2,2013,2013,0
PAR_A01_2013_2018_inventory_plots,PAR_A01_2013_laz_13.laz,T04_1,2013,2013,0
PAR_A01_2013_2018_inventory_plots,PAR_A01_2013_laz_8.laz,T04_1,2013,2013,0
PAR_A01_2013_2018_inventory_plots,PAR_A01_2013_laz_optional_1.laz,T04_1,2013,2013,0
PAR_A01_2013_2018_inventory_plots,PAR_A01_2013_laz_optional_3.laz,T04_1,2013,2013,0
PAR_A01_2013_2018_inventory_plots,PAR_A01_2013_laz_13.laz,T04_2,2013,2013,0
PAR_A01_2013_2018_inventory_plots,PAR_A01_2013_laz_8.laz,T04_2,2013,2013,0
PAR_A01_2013_2018_inventory_plots,PAR_A01_2013_laz_optional_1.laz,T04_2,2013,2013,0
PAR_A01_2013_2018_inventory_plots,PAR_A01_2013_laz_optional_3.laz,T04_2,2013,2013,0
PAR_A01_2013_2018_inventory_plots,PAR_A01_2013_laz_13.laz,T05_1,2013,2013,0
PAR_A01_2013_2018_inventory_plots,PAR_A01_2013_laz_15.laz,T05_1,2013,2013,0
PAR_A01_2013_2018_inventory_plots,PAR_A01_2013_laz_optional_1.laz,T05_1,2013,2013,0
PAR_A01_2013_2018_inventory_plots,PAR_A01_2013_laz_optional_17.laz,T05_1,2013,2013,0
PAR_A01_2013_2018_inventory_plots,PAR_A01_2013_laz_13.laz,T05_2,2013,2013,0
PAR_A01_2013_2018_inventory_plots,PAR_A01_2013_laz_15.laz,T05_2,2013,2013,0
PAR_A01_2013_2018_inventory_plots,PAR_A01_2013_laz_optional_1.laz,T05_2,2013,2013,0
PAR_A01_2013_2018_inventory_plots,PAR_A01_2013_laz_optional_17.laz,T05_2,2013,2013,0
PAR_A01_2013_2018_inventory_plots,PAR_A01_2013_laz_3.laz,T06_1,2013,2013,0
PAR_A01_2013_2018_inventory_plots,PAR_A01_2013_laz_4.laz,T06_1,2013,2013,0
PAR_A01_2013_2018_inventory_plots,PAR_A01_2013_laz_optional_2.laz,T06_1,2013,2013,0
PAR_A01_2013_2018_inventory_plots,PAR_A01_2013_laz_optional_8.laz,T06_1,2013,2013,0
PAR_A01_2013_2018_inventory_plots,PAR_A01_2013_laz_3.laz,T06_2,2013,2013,0
PAR_A01_2013_2018_inventory_plots,PAR_A01_2013_laz_4.laz,T06_2,2013,2013,0
PAR_A01_2013_2018_inventory_plots,PAR_A01_2013_laz_optional_2.laz,T06_2,2013,2013,0
PAR_A01_2013_2018_inventory_plots,PAR_A01_2013_laz_optional_8.laz,T06_2,2013,2013,0
PAR_A01_2013_2018_inventory_plots,PAR_A01_2013_laz_4.laz,T07_1,2013,2013,0
PAR_A01_2013_2018_inventory_plots,PAR_A01_2013_laz_optional_8.laz,T07_1,2013,2013,0
PAR_A01_2013_2018_inventory_plots,PAR_A01_2013_laz_4.laz,T07_2,2013,2013,0
PAR_A01_2013_2018_inventory_plots,PAR_A01_2013_laz_optional_8.laz,T07_2,2013,2013,0
PAR_A01_2013_2018_inventory_plots,PAR_A01_2013_laz_4.laz,T08_1,2013,2013,0
PAR_A01_2013_2018_inventory_plots,PAR_A01_2013_laz_optional_8.laz,T08_1,2013,2013,0
PAR_A01_2013_2018_inventory_plots,PAR_A01_2013_laz_4.laz,T08_2,2013,2013,0
PAR_A01_2013_2018_inventory_plots,PAR_A01_2013_laz_optional_8.laz,T08_2,2013,2013,0
PAR_A01_2013_2018_inventory_plots,PAR_A01_2013_laz_4.laz,T09_2,2013,2013,0
PAR_A01_2013_2018_inventory_plots,PAR_A01_2013_laz_optional_8.laz,T09_2,2013,2013,0
PAR_A01_2013_2018_inventory_plots,PAR_A01_2013_laz_6.laz,T10_1,2013,2013,0
PAR_A01_2013_2018_inventory_plots,PAR_A01_2013_laz_optional_7.laz,T10_1,2013,2013,0
PAR_A01_2013_2018_inventory_plots,PAR_A01_2013_laz_6.laz,T10_2,2013,2013,0
PAR_A01_2013_2018_inventory_plots,PAR_A01_2013_laz_optional_7.laz,T10_2,2013,2013,0
SAN_A01_2014_2016_inventory_plots,SAN_A01_2014_laz_3.laz,1,2014,2014,0
SAN_A01_2014_2016_inventory_plots,SAN_A01_2014_laz_3.laz,10,2014,2014,0
SAN_A01_2014_2016_inventory_plots,SAN_A01_2014_laz_3.laz,11,2014,2014,0
SAN_A01_2014_2016_inventory_plots,SAN_A01_2014_laz_3.laz,12,2014,2014,0
SAN_A01_2014_2016_inventory_plots,SAN_A01_2014_laz_2.laz,13,2014,2014,0
SAN_A01_2014_2016_inventory_plots,SAN_A01_2014_laz_1.laz,14,2014,2014,0
SAN_A01_2014_2016_inventory_plots,SAN_A01_2014_laz_1.laz,15,2014,2014,0
SAN_A01_2014_2016_inventory_plots,SAN_A01_2014_laz_1.laz,16,2014,2014,0
SAN_A01_2014_2016_inventory_plots,SAN_A01_2014_laz_3.laz,2,2014,2014,0
SAN_A01_2014_2016_inventory_plots,SAN_A01_2014_laz_7.laz,2,2014,2014,0
SAN_A01_2014_2016_inventory_plots,SAN_A01_2014_laz_3.laz,3,2014,2014,0
SAN_A01_2014_2016_inventory_plots,SAN_A01_2014_laz_7.laz,3,2014,2014,0
SAN_A01_2014_2016_inventory_plots,SAN_A01_2014_laz_3.laz,4,2014,2014,0
SAN_A01_2014_2016_inventory_plots,SAN_A01_2014_laz_7.laz,4,2014,2014,0
SAN_A01_2014_2016_inventory_plots,SAN_A01_2014_laz_1.laz,5,2014,2014,0
SAN_A01_2014_2016_inventory_plots,SAN_A01_2014_laz_2.laz,5,2014,2014,0
SAN_A01_2014_2016_inventory_plots,SAN_A01_2014_laz_1.laz,6,2014,2014,0
SAN_A01_2014_2016_inventory_plots,SAN_A01_2014_laz_1.laz,7,2014,2014,0
SAN_A01_2014_2016_inventory_plots,SAN_A01_2014_laz_1.laz,8,2014,2014,0
SAN_A01_2014_2016_inventory_plots,SAN_A01_2014_laz_3.laz,9,2014,2014,0
SAN_A01b_2016_2018_inventory_plots,SAN_A01_2014_laz_5.laz,1,2016,2014,-2
SAN_A01b_2016_2018_inventory_plots,SAN_A01_2014_laz_6.laz,1,2016,2014,-2
SAN_A01b_2016_2018_inventory_plots,SAN_A01_2014_laz_6.laz,2,2016,2014,-2
SAN_A01b_2016_2018_inventory_plots,SAN_A01_2014_laz_11.laz,3,2016,2014,-2
SAN_A01b_2016_2018_inventory_plots,SAN_A01_2014_laz_11.laz,4,2016,2014,-2
SAN_A01b_2016_2018_inventory_plots,SAN_A01_2014_laz_11.laz,5,2016,2014,-2
SAN_A01b_2016_2018_inventory_plots,SAN_A01_2014_laz_11.laz,6,2016,2014,-2
SAN_A01b_2016_2018_inventory_plots,SAN_A01_2014_laz_4.laz,7,2016,2014,-2
SAN_A02_2014_inventory_plots,SAN_A02_2014_laz_0.laz,1,2014,2014,0
SAN_A02_2014_inventory_plots,SAN_A02_2014_laz_2.laz,10,2014,2014,0
SAN_A02_2014_inventory_plots,SAN_A02_2014_laz_2.laz,11,2014,2014,0
SAN_A02_2014_inventory_plots,SAN_A02_2014_laz_14.laz,12,2014,2014,0
SAN_A02_2014_inventory_plots,SAN_A02_2014_laz_14.laz,13,2014,2014,0
SAN_A02_2014_inventory_plots,SAN_A02_2014_laz_17.laz,13,2014,2014,0
SAN_A02_2014_inventory_plots,SAN_A02_2014_laz_17.laz,14,2014,2014,0
SAN_A02_2014_inventory_plots,SAN_A02_2014_laz_0.laz,2,2014,2014,0
SAN_A02_2014_inventory_plots,SAN_A02_2014_laz_2.laz,3,2014,2014,0
SAN_A02_2014_inventory_plots,SAN_A02_2014_laz_2.laz,4,2014,2014,0
SAN_A02_2014_inventory_plots,SAN_A02_2014_laz_14.laz,5,2014,2014,0
SAN_A02_2014_inventory_plots,SAN_A02_2014_laz_14.laz,6,2014,2014,0
SAN_A02_2014_inventory_plots,SAN_A02_2014_laz_17.laz,6,2014,2014,0
SAN_A02_2014_inventory_plots,SAN_A02_2014_laz_17.laz,7,2014,2014,0
SAN_A02_2014_inventory_plots,SAN_A02_2014_laz_0.laz,8,2014,2014,0
SAN_A02_2014_inventory_plots,SAN_A02_2014_laz_0.laz,9,2014,2014,0
SFX_A01_2011_inventory_plots,SFX_A01_2012_laz_5.laz,P01,2011,2012,1
SFX_A01_2011_inventory_plots,SFX_A01_2012_laz_5.laz,P02,2011,2012,1
SFX_A01_2011_inventory_plots,SFX_A01_2012_laz_5.laz,P03,2011,2012,1
SFX_A01_2011_inventory_plots,SFX_A01_2012_laz_5.laz,P04,2011,2012,1
SFX_A01_2011_inventory_plots,SFX_A01_2012_laz_7.laz,P05,2011,2012,1
SFX_A01_2011_inventory_plots,SFX_A01_2012_laz_7.laz,P06,2011,2012,1
SFX_A01_2011_inventory_plots,SFX_A01_2012_laz_7.laz,P07,2011,2012,1
SFX_A01_2011_inventory_plots,SFX_A01_2012_laz_10.laz,P08,2011,2012,1
SFX_A01_2011_inventory_plots,SFX_A01_2012_laz_10.laz,P09,2011,2012,1
SFX_A02_2012_inventory_plots,SFX_A02_2012_laz_12.laz,P18,2012,2012,0
SFX_A02_2012_inventory_plots,SFX_A02_2012_laz_12.laz,P19,2012,2012,0
SFX_A02_2012_inventory_plots,SFX_A02_2012_laz_12.laz,P20,2012,2012,0
SFX_A02_2012_inventory_plots,SFX_A02_2012_laz_12.laz,P21,2012,2012,0
SFX_A02_2012_inventory_plots,SFX_A02_2012_laz_12.laz,P22,2012,2012,0
SFX_A02_2012_inventory_plots,SFX_A02_2012_laz_2.laz,P22,2012,2012,0
SFX_A02_2012_inventory_plots,SFX_A02_2012_laz_12.laz,P23,2012,2012,0
SFX_A02_2012_inventory_plots,SFX_A02_2012_laz_12.laz,P24,2012,2012,0
SFX_A02_2012_inventory_plots,SFX_A02_2012_laz_12.laz,P25,2012,2012,0
SFX_A02_2012_inventory_plots,SFX_A02_2012_laz_12.laz,P26,2012,2012,0
SFX_A02_2012_inventory_plots,SFX_A02_2012_laz_12.laz,P27,2012,2012,0
SFX_A02_2012_inventory_plots,SFX_A02_2012_laz_9.laz,P28,2012,2012,0
SFX_A02_2012_inventory_plots,SFX_A02_2012_laz_9.laz,P29,2012,2012,0
SFX_A02_2012_inventory_plots,SFX_A02_2012_laz_12.laz,P30,2012,2012,0
SFX_A02_2012_inventory_plots,SFX_A02_2012_laz_12.laz,P31,2012,2012,0
SFX_A02_2012_inventory_plots,SFX_A02_2012_laz_12.laz,P32,2012,2012,0
SFX_A02_2012_inventory_plots,SFX_A02_2012_laz_12.laz,P33,2012,2012,0
SFX_A02_2012_inventory_plots,SFX_A02_2012_laz_9.laz,P34,2012,2012,0
SFX_A02_2012_inventory_plots,SFX_A02_2012_laz_6.laz,P35,2012,2012,0
SFX_A02_2012_inventory_plots,SFX_A02_2012_laz_9.laz,P35,2012,2012,0
SFX_A02_2012_inventory_plots,SFX_A02_2012_laz_6.laz,P36,2012,2012,0
SFX_A02_2012_inventory_plots,SFX_A02_2012_laz_6.laz,P37,2012,2012,0
SFX_A02_2012_inventory_plots,SFX_A02_2012_laz_18.laz,P38,2012,2012,0
SFX_A02_2012_inventory_plots,SFX_A02_2012_laz_6.laz,P38,2012,2012,0
SFX_A02_2012_inventory_plots,SFX_A02_2012_laz_18.laz,P39,2012,2012,0
TAC_A01_2014_inventory_plots,TAC_A01_2013_laz_17.laz,P01,2014,2013,-1
TAC_A01_2014_inventory_plots,TAC_A01_2013_laz_10.laz,P03,2014,2013,-1
TAC_A01_2014_inventory_plots,TAC_A01_2013_laz_17.laz,P03,2014,2013,-1
TAC_A01_2014_inventory_plots,TAC_A01_2013_laz_10.laz,P05,2014,2013,-1
TAC_A01_2014_inventory_plots,TAC_A01_2013_laz_12.laz,P05,2014,2013,-1
TAC_A01_2014_inventory_plots,TAC_A01_2013_laz_5.laz,P07,2014,2013,-1
TAC_A01_2014_inventory_plots,TAC_A01_2013_laz_0.laz,P08,2014,2013,-1
TAC_A01_2014_inventory_plots,TAC_A01_2013_laz_9.laz,P09,2014,2013,-1
TAC_A01_2014_inventory_plots,TAC_A01_2013_laz_14.laz,P10,2014,2013,-1
TAC_A01_2014_inventory_plots,TAC_A01_2013_laz_5.laz,P11,2014,2013,-1
TAC_A01_2014_inventory_plots,TAC_A01_2013_laz_5.laz,P12,2014,2013,-1
TAC_A01_2014_inventory_plots,TAC_A01_2013_laz_15.laz,P13,2014,2013,-1
TAC_A01_2014_inventory_plots,TAC_A01_2013_laz_15.laz,P14,2014,2013,-1
TAC_A01_2014_inventory_plots,TAC_A01_2013_laz_0.laz,P15,2014,2013,-1
TAC_A01_2014_inventory_plots,TAC_A01_2013_laz_9.laz,P15,2014,2013,-1
TAC_A01_2014_inventory_plots,TAC_A01_2013_laz_5.laz,P16,2014,2013,-1
TAC_A01_2015_inventory_plots,TAC_A01_2013_laz_17.laz,1,2015,2013,-2
TAC_A01_2015_inventory_plots,TAC_A01_2013_laz_9.laz,10,2015,2013,-2
TAC_A01_2015_inventory_plots,TAC_A01_2013_laz_4.laz,11,2015,2013,-2
TAC_A01_2015_inventory_plots,TAC_A01_2013_laz_7.laz,11,2015,2013,-2
TAC_A01_2015_inventory_plots,TAC_A01_2013_laz_4.laz,12,2015,2013,-2
TAC_A01_2015_inventory_plots,TAC_A01_2013_laz_10.laz,13,2015,2013,-2
TAC_A01_2015_inventory_plots,TAC_A01_2013_laz_17.laz,14,2015,2013,-2
TAC_A01_2015_inventory_plots,TAC_A01_2013_laz_12.laz,15,2015,2013,-2
TAC_A01_2015_inventory_plots,TAC_A01_2013_laz_9.laz,16,2015,2013,-2
TAC_A01_2015_inventory_plots,TAC_A01_2013_laz_10.laz,17,2015,2013,-2
TAC_A01_2015_inventory_plots,TAC_A01_2013_laz_11.laz,18,2015,2013,-2
TAC_A01_2015_inventory_plots,TAC_A01_2013_laz_1.laz,19,2015,2013,-2
TAC_A01_2015_inventory_plots,TAC_A01_2013_laz_12.laz,2,2015,2013,-2
TAC_A01_2015_inventory_plots,TAC_A01_2013_laz_15.laz,20,2015,2013,-2
TAC_A01_2015_inventory_plots,TAC_A01_2013_laz_13.laz,21,2015,2013,-2
TAC_A01_2015_inventory_plots,TAC_A01_2013_laz_9.laz,22,2015,2013,-2
TAC_A01_2015_inventory_plots,TAC_A01_2013_laz_9.laz,23,2015,2013,-2
TAC_A01_2015_inventory_plots,TAC_A01_2013_laz_4.laz,24,2015,2013,-2
TAC_A01_2015_inventory_plots,TAC_A01_2013_laz_7.laz,24,2015,2013,-2
TAC_A01_2015_inventory_plots,TAC_A01_2013_laz_4.laz,25,2015,2013,-2
TAC_A01_2015_inventory_plots,TAC_A01_2013_laz_10.laz,26,2015,2013,-2
TAC_A01_2015_inventory_plots,TAC_A01_2013_laz_9.laz,3,2015,2013,-2
TAC_A01_2015_inventory_plots,TAC_A01_2013_laz_10.laz,4,2015,2013,-2
TAC_A01_2015_inventory_plots,TAC_A01_2013_laz_11.laz,5,2015,2013,-2
TAC_A01_2015_inventory_plots,TAC_A01_2013_laz_1.laz,6,2015,2013,-2
TAC_A01_2015_inventory_plots,TAC_A01_2013_laz_15.laz,7,2015,2013,-2
TAC_A01_2015_inventory_plots,TAC_A01_2013_laz_13.laz,8,2015,2013,-2
TAC_A01_2015_inventory_plots,TAC_A01_2013_laz_9.laz,9,2015,2013,-2
TAN_A01_2012_inventory_plots,TAN_A01_2012_laz_4.laz,T01_1,2012,2012,0
TAN_A01_2012_inventory_plots,TAN_A01_2012_laz_6.laz,T01_1,2012,2012,0
TAN_A01_2012_inventory_plots,TAN_A01_2014_laz_17.laz,T01_1,2012,2014,2
TAN_A01_2012_inventory_plots,TAN_A01_2014_laz_20.laz,T01_1,2012,2014,2
TAN_A01_2012_inventory_plots,TAN_A01_2012_laz_4.laz,T01_2,2012,2012,0
TAN_A01_2012_inventory_plots,TAN_A01_2012_laz_6.laz,T01_2,2012,2012,0
TAN_A01_2012_inventory_plots,TAN_A01_2014_laz_17.laz,T01_2,2012,2014,2
TAN_A01_2012_inventory_plots,TAN_A01_2014_laz_20.laz,T01_2,2012,2014,2
TAN_A01_2012_inventory_plots,TAN_A01_2012_laz_6.laz,T02_1,2012,2012,0
TAN_A01_2012_inventory_plots,TAN_A01_2014_laz_20.laz,T02_1,2012,2014,2
TAN_A01_2012_inventory_plots,TAN_A01_2012_laz_6.laz,T02_2,2012,2012,0
TAN_A01_2012_inventory_plots,TAN_A01_2014_laz_20.laz,T02_2,2012,2014,2
TAN_A01_2012_inventory_plots,TAN_A01_2012_laz_11.laz,T03_1,2012,2012,0
TAN_A01_2012_inventory_plots,TAN_A01_2012_laz_6.laz,T03_1,2012,2012,0
TAN_A01_2012_inventory_plots,TAN_A01_2014_laz_20.laz,T03_1,2012,2014,2
TAN_A01_2012_inventory_plots,TAN_A01_2014_laz_9.laz,T03_1,2012,2014,2
TAN_A01_2012_inventory_plots,TAN_A01_2012_laz_11.laz,T03_2,2012,2012,0
TAN_A01_2012_inventory_plots,TAN_A01_2012_laz_6.laz,T03_2,2012,2012,0
TAN_A01_2012_inventory_plots,TAN_A01_2014_laz_20.laz,T03_2,2012,2014,2
TAN_A01_2012_inventory_plots,TAN_A01_2014_laz_9.laz,T03_2,2012,2014,2
TAN_A01_2012_inventory_plots,TAN_A01_2012_laz_11.laz,T04_1,2012,2012,0
TAN_A01_2012_inventory_plots,TAN_A01_2012_laz_6.laz,T04_1,2012,2012,0
TAN_A01_2012_inventory_plots,TAN_A01_2014_laz_20.laz,T04_1,2012,2014,2
TAN_A01_2012_inventory_plots,TAN_A01_2014_laz_9.laz,T04_1,2012,2014,2
TAN_A01_2012_inventory_plots,TAN_A01_2012_laz_11.laz,T04_2,2012,2012,0
TAN_A01_2012_inventory_plots,TAN_A01_2012_laz_6.laz,T04_2,2012,2012,0
TAN_A01_2012_inventory_plots,TAN_A01_2014_laz_20.laz,T04_2,2012,2014,2
TAN_A01_2012_inventory_plots,TAN_A01_2014_laz_9.laz,T04_2,2012,2014,2
TAP_A01_2009_2011_inventory_plots,TAP_A01_2008_14-01.laz,M1,2009,2008,-1
TAP_A01_2009_2011_inventory_plots,TAP_A01_2008_laz_3.laz,M1,2009,2008,-1
TAP_A01_2009_2011_inventory_plots,TAP_A01_2012_laz_10.laz,M1,2009,2012,3
TAP_A01_2009_2011_inventory_plots,TAP_A01_2012_laz_12.laz,M1,2009,2012,3
TAP_A01_2009_2011_inventory_plots,TAP_A01_2008_14-01.laz,M2,2009,2008,-1
TAP_A01_2009_2011_inventory_plots,TAP_A01_2008_laz_3.laz,M2,2009,2008,-1
TAP_A01_2009_2011_inventory_plots,TAP_A01_2012_laz_12.laz,M2,2009,2012,3
TAP_A01_2009_2011_inventory_plots,TAP_A01_2008_laz_1.laz,M3,2009,2008,-1
TAP_A01_2009_2011_inventory_plots,TAP_A01_2008_laz_2.laz,M3,2009,2008,-1
TAP_A01_2009_2011_inventory_plots,TAP_A01_2012_laz_11.laz,M3,2009,2012,3
TAP_A01_2009_2011_inventory_plots,TAP_A01_2012_laz_13.laz,M3,2009,2012,3
TAP_A01_2009_2011_inventory_plots,TAP_A01_2008_14-04.laz,M4,2009,2008,-1
TAP_A01_2009_2011_inventory_plots,TAP_A01_2008_laz_2.laz,M4,2009,2008,-1
TAP_A01_2009_2011_inventory_plots,TAP_A01_2012_laz_11.laz,M4,2009,2012,3
TAP_A01_2009_2011_inventory_plots,TAP_A01_2012_laz_7.laz,M4,2009,2012,3
TAP_A01_2009_2011_inventory_plots,TAP_A01_2008_laz_0.laz,M5,2009,2008,-1
TAP_A01_2009_2011_inventory_plots,TAP_A01_2008_laz_2.laz,M5,2009,2008,-1
TAP_A01_2009_2011_inventory_plots,TAP_A01_2012_laz_10.laz,M5,2009,2012,3
TAP_A01_2009_2011_inventory_plots,TAP_A01_2012_laz_6.laz,M5,2009,2012,3
TAP_A01_2009_2011_inventory_plots,TAP_A01_2008_laz_0.laz,M6,2009,2008,-1
TAP_A01_2009_2011_inventory_plots,TAP_A01_2008_laz_3.laz,M6,2009,2008,-1
TAP_A01_2009_2011_inventory_plots,TAP_A01_2012_laz_10.laz,M6,2009,2012,3
TAP_A01_2015_2018_inventory_plots,TAP_A01_2012_laz_13.laz,1,2015,2012,-3
TAP_A01_2015_2018_inventory_plots,TAP_A01_2012_laz_0.laz,2,2015,2012,-3
TAP_A01_2015_2018_inventory_plots,TAP_A01_2008_14-04.laz,3,2015,2008,-7
TAP_A01_2015_2018_inventory_plots,TAP_A01_2008_laz_2.laz,3,2015,2008,-7
TAP_A01_2015_2018_inventory_plots,TAP_A01_2012_laz_11.laz,3,2015,2012,-3
TAP_A01_2015_2018_inventory_plots,TAP_A01_2008_14-01.laz,4,2015,2008,-7
TAP_A01_2015_2018_inventory_plots,TAP_A01_2008_laz_3.laz,4,2015,2008,-7
TAP_A01_2015_2018_inventory_plots,TAP_A01_2012_laz_10.laz,4,2015,2012,-3
TAP_A01_2015_2018_inventory_plots,TAP_A01_2008_14-03.laz,5,2015,2008,-7
TAP_A01_2015_2018_inventory_plots,TAP_A01_2008_laz_1.laz,5,2015,2008,-7
TAP_A01_2015_2018_inventory_plots,TAP_A01_2012_laz_13.laz,5,2015,2012,-3
TAP_A01_2015_2018_inventory_plots,TAP_A01_2012_laz_2.laz,6,2015,2012,-3
TAP_A01_2015_2018_inventory_plots,TAP_A01_2008_14-04.laz,7,2015,2008,-7
TAP_A01_2015_2018_inventory_plots,TAP_A01_2008_laz_2.laz,7,2015,2008,-7
TAP_A01_2015_2018_inventory_plots,TAP_A01_2012_laz_11.laz,7,2015,2012,-3
TAP_A01_2015_2018_inventory_plots,TAP_A01_2008_14-04.laz,8,2015,2008,-7
TAP_A01_2015_2018_inventory_plots,TAP_A01_2008_laz_2.laz,8,2015,2008,-7
TAP_A01_2015_2018_inventory_plots,TAP_A01_2012_laz_11.laz,8,2015,2012,-3
TAP_A01_2015_2018_inventory_plots,TAP_A01_2012_laz_7.laz,8,2015,2012,-3
TAP_A01_2015_2018_inventory_plots,TAP_A01_2008_14-04.laz,9,2015,2008,-7
TAP_A01_2015_2018_inventory_plots,TAP_A01_2008_laz_2.laz,9,2015,2008,-7
TAP_A01_2015_2018_inventory_plots,TAP_A01_2012_laz_11.laz,9,2015,2012,-3
TAP_A01_2015_2018_inventory_plots,TAP_A01_2012_laz_7.laz,9,2015,2012,-3
TAP_A03_2015_2018_inventory_plots,TAP_A03_2012_laz_16.laz,1,2015,2012,-3
TAP_A03_2015_2018_inventory_plots,TAP_A03_2013_laz_7.laz,1,2015,2013,-2
TAP_A03_2015_2018_inventory_plots,TAP_A03_2016_laz_3.laz,1,2015,2016,1
TAP_A03_2015_2018_inventory_plots,TAP_A03_2018_LAS_3.laz,1,2015,2018,3
TAP_A03_2015_2018_inventory_plots,TAP_A03_2012_laz_10.laz,10,2015,2012,-3
TAP_A03_2015_2018_inventory_plots,TAP_A03_2013_laz_11.laz,10,2015,2013,-2
TAP_A03_2015_2018_inventory_plots,TAP_A03_2016_laz_11.laz,10,2015,2016,1
TAP_A03_2015_2018_inventory_plots,TAP_A03_2018_LAS_8.laz,10,2015,2018,3
TAP_A03_2015_2018_inventory_plots,TAP_A03_2012_laz_16.laz,2,2015,2012,-3
TAP_A03_2015_2018_inventory_plots,TAP_A03_2013_laz_7.laz,2,2015,2013,-2
TAP_A03_2015_2018_inventory_plots,TAP_A03_2016_laz_3.laz,2,2015,2016,1
TAP_A03_2015_2018_inventory_plots,TAP_A03_2018_LAS_3.laz,2,2015,2018,3
TAP_A03_2015_2018_inventory_plots,TAP_A03_2012_laz_13.laz,3,2015,2012,-3
TAP_A03_2015_2018_inventory_plots,TAP_A03_2013_laz_8.laz,3,2015,2013,-2
TAP_A03_2015_2018_inventory_plots,TAP_A03_2016_laz_15.laz,3,2015,2016,1
TAP_A03_2015_2018_inventory_plots,TAP_A03_2018_LAS_11.laz,3,2015,2018,3
TAP_A03_2015_2018_inventory_plots,TAP_A03_2012_laz_13.laz,4,2015,2012,-3
TAP_A03_2015_2018_inventory_plots,TAP_A03_2012_laz_6.laz,4,2015,2012,-3
TAP_A03_2015_2018_inventory_plots,TAP_A03_2013_laz_15.laz,4,2015,2013,-2
TAP_A03_2015_2018_inventory_plots,TAP_A03_2013_laz_8.laz,4,2015,2013,-2
TAP_A03_2015_2018_inventory_plots,TAP_A03_2016_laz_13.laz,4,2015,2016,1
TAP_A03_2015_2018_inventory_plots,TAP_A03_2016_laz_15.laz,4,2015,2016,1
TAP_A03_2015_2018_inventory_plots,TAP_A03_2018_LAS_11.laz,4,2015,2018,3
TAP_A03_2015_2018_inventory_plots,TAP_A03_2012_laz_13.laz,5,2015,2012,-3
TAP_A03_2015_2018_inventory_plots,TAP_A03_2013_laz_8.laz,5,2015,2013,-2
TAP_A03_2015_2018_inventory_plots,TAP_A03_2016_laz_15.laz,5,2015,2016,1
TAP_A03_2015_2018_inventory_plots,TAP_A03_2018_LAS_0.laz,5,2015,2018,3
TAP_A03_2015_2018_inventory_plots,TAP_A03_2018_LAS_11.laz,5,2015,2018,3
TAP_A03_2015_2018_inventory_plots,TAP_A03_2012_laz_13.laz,6,2015,2012,-3
TAP_A03_2015_2018_inventory_plots,TAP_A03_2013_laz_8.laz,6,2015,2013,-2
TAP_A03_2015_2018_inventory_plots,TAP_A03_2016_laz_15.laz,6,2015,2016,1
TAP_A03_2015_2018_inventory_plots,TAP_A03_2018_LAS_0.laz,6,2015,2018,3
TAP_A03_2015_2018_inventory_plots,TAP_A03_2012_laz_10.laz,7,2015,2012,-3
TAP_A03_2015_2018_inventory_plots,TAP_A03_2013_laz_11.laz,7,2015,2013,-2
TAP_A03_2015_2018_inventory_plots,TAP_A03_2016_laz_11.laz,7,2015,2016,1
TAP_A03_2015_2018_inventory_plots,TAP_A03_2018_LAS_8.laz,7,2015,2018,3
TAP_A03_2015_2018_inventory_plots,TAP_A03_2012_laz_10.laz,8,2015,2012,-3
TAP_A03_2015_2018_inventory_plots,TAP_A03_2013_laz_11.laz,8,2015,2013,-2
TAP_A03_2015_2018_inventory_plots,TAP_A03_2016_laz_11.laz,8,2015,2016,1
TAP_A03_2015_2018_inventory_plots,TAP_A03_2018_LAS_3.laz,8,2015,2018,3
TAP_A03_2015_2018_inventory_plots,TAP_A03_2012_laz_13.laz,9,2015,2012,-3
TAP_A03_2015_2018_inventory_plots,TAP_A03_2013_laz_8.laz,9,2015,2013,-2
TAP_A03_2015_2018_inventory_plots,TAP_A03_2016_laz_15.laz,9,2015,2016,1
TAP_A03_2015_2018_inventory_plots,TAP_A03_2018_LAS_11.laz,9,2015,2018,3
TAP_A04_2010_2011_inventory_plots,TAP_A04_2008_15-02.laz,499.995055366,2010,2008,-2
TAP_A04_2010_2011_inventory_plots,TAP_A04_2008_laz_0.laz,499.995055366,2010,2008,-2
TAP_A04_2010_2011_inventory_plots,TAP_A04_2008_laz_1.laz,499.995055366,2010,2008,-2
TAP_A04_2010_2011_inventory_plots,TAP_A04_2008_laz_3.laz,499.995055366,2010,2008,-2
TAP_A04_2010_2011_inventory_plots,TAP_A04_2018_LAS_0.laz,499.995055366,2010,2018,8
TAP_A04_2010_2011_inventory_plots,TAP_A04_2018_LAS_7.laz,499.995055366,2010,2018,8
TAP_A04_2010_2011_inventory_plots,TAP_A04_2008_15-04.laz,499.997652494,2010,2008,-2
TAP_A04_2010_2011_inventory_plots,TAP_A04_2008_laz_1.laz,499.997652494,2010,2008,-2
TAP_A04_2010_2011_inventory_plots,TAP_A04_2008_laz_2.laz,499.997652494,2010,2008,-2
TAP_A04_2010_2011_inventory_plots,TAP_A04_2018_LAS_0.laz,499.997652494,2010,2018,8
TAP_A04_2010_2011_inventory_plots,TAP_A04_2018_LAS_7.laz,499.997652494,2010,2018,8
TAP_A04_2010_2011_inventory_plots,TAP_A04_2008_15-01.laz,499.998497362,2010,2008,-2
TAP_A04_2010_2011_inventory_plots,TAP_A04_2008_laz_0.laz,499.998497362,2010,2008,-2
TAP_A04_2010_2011_inventory_plots,TAP_A04_2008_laz_3.laz,499.998497362,2010,2008,-2
TAP_A04_2010_2011_inventory_plots,TAP_A04_2018_LAS_4.laz,499.998497362,2010,2018,8
TAP_A04_2010_2011_inventory_plots,TAP_A04_2018_LAS_7.laz,499.998497362,2010,2018,8
TAP_A04_2010_2011_inventory_plots,TAP_A04_2018_LAS_8.laz,499.998497362,2010,2018,8
TAP_A04_2010_2011_inventory_plots,TAP_A04_2008_15-03.laz,500.000757499,2010,2008,-2
TAP_A04_2010_2011_inventory_plots,TAP_A04_2008_laz_1.laz,500.000757499,2010,2008,-2
TAP_A04_2010_2011_inventory_plots,TAP_A04_2008_laz_2.laz,500.000757499,2010,2008,-2
TAP_A04_2010_2011_inventory_plots,TAP_A04_2018_LAS_2.laz,500.000757499,2010,2018,8
TAP_A05_2010_2011_inventory_plots,TAP_A05_2008_16-01.laz,493.008928009,2010,2008,-2
TAP_A05_2010_2011_inventory_plots,TAP_A05_2008_laz_0.laz,493.008928009,2010,2008,-2
TAP_A05_2010_2011_inventory_plots,TAP_A05_2018_LAS_1.laz,493.008928009,2010,2018,8
TAP_A05_2010_2011_inventory_plots,TAP_A05_2008_16-01.laz,500.000640863,2010,2008,-2
TAP_A05_2010_2011_inventory_plots,TAP_A05_2008_laz_0.laz,500.000640863,2010,2008,-2
TAP_A05_2010_2011_inventory_plots,TAP_A05_2018_LAS_0.laz,500.000640863,2010,2018,8
TAP_A05_2010_2011_inventory_plots,TAP_A05_2018_LAS_1.laz,500.000640863,2010,2018,8
