site,tree_id,scientific_name,family_name,utm_easting,utm_northing,wsd,agb_source,dbh,htot,hcom,date,dead,type,plot_id,htot_feldpausch,htot_estimated,htot_estimation_method,dbh_incr_cm_yr,dbh_incr_source,gap_anos,dbh_lidar,htot_estimated_gap,dbh_used,dead_used,type_used,htot_used,htot_source,dbh_used_gap,htot_used_gap,rho_w_m3,iagc_m1_kgC,iagc_m2_kgC,iagc_m3_kgC,iagc_m1_kgC_gap,iagc_m2_kgC_gap,iagc_m3_kgC_gap,quadra_id
FNA_A01,1,,,715679.7056,8617104.557,,0.0047418,6.3,4.46,,20131019,D,O,T01,7.54,7.54,feldpausch_regional,0.18,default,0.0,6.3,7.54,6.3,False,O,4.46,measured,6.3,4.46,0.8064,3.1954,3.1954,4.2645,3.1954,3.1954,4.2645,T01_1
FNA_A01,2,,,715680.2481,8617104.949,,0.014259592,9.1,9.5,,20131019,D,O,T01,9.92,9.92,feldpausch_regional,0.18,default,0.0,9.1,9.92,9.1,False,O,9.5,measured,9.1,9.5,0.8064,13.7015,13.7015,18.2856,13.7015,13.7015,18.2856,T01_1
FNA_A01,3,,,715676.4788,8617105.656,,0.022395566,13.7,6.07,,20131019,D,O,T01,13.29,13.29,feldpausch_regional,0.18,default,0.0,13.7,13.29,13.7,False,O,6.07,measured,13.7,6.07,0.8064,19.6667,19.6667,26.2466,19.6667,19.6667,26.2466,T01_1
FNA_A01,4,,,715680.411,8617106.393,,0.005589774,6.6,4.86,,20131019,D,O,T01,7.81,7.81,feldpausch_regional,0.18,default,0.0,6.6,7.81,6.6,False,O,4.86,measured,6.6,4.86,0.8064,3.8051,3.8051,5.0782,3.8051,3.8051,5.0782,T01_1
FNA_A01,5,,,715679.9634,8617109.056,,0.004430187,5.4,5.98,,20131019,D,O,T01,6.71,6.71,feldpausch_regional,0.18,default,0.0,5.4,6.71,5.4,False,O,5.98,measured,5.4,5.98,0.8064,3.1489,3.1489,4.2024,3.1489,3.1489,4.2024,T01_1
FNA_A01,6,,,715680.6854,8617110.793,,0.005143372,6.2,5.12,,20131019,D,O,T01,7.45,7.45,feldpausch_regional,0.18,default,0.0,6.2,7.45,6.2,False,O,5.12,measured,6.2,5.12,0.8064,3.5437,3.5437,4.7293,3.5437,3.5437,4.7293,T01_1
FNA_A01,7,,,715679.4661,8617112.015,,0.005437994,6.8,4.37,,20131019,D,O,T01,7.99,7.99,feldpausch_regional,0.18,default,0.0,6.8,7.99,6.8,False,O,4.37,measured,6.8,4.37,0.8064,3.636,3.636,4.8525,3.636,3.636,4.8525,T01_1
FNA_A01,8,,,715677.4917,8617111.695,,0.003928912,5.7,6.17,,20131019,D,O,T01,6.99,6.99,feldpausch_regional,0.18,default,0.0,5.7,6.99,5.7,False,O,6.17,measured,5.7,6.17,0.8064,3.6078,3.6078,4.8149,3.6078,3.6078,4.8149,T01_1
FNA_A01,9,,,715679.2009,8617113.592,,0.003166704,5.8,3.33,,20131019,D,O,T01,7.09,7.09,feldpausch_regional,0.18,default,0.0,5.8,7.09,5.8,False,O,3.33,measured,5.8,3.33,0.8064,2.0445,2.0445,2.7285,2.0445,2.0445,2.7285,T01_1
FNA_A01,10,,,715680.3538,8617112.766,,0.004821431,7.4,4.18,,20131019,D,O,T01,8.51,8.51,feldpausch_regional,0.18,default,0.0,7.4,8.51,7.4,False,O,4.18,measured,7.4,4.18,0.8064,4.1065,4.1065,5.4804,4.1065,4.1065,5.4804,T01_1
FNA_A01,11,,,715679.293,8617119.077,,1.02336457,71.0,8.52,,20131019,D,O,T01,34.35,34.35,feldpausch_regional,0.18,default,0.0,71.0,34.35,71.0,False,O,8.52,measured,71.0,8.52,0.8064,679.5572,679.5572,906.918,679.5572,679.5572,906.918,T01_1
FNA_A01,12,,,715677.2192,8617119.35,,0.033047805,15.2,7.57,,20131019,D,O,T01,14.28,14.28,feldpausch_regional,0.18,default,0.0,15.2,14.28,15.2,False,O,7.57,measured,15.2,7.57,0.8064,29.8825,29.8825,39.8803,29.8825,29.8825,39.8803,T01_1
FNA_A01,13,,,715693.0141,8617121.903,0.58,0.041707423,18.5,4.56,,20131019,D,O,T01,16.31,16.31,feldpausch_regional,0.18,default,0.0,18.5,16.31,18.5,False,O,4.56,measured,18.5,4.56,0.8064,26.738,26.738,35.6838,26.738,26.738,35.6838,T01_1
FNA_A01,14,,,715695.9978,8617104.152,0.58,0.328829029,27.6,21.42,,20131019,D,O,T01,21.05,21.05,feldpausch_regional,0.18,default,0.0,27.6,21.05,27.6,False,O,21.42,measured,27.6,21.42,0.8064,264.2378,264.2378,352.6444,264.2378,264.2378,352.6444,T01_1
FNA_A01,15,,,715712.6142,8617107.851,0.58,0.012548255,10.4,4.3,,20131019,D,O,T01,10.93,10.93,feldpausch_regional,0.18,default,0.0,10.4,10.93,10.4,False,O,4.3,measured,10.4,4.3,0.8064,8.203,8.203,10.9476,8.203,8.203,10.9476,T01_1
FNA_A01,16,,,715710.0651,8617147.147,0.58,0.338522984,32.6,14.77,,20131019,D,O,T01,23.24,23.24,feldpausch_regional,0.18,default,0.0,32.6,23.24,32.6,False,O,14.77,measured,32.6,14.77,0.8064,254.435,254.435,339.5618,254.435,254.435,339.5618,T01_1
FNA_A01,17,,,715715.41,8617109.316,0.58,0.765077167,45.4,17.81,,20131019,D,O,T01,27.88,27.88,feldpausch_regional,0.18,default,0.0,45.4,27.88,45.4,False,O,17.81,measured,45.4,17.81,0.8064,583.0176,583.0176,778.079,583.0176,583.0176,778.079,T01_1
FNA_A01,18,,,715720.0144,8617112.086,0.58,0.036296321,13.8,7.89,,20131019,D,O,T01,13.36,13.36,feldpausch_regional,0.18,default,0.0,13.8,13.36,13.8,False,O,7.89,measured,13.8,7.89,0.8064,25.7663,25.7663,34.387,25.7663,25.7663,34.387,T01_1
FNA_A01,19,,,715721.1673,8617111.26,0.58,0.01182659,8.0,7.59,,20131019,D,O,T01,9.02,9.02,feldpausch_regional,0.18,default,0.0,8.0,9.02,8.0,False,O,7.59,measured,8.0,7.59,0.8064,8.5587,8.5587,11.4222,8.5587,8.5587,11.4222,T01_1
FNA_A01,20,,,715696.9555,8617128.618,0.58,0.088543873,22.6,7.02,,20131019,D,O,T01,18.58,18.58,feldpausch_regional,0.18,default,0.0,22.6,18.58,22.6,False,O,7.02,measured,22.6,7.02,0.8064,60.2151,60.2151,80.3614,60.2151,60.2151,80.3614,T01_1
FNA_A01,21,Mabea angularis,Euphorbiaceae,715693.8355,8617123.049,0.615698006,0.005754093,5.4,6.3,1.78,20131019,A,O,T01,6.71,6.71,feldpausch_regional,0.18,default,0.0,5.4,6.71,5.4,True,O,6.3,measured,5.4,6.3,0.6157,3.3132,2.6467,2.6467,3.3132,2.6467,2.6467,T01_1
FNA_A01,22,Mabea angularis,Euphorbiaceae,715693.5188,8617112.868,0.615698006,0.391266885,52.5,4.53,,20131019,A,O,T01,29.99,29.99,feldpausch_regional,0.18,default,0.0,52.5,29.99,52.5,True,O,4.53,measured,52.5,4.53,0.6157,203.4996,191.0145,191.0145,203.4996,191.0145,191.0145,T01_1
FNA_A01,23,Mabea angularis,Euphorbiaceae,715692.1853,8617126.834,0.615698006,0.012446016,7.2,7.66,,20131019,A,O,T01,8.34,8.34,feldpausch_regional,0.18,default,0.0,7.2,8.34,7.2,True,O,7.66,measured,7.2,7.66,0.6157,7.0304,5.5211,5.5211,7.0304,5.5211,5.5211,T01_1
FNA_A01,24,Mabea angularis,Euphorbiaceae,715690.8666,8617128.647,0.615698006,0.225464874,27.7,9.38,,20131019,A,O,T01,21.09,21.09,feldpausch_regional,0.18,default,0.0,27.7,21.09,27.7,True,O,9.38,measured,27.7,9.38,0.6157,118.8642,96.4453,96.4453,118.8642,96.4453,96.4453,T01_1
FNA_A01,25,Mabea angularis,Euphorbiaceae,715711.4317,8617132.984,0.615698006,0.010805015,8.1,5.25,,20131019,A,O,T01,9.1,9.1,feldpausch_regional,0.18,default,0.0,8.1,9.1,8.1,True,O,5.25,measured,8.1,5.25,0.6157,6.1193,5.13,5.13,6.1193,5.13,5.13,T01_1
FNA_A01,26,Mabea angularis,Euphorbiaceae,715691.1907,8617132.751,0.615698006,0.026970955,15.5,3.58,,20131019,A,O,T01,14.47,14.47,feldpausch_regional,0.18,default,0.0,15.5,14.47,15.5,True,O,3.58,measured,15.5,3.58,0.6157,14.9478,13.7341,13.7341,14.9478,13.7341,13.7341,T01_1
FNA_A01,27,,,715688.7043,8617147.543,0.58,0.113012135,23.8,8.34,,20131019,D,O,T01,19.2,19.2,feldpausch_regional,0.18,default,0.0,23.8,19.2,23.8,False,O,8.34,measured,23.8,8.34,0.8064,78.8128,78.8128,105.1814,78.8128,78.8128,105.1814,T01_1
FNA_A01,28,,,715688.5459,8617142.453,0.45,0.05140671,22.8,4.82,,20131019,D,O,T01,18.68,18.68,feldpausch_regional,0.18,default,0.0,22.8,18.68,22.8,False,O,4.82,measured,22.8,4.82,0.8064,42.4427,42.4427,56.6429,42.4427,42.4427,56.6429,T01_1
FNA_A01,29,,,715706.6468,8617143.353,0.58,0.1770212,31.2,7.45,,20131019,D,O,T01,22.65,22.65,feldpausch_regional,0.18,default,0.0,31.2,22.65,31.2,False,O,7.45,measured,31.2,7.45,0.8064,119.7499,119.7499,159.8148,119.7499,119.7499,159.8148,T01_1
FNA_A01,30,,,715673.7456,8617133.983,0.58,0.216848136,27.7,12.76,,20131019,D,O,T01,21.09,21.09,feldpausch_regional,0.18,default,0.0,27.7,21.09,27.7,False,O,12.76,measured,27.7,12.76,0.8064,160.5061,160.5061,214.2069,160.5061,160.5061,214.2069,T01_1
FNA_A01,31,,,715674.5295,8617111.824,0.58,0.044560926,19.5,4.35,,20131019,D,O,T01,16.88,16.88,feldpausch_regional,0.18,default,0.0,19.5,16.88,19.5,False,O,4.35,measured,19.5,4.35,0.8064,28.2992,28.2992,37.7673,28.2992,28.2992,37.7673,T01_1
FNA_A01,32,,,715695.5005,8617107.111,0.7,0.037200583,12.5,8.22,,20131019,D,O,T01,12.46,12.46,feldpausch_regional,0.18,default,0.0,12.5,12.46,12.5,False,O,8.22,measured,12.5,8.22,0.8064,22.1077,22.1077,29.5043,22.1077,22.1077,29.5043,T01_1
FNA_A01,33,,,715692.0884,8617260.287,0.7,0.642870042,44.5,12.02,,20131019,D,O,T01,27.59,27.59,feldpausch_regional,0.18,default,0.0,44.5,27.59,44.5,False,O,12.02,measured,44.5,12.02,0.8064,381.9849,381.9849,509.7863,381.9849,381.9849,509.7863,T01_2
FNA_A01,34,Cordia scabrifolia,Boraginaceae,715691.6182,8617263.25,0.474,0.004823493,7.5,3.55,2.82,20131019,A,O,T01,8.6,8.6,feldpausch_regional,0.18,default,0.0,7.5,8.6,7.5,True,O,3.55,measured,7.5,3.55,0.474,3.5942,3.1935,3.1935,3.5942,3.1935,3.1935,T01_2
FNA_A01,35,,,715696.7171,8617263.02,0.7,0.024099109,11.4,6.06,,20131019,D,O,T01,11.67,11.67,feldpausch_regional,0.18,default,0.0,11.4,11.67,11.4,False,O,6.06,measured,11.4,6.06,0.8064,13.7162,13.7162,18.3052,13.7162,13.7162,18.3052,T01_2
FNA_A01,36,Esenbeckia febrifuga,Rutaceae,715690.4731,8617264.086,0.64,0.012848233,6.8,8.53,5.76,20131019,A,O,T01,7.99,7.99,feldpausch_regional,0.18,default,0.0,6.8,7.99,6.8,True,O,8.53,measured,6.8,8.53,1.0485,6.9843,5.3777,5.3777,6.9843,5.3777,5.3777,T01_2
FNA_A01,37,,,715697.0787,8617267.123,0.7,0.014512016,9.0,5.81,4.49,20131019,D,O,T01,9.84,9.84,feldpausch_regional,0.18,default,0.0,9.0,9.84,9.0,False,O,5.81,measured,9.0,5.81,0.8064,8.2981,8.2981,11.0744,8.2981,8.2981,11.0744,T01_2
FNA_A01,38,Esenbeckia febrifuga,Rutaceae,715693.9567,8617267.655,0.64,0.005117802,5.5,5.19,,20131019,A,O,T01,6.81,6.81,feldpausch_regional,0.18,default,0.0,5.5,6.81,5.5,True,O,5.19,measured,5.5,5.19,1.0485,2.8422,2.3431,2.3431,2.8422,2.3431,2.3431,T01_2
FNA_A01,39,,,715689.1107,8617279.052,0.45,0.006162352,7.5,5.46,,20131019,D,O,T01,8.6,8.6,feldpausch_regional,0.18,default,0.0,7.5,8.6,7.5,False,O,5.46,measured,7.5,5.46,0.8064,5.4712,5.4712,7.3017,5.4712,5.4712,7.3017,T01_2
FNA_A01,40,Esenbeckia febrifuga,Rutaceae,715685.8195,8617299.793,0.64,0.007669233,5.7,7.25,5.51,20131019,A,O,T01,6.99,6.99,feldpausch_regional,0.18,default,0.0,5.7,6.99,5.7,True,O,7.25,measured,5.7,7.25,1.0485,4.223,3.308,3.308,4.223,3.308,3.308,T01_2
FNA_A01,41,Esenbeckia febrifuga,Rutaceae,715687.2781,8617296.981,0.64,0.005893315,5.4,6.2,4.85,20131019,A,O,T01,6.71,6.71,feldpausch_regional,0.18,default,0.0,5.4,6.71,5.4,True,O,6.2,measured,5.4,6.2,1.0485,3.2619,2.6123,2.6123,3.2619,2.6123,2.6123,T01_2
FNA_A01,42,Esenbeckia febrifuga,Rutaceae,715686.7599,8617293.867,0.64,0.013164048,7.6,7.0,4.76,20131019,A,O,T01,8.68,8.68,feldpausch_regional,0.18,default,0.0,7.6,8.68,7.6,True,O,7.0,measured,7.6,7.0,1.0485,7.1552,5.7145,5.7145,7.1552,5.7145,5.7145,T01_2
FNA_A01,43,Esenbeckia febrifuga,Rutaceae,715685.6147,8617294.703,0.64,0.025280195,22.8,1.49,,20131019,A,O,T01,18.68,18.68,feldpausch_regional,0.18,default,0.0,22.8,18.68,22.8,True,O,1.49,measured,22.8,1.49,1.0485,13.4952,14.5076,14.5076,13.4952,14.5076,14.5076,T01_2
FNA_A01,44,,,715651.2242,8617294.486,0.45,0.009042065,8.7,6.08,,20131019,D,O,T01,9.6,9.6,feldpausch_regional,0.18,default,0.0,8.7,9.6,8.7,False,O,6.08,measured,8.7,6.08,0.8064,8.1188,8.1188,10.8351,8.1188,8.1188,10.8351,T01_2
FNA_A01,45,Esenbeckia febrifuga,Rutaceae,715651.4062,8617294.615,0.64,0.005024915,5.7,4.75,3.07,20131019,A,O,T01,6.99,6.99,feldpausch_regional,0.18,default,0.0,5.7,6.99,5.7,True,O,4.75,measured,5.7,4.75,1.0485,2.795,2.3407,2.3407,2.795,2.3407,2.3407,T01_2
FNA_A01,46,,,715651.803,8617284.458,0.58,0.086325015,17.2,13.27,,20131019,D,O,T01,15.53,15.53,feldpausch_regional,0.18,default,0.0,17.2,15.53,17.2,False,O,13.27,measured,17.2,13.27,0.8064,65.7861,65.7861,87.7963,65.7861,65.7861,87.7963,T01_2
FNA_A01,47,Cordia scabrifolia,Boraginaceae,715629.37,8617403.385,0.474,0.002536589,5.5,3.48,1.79,20131019,A,O,T01,6.81,6.81,feldpausch_regional,0.18,default,0.0,5.5,6.81,5.5,True,O,3.48,measured,5.5,3.48,0.474,1.9241,1.6896,1.6896,1.9241,1.6896,1.6896,T01_3
FNA_A01,48,,,715632.1096,8617409.849,0.7,2.220368432,58.8,27.67,,20131019,D,O,T01,31.64,31.64,feldpausch_regional,0.18,default,0.0,58.8,31.64,58.8,False,O,27.67,measured,58.8,27.67,0.8064,1484.8623,1484.8623,1981.6556,1484.8623,1484.8623,1981.6556,T01_3
FNA_A01,49,,,715632.8774,8617404.908,0.58,0.082619529,26.6,4.33,,20131019,D,O,T01,20.58,20.58,feldpausch_regional,0.18,default,0.0,26.6,20.58,26.6,False,O,4.33,measured,26.6,4.33,0.8064,51.6466,51.6466,68.9261,51.6466,51.6466,68.9261,T01_3
FNA_A01,50,,,715648.0946,8617411.178,0.58,0.139145738,25.9,8.75,,20131019,D,O,T01,20.24,20.24,feldpausch_regional,0.18,default,0.0,25.9,20.24,25.9,False,O,8.75,measured,25.9,8.75,0.8064,97.4141,97.4141,130.0061,97.4141,97.4141,130.0061,T01_3
FNA_A01,51,,,715658.2963,8617410.649,0.58,0.023400038,19.4,2.0,,20131019,D,O,T01,16.83,16.83,feldpausch_regional,0.18,default,0.0,19.4,16.83,19.4,False,O,2.0,measured,19.4,2.0,0.8064,13.1237,13.1237,17.5145,13.1237,13.1237,17.5145,T01_3
FNA_A01,53,,,715674.3667,8617404.916,0.7,0.00572735,6.8,3.7,,20131019,D,O,T01,7.99,7.99,feldpausch_regional,0.18,default,0.0,6.8,7.99,6.8,False,O,3.7,measured,6.8,3.7,0.8064,3.0909,3.0909,4.125,3.0909,3.0909,4.125,T01_3
FNA_A01,54,,,715664.1985,8617437.789,0.7,0.39753738,32.7,14.18,,20131019,D,O,T01,23.28,23.28,feldpausch_regional,0.18,default,0.0,32.7,23.28,32.7,False,O,14.18,measured,32.7,14.18,0.8064,245.9767,245.9767,328.2736,245.9767,245.9767,328.2736,T01_3
FNA_A01,55,Aspidosperma polyneuron,Apocynaceae,715630.5394,8617446.001,0.75,1.152175556,35.7,23.68,16.28,20131019,A,O,T01,24.48,24.48,feldpausch_regional,0.18,default,0.0,35.7,24.48,35.7,True,O,23.68,measured,35.7,23.68,0.7384,481.5768,341.6962,341.6962,481.5768,341.6962,341.6962,T01_3
FNA_A01,56,,,715606.53,8617557.171,0.58,0.012012961,8.4,6.87,,20131019,D,O,T01,9.35,9.35,feldpausch_regional,0.18,default,0.0,8.4,9.35,8.4,False,O,6.87,measured,8.4,6.87,0.8064,8.5413,8.5413,11.399,8.5413,8.5413,11.399,T01_4
FNA_A01,57,,,715619.5838,8617551.489,0.58,0.02485002,13.0,5.74,,20131019,D,O,T01,12.81,12.81,feldpausch_regional,0.18,default,0.0,13.0,12.81,13.0,False,O,5.74,measured,13.0,5.74,0.8064,16.8103,16.8103,22.4346,16.8103,16.8103,22.4346,T01_4
FNA_A01,58,,,715612.4985,8617557.785,0.58,0.018615218,12.4,4.53,,20131019,D,O,T01,12.39,12.39,feldpausch_regional,0.18,default,0.0,12.4,12.39,12.4,False,O,4.53,measured,12.4,4.53,0.8064,12.1667,12.1667,16.2373,12.1667,12.1667,16.2373,T01_4
FNA_A01,59,Aspidosperma nitidum,Apocynaceae,715605.7332,8617580.875,0.763327689,6.942663921,73.2,33.35,15.98,20131019,A,O,T01,34.79,34.79,feldpausch_regional,0.18,default,0.0,73.2,34.79,73.2,True,O,33.35,measured,73.2,33.35,0.7635,2732.2967,1900.9646,1900.9646,2732.2967,1900.9646,1900.9646,T01_4
FNA_A01,60,,,715611.6163,8617575.759,0.58,0.242378772,33.3,9.32,,20131019,D,O,T01,23.53,23.53,feldpausch_regional,0.18,default,0.0,33.3,23.53,33.3,False,O,9.32,measured,33.3,9.32,0.8064,169.2083,169.2083,225.8207,169.2083,169.2083,225.8207,T01_4
FNA_A01,61,Mezilaurus itauba,Lauraceae,715621.8828,8617574.809,0.720305556,1.714275353,43.4,24.82,13.0,20131019,A,O,T01,27.23,27.23,feldpausch_regional,0.18,default,0.0,43.4,27.23,43.4,True,O,24.82,measured,43.4,24.82,0.7443,738.1883,524.7915,524.7915,738.1883,524.7915,524.7915,T01_4
FNA_A01,62,,,715622.0527,8617567.5,0.58,0.087805111,21.0,8.32,,20131019,D,O,T01,17.72,17.72,feldpausch_regional,0.18,default,0.0,21.0,17.72,21.0,False,O,8.32,measured,21.0,8.32,0.8064,61.5847,61.5847,82.1893,61.5847,61.5847,82.1893,T01_4
FNA_A01,63,,,715628.2549,8617560.41,0.58,0.055640148,17.1,7.87,,20131019,D,O,T01,15.47,15.47,feldpausch_regional,0.18,default,0.0,17.1,15.47,17.1,False,O,7.87,measured,17.1,7.87,0.8064,39.0607,39.0607,52.1294,39.0607,39.0607,52.1294,T01_4
FNA_A01,64,,,715625.1391,8617592.205,0.58,0.633426531,36.3,24.43,,20131019,D,O,T01,24.71,24.71,feldpausch_regional,0.18,default,0.0,36.3,24.71,36.3,False,O,24.43,measured,36.3,24.43,0.8064,512.8752,512.8752,684.4689,512.8752,512.8752,684.4689,T01_4
FNA_A01,65,,,715624.8201,8617594.18,0.7,0.085365032,22.8,5.22,,20131019,D,O,T01,18.68,18.68,feldpausch_regional,0.18,default,0.0,22.8,18.68,22.8,False,O,5.22,measured,22.8,5.22,0.8064,45.8771,45.8771,61.2263,45.8771,45.8771,61.2263,T01_4
FNA_A01,66,,,715602.9356,8617591.928,0.7,0.031726549,14.4,4.79,,20131019,D,O,T01,13.76,13.76,feldpausch_regional,0.18,default,0.0,14.4,13.76,14.4,False,O,4.79,measured,14.4,4.79,0.8064,17.2025,17.2025,22.958,17.2025,17.2025,22.958,T01_4
FNA_A01,67,,,715647.5397,8617597.521,0.7,0.01968359,16.3,1.97,,20131019,D,O,T01,14.98,14.98,feldpausch_regional,0.18,default,0.0,16.3,14.98,16.3,False,O,1.97,measured,16.3,1.97,0.8064,9.2056,9.2056,12.2855,9.2056,9.2056,12.2855,T01_4
FNA_A01,68,,,715640.0228,8617587.715,0.58,0.047827246,21.7,3.65,,20131019,D,O,T01,18.1,18.1,feldpausch_regional,0.18,default,0.0,21.7,18.1,21.7,False,O,3.65,measured,21.7,3.65,0.8064,29.3784,29.3784,39.2076,29.3784,29.3784,39.2076,T01_4
FNA_A01,69,,,715638.5495,8617590.575,0.58,0.101873918,22.8,8.16,,20131019,D,O,T01,18.68,18.68,feldpausch_regional,0.18,default,0.0,22.8,18.68,22.8,False,O,8.16,measured,22.8,8.16,0.8064,70.9511,70.9511,94.6893,70.9511,70.9511,94.6893,T01_4
FNA_A01,1,Esenbeckia febrifuga,Rutaceae,715481.1207,8617074.351,0.64,0.005380056,5.5,5.46,3.44,20131020,A,O,T02,6.81,6.81,feldpausch_regional,0.18,default,0.0,5.5,6.81,5.5,True,O,5.46,measured,5.5,5.46,1.0485,2.9864,2.4424,2.4424,2.9864,2.4424,2.4424,T02_1
FNA_A01,2,Cecropia distachya,Urticaceae,715482.5004,8617071.329,0.358461538,0.004596191,6.3,6.35,,20131020,A,O,T02,7.54,7.54,feldpausch_regional,0.18,default,0.0,6.3,7.54,6.3,True,O,6.35,measured,6.3,6.35,0.3404,4.5111,3.6258,3.6258,4.5111,3.6258,3.6258,T02_1
FNA_A01,3,Esenbeckia febrifuga,Rutaceae,715486.8938,8617076.276,0.64,0.008426615,6.2,6.73,2.98,20131020,A,O,T02,7.45,7.45,feldpausch_regional,0.18,default,0.0,6.2,7.45,6.2,True,O,6.73,measured,6.2,6.73,1.0485,4.6276,3.6826,3.6826,4.6276,3.6826,3.6826,T02_1
FNA_A01,4,Esenbeckia febrifuga,Rutaceae,715485.8821,8617076.926,0.64,0.014304756,8.4,6.22,3.52,20131020,A,O,T02,9.35,9.35,feldpausch_regional,0.18,default,0.0,8.4,9.35,8.4,True,O,6.22,measured,8.4,6.22,1.0485,7.7516,6.3378,6.3378,7.7516,6.3378,6.3378,T02_1
FNA_A01,5,,,715494.663,8617074.467,0.7,0.243624303,26.4,13.15,,20131020,D,O,T02,20.48,20.48,feldpausch_regional,0.18,default,0.0,26.4,20.48,26.4,False,O,13.15,measured,26.4,13.15,0.8064,150.4884,150.4884,200.8376,150.4884,150.4884,200.8376,T02_1
FNA_A01,6,,,715495.1907,8617077.588,0.58,0.050397687,17.7,6.41,,20131020,D,O,T02,15.83,15.83,feldpausch_regional,0.18,default,0.0,17.7,15.83,17.7,False,O,6.41,measured,17.7,6.41,0.8064,34.1978,34.1978,45.6394,34.1978,34.1978,45.6394,T02_1
FNA_A01,7,,,715498.614,8617075.092,0.58,0.01883606,14.6,3.08,,20131020,D,O,T02,13.89,13.89,feldpausch_regional,0.18,default,0.0,14.6,13.89,14.6,False,O,3.08,measured,14.6,3.08,0.8064,11.4843,11.4843,15.3266,11.4843,11.4843,15.3266,T02_1
FNA_A01,8,,,715505.5281,8617076.185,0.6,0.024969816,15.5,3.6,,20131020,D,O,T02,14.47,14.47,feldpausch_regional,0.18,default,0.0,15.5,14.47,15.5,False,O,3.6,measured,15.5,3.6,0.8064,15.0293,15.0293,20.0577,15.0293,15.0293,20.0577,T02_1
FNA_A01,9,,,715506.0557,8617079.305,0.7,0.080604392,15.5,12.51,,20131020,D,O,T02,14.47,14.47,feldpausch_regional,0.18,default,0.0,15.5,14.47,15.5,False,O,12.51,measured,15.5,12.51,0.8064,50.6887,50.6887,67.6477,50.6887,50.6887,67.6477,T02_1
FNA_A01,10,,,715514.4853,8617083.675,0.7,0.065827066,18.6,6.25,,20131020,D,O,T02,16.36,16.36,feldpausch_regional,0.18,default,0.0,18.6,16.36,18.6,False,O,6.25,measured,18.6,6.25,0.8064,36.7561,36.7561,49.0536,36.7561,36.7561,49.0536,T02_1
FNA_A01,11,,,715519.6449,8617089.553,0.58,0.036938654,14.2,7.51,,20131020,D,O,T02,13.62,13.62,feldpausch_regional,0.18,default,0.0,14.2,13.62,14.2,False,O,7.51,measured,14.2,7.51,0.8064,25.9628,25.9628,34.6493,25.9628,25.9628,34.6493,T02_1
FNA_A01,12,,,715514.1604,8617098.81,0.7,0.204866562,23.4,14.29,,20131020,D,O,T02,18.99,18.99,feldpausch_regional,0.18,default,0.0,23.4,18.99,23.4,False,O,14.29,measured,23.4,14.29,0.8064,128.9679,128.9679,172.1169,128.9679,128.9679,172.1169,T02_1
FNA_A01,13,,,715509.7494,8617101.15,0.58,0.190253452,27.8,10.78,,20131020,D,O,T02,21.14,21.14,feldpausch_regional,0.18,default,0.0,27.8,21.14,27.8,False,O,10.78,measured,27.8,10.78,0.8064,137.1109,137.1109,182.9844,137.1109,137.1109,182.9844,T02_1
FNA_A01,14,,,715509.5779,8617115.297,0.58,0.242953281,30.5,11.59,,20131020,D,O,T02,22.35,22.35,feldpausch_regional,0.18,default,0.0,30.5,22.35,30.5,False,O,11.59,measured,30.5,11.59,0.8064,176.3435,176.3435,235.3431,176.3435,176.3435,235.3431,T02_1
FNA_A01,15,,,715495.2689,8617120.121,0.58,0.013590305,13.7,2.42,,20131020,D,O,T02,13.29,13.29,feldpausch_regional,0.18,default,0.0,13.7,13.29,13.7,False,O,2.42,measured,13.7,2.42,0.8064,8.0157,8.0157,10.6976,8.0157,8.0157,10.6976,T02_1
FNA_A01,16,,,715493.9952,8617117.895,0.58,0.205361934,23.0,18.82,,20131020,D,O,T02,18.79,18.79,feldpausch_regional,0.18,default,0.0,23.0,18.79,23.0,False,O,18.82,measured,23.0,18.82,0.8064,163.1482,163.1482,217.733,163.1482,163.1482,217.733,T02_1
FNA_A01,17,,,715491.2711,8617109.365,0.58,0.028868037,14.6,5.19,,20131020,D,O,T02,13.89,13.89,feldpausch_regional,0.18,default,0.0,14.6,13.89,14.6,False,O,5.19,measured,14.6,5.19,0.8064,19.1109,19.1109,25.5049,19.1109,19.1109,25.5049,T02_1
FNA_A01,18,,,715461.3822,8617227.784,0.58,0.185930435,49.0,2.62,,20131020,D,O,T02,28.99,28.99,feldpausch_regional,0.18,default,0.0,49.0,28.99,49.0,False,O,2.62,measured,49.0,2.62,0.8064,104.2283,104.2283,139.1001,104.2283,104.2283,139.1001,T02_2
FNA_A01,19,,,715467.1871,8617235.772,0.58,0.058268288,24.6,3.42,,20131020,D,O,T02,19.6,19.6,feldpausch_regional,0.18,default,0.0,24.6,19.6,24.6,False,O,3.42,measured,24.6,3.42,0.8064,35.2189,35.2189,47.0021,35.2189,35.2189,47.0021,T02_2
FNA_A01,20,,,715465.1156,8617236.057,0.7,0.023719709,11.5,5.82,,20131020,D,O,T02,11.75,11.75,feldpausch_regional,0.18,default,0.0,11.5,11.75,11.5,False,O,5.82,measured,11.5,5.82,0.8064,13.4124,13.4124,17.8999,13.4124,13.4124,17.8999,T02_2
FNA_A01,21,,,715477.0681,8617237.31,0.7,0.088861172,19.5,8.04,,20131020,D,O,T02,16.88,16.88,feldpausch_regional,0.18,default,0.0,19.5,16.88,19.5,False,O,8.04,measured,19.5,8.04,0.8064,51.5393,51.5393,68.7828,51.5393,51.5393,68.7828,T02_2
FNA_A01,22,,,715470.2217,8617248.389,0.7,0.047509092,15.6,6.45,,20131020,D,O,T02,14.54,14.54,feldpausch_regional,0.18,default,0.0,15.6,14.54,15.6,False,O,6.45,measured,15.6,6.45,0.8064,26.8887,26.8887,35.8849,26.8887,26.8887,35.8849,T02_2
FNA_A01,23,,,715470.3806,8617247.401,0.7,0.0301436,13.0,5.78,,20131020,D,O,T02,12.81,12.81,feldpausch_regional,0.18,default,0.0,13.0,12.81,13.0,False,O,5.78,measured,13.0,5.78,0.8064,16.9246,16.9246,22.5872,16.9246,16.9246,22.5872,T02_2
FNA_A01,24,,,715492.5067,8617260.966,0.7,0.019327816,12.5,3.69,,20131020,D,O,T02,12.46,12.46,feldpausch_regional,0.18,default,0.0,12.5,12.46,12.5,False,O,3.69,measured,12.5,3.69,0.8064,10.1169,10.1169,13.5017,10.1169,10.1169,13.5017,T02_2
FNA_A01,25,,,715496.6179,8617260.594,0.7,0.022171754,10.8,6.25,,20131020,D,O,T02,11.23,11.23,feldpausch_regional,0.18,default,0.0,10.8,11.23,10.8,False,O,6.25,measured,10.8,6.25,0.8064,12.7199,12.7199,16.9756,12.7199,12.7199,16.9756,T02_2
FNA_A01,26,,,715497.4472,8617261.735,0.7,0.253687051,29.5,10.53,,20131020,D,O,T02,21.91,21.91,feldpausch_regional,0.18,default,0.0,29.5,21.91,29.5,False,O,10.53,measured,29.5,10.53,0.8064,150.4677,150.4677,200.81,150.4677,150.4677,200.81,T02_2
FNA_A01,27,,,715494.1652,8617263.248,0.7,0.134668696,21.1,11.02,,20131020,D,O,T02,17.78,17.78,feldpausch_regional,0.18,default,0.0,21.1,17.78,21.1,False,O,11.02,measured,21.1,11.02,0.8064,81.7766,81.7766,109.1368,81.7766,81.7766,109.1368,T02_2
FNA_A01,28,,,715489.1011,8617269.544,0.7,0.235991655,25.7,13.51,,20131020,D,O,T02,20.14,20.14,feldpausch_regional,0.18,default,0.0,25.7,20.14,25.7,False,O,13.51,measured,25.7,13.51,0.8064,146.6121,146.6121,195.6644,146.6121,146.6121,195.6644,T02_2
FNA_A01,29,,,715488.0778,8617263.313,0.58,0.446949821,30.5,24.42,,20131020,D,O,T02,22.35,22.35,feldpausch_regional,0.18,default,0.0,30.5,22.35,30.5,False,O,24.42,measured,30.5,24.42,0.8064,364.9671,364.9671,487.0749,364.9671,364.9671,487.0749,T02_2
FNA_A01,30,,,715491.7126,8617265.903,0.7,1.517214637,50.9,24.72,,20131020,D,O,T02,29.54,29.54,feldpausch_regional,0.18,default,0.0,50.9,29.54,50.9,False,O,24.72,measured,50.9,24.72,0.8064,1003.6657,1003.6657,1339.4642,1003.6657,1003.6657,1339.4642,T02_2
FNA_A01,31,,,715488.7131,8617259.364,0.7,0.123047684,16.4,18.28,,20131020,D,O,T02,15.04,15.04,feldpausch_regional,0.18,default,0.0,16.4,15.04,16.4,False,O,18.28,measured,16.4,18.28,0.8064,81.9454,81.9454,109.3621,81.9454,81.9454,109.3621,T02_2
FNA_A01,32,,,715487.7602,8617265.287,0.7,0.238237002,22.6,18.71,,20131020,D,O,T02,18.58,18.58,feldpausch_regional,0.18,default,0.0,22.6,18.58,22.6,False,O,18.71,measured,22.6,18.71,0.8064,156.7561,156.7561,209.2023,156.7561,156.7561,209.2023,T02_2
FNA_A01,33,,,715488.113,8617269.39,0.58,0.123280128,20.6,13.2,,20131020,D,O,T02,17.5,17.5,feldpausch_regional,0.18,default,0.0,20.6,17.5,20.6,False,O,13.2,measured,20.6,13.2,0.8064,93.07,93.07,124.2086,93.07,93.07,124.2086,T02_2
FNA_A01,34,,,715477.2439,8617267.698,0.58,0.00709593,10.1,2.3,,20131020,D,O,T02,10.7,10.7,feldpausch_regional,0.18,default,0.0,10.1,10.7,10.1,False,O,2.3,measured,10.1,2.3,0.8064,4.2067,4.2067,5.6142,4.2067,4.2067,5.6142,T02_2
FNA_A01,35,,,715467.9982,8617262.211,0.58,0.083146378,19.2,9.69,,20131020,D,O,T02,16.71,16.71,feldpausch_regional,0.18,default,0.0,19.2,16.71,19.2,False,O,9.69,measured,19.2,9.69,0.8064,59.9952,59.9952,80.0679,59.9952,59.9952,80.0679,T02_2
FNA_A01,36,,,715468.9863,8617262.365,0.7,0.256029423,23.6,18.38,,20131020,D,O,T02,19.1,19.1,feldpausch_regional,0.18,default,0.0,23.6,19.1,23.6,False,O,18.38,measured,23.6,18.38,0.8064,167.6433,167.6433,223.732,167.6433,167.6433,223.732,T02_2
FNA_A01,37,,,715467.1689,8617261.07,0.6,0.197565442,27.6,11.03,,20131020,D,O,T02,21.05,21.05,feldpausch_regional,0.18,default,0.0,27.6,21.05,27.6,False,O,11.03,measured,27.6,11.03,0.8064,138.2512,138.2512,184.5062,138.2512,138.2512,184.5062,T02_2
FNA_A01,38,,,715470.6097,8617258.569,0.58,0.385404172,29.0,23.05,,20131020,D,O,T02,21.68,21.68,feldpausch_regional,0.18,default,0.0,29.0,21.68,29.0,False,O,23.05,measured,29.0,23.05,0.8064,312.6284,312.6284,417.2251,312.6284,312.6284,417.2251,T02_2
FNA_A01,39,,,715448.7479,8617262.25,0.58,0.353143143,49.2,5.69,,20131020,D,O,T02,29.05,29.05,feldpausch_regional,0.18,default,0.0,49.2,29.05,49.2,False,O,5.69,measured,49.2,5.69,0.8064,223.9578,223.9578,298.8878,223.9578,223.9578,298.8878,T02_2
FNA_A01,40,,,715436.8505,8617369.129,0.58,0.11671672,38.0,2.76,,20131020,D,O,T02,25.35,25.35,feldpausch_regional,0.18,default,0.0,38.0,25.35,38.0,False,O,2.76,measured,38.0,2.76,0.8064,66.7614,66.7614,89.0979,66.7614,66.7614,89.0979,T02_3
FNA_A01,41,,,715440.1595,8617373.786,0.58,0.041795023,15.1,7.52,,20131020,D,O,T02,14.21,14.21,feldpausch_regional,0.18,default,0.0,15.1,14.21,15.1,False,O,7.52,measured,15.1,7.52,0.8064,29.3098,29.3098,39.116,29.3098,29.3098,39.116,T02_3
FNA_A01,42,,,715443.9819,8617381.583,0.58,0.368940472,29.5,20.96,,20131020,D,O,T02,21.91,21.91,feldpausch_regional,0.18,default,0.0,29.5,21.91,29.5,False,O,20.96,measured,29.5,20.96,0.8064,294.5989,294.5989,393.1635,294.5989,294.5989,393.1635,T02_3
FNA_A01,43,,,715445.9504,8617381.936,0.58,0.287368317,25.9,21.22,,20131020,D,O,T02,20.24,20.24,feldpausch_regional,0.18,default,0.0,25.9,20.24,25.9,False,O,21.22,measured,25.9,21.22,0.8064,231.2732,231.2732,308.6507,231.2732,231.2732,308.6507,T02_3
FNA_A01,44,,,715446.0773,8617400.243,0.58,0.092434587,20.0,9.98,,20131020,D,O,T02,17.17,17.17,feldpausch_regional,0.18,default,0.0,20.0,17.17,20.0,False,O,9.98,measured,20.0,9.98,0.8064,66.8687,66.8687,89.241,66.8687,66.8687,89.241,T02_3
FNA_A01,45,,,715443.9518,8617400.877,0.58,0.173296294,45.1,2.95,,20131020,D,O,T02,27.79,27.79,feldpausch_regional,0.18,default,0.0,45.1,27.79,45.1,False,O,2.95,measured,45.1,2.95,0.8064,99.5313,99.5313,132.8317,99.5313,99.5313,132.8317,T02_3
FNA_A01,46,,,715432.6116,8617395.794,0.58,0.081173792,17.8,11.32,,20131020,D,O,T02,15.89,15.89,feldpausch_regional,0.18,default,0.0,17.8,15.89,17.8,False,O,11.32,measured,17.8,11.32,0.8064,60.233,60.233,80.3853,60.233,60.233,80.3853,T02_3
FNA_A01,47,,,715428.2556,8617407.913,0.7,0.076777026,16.3,10.42,,20131020,D,O,T02,14.98,14.98,feldpausch_regional,0.18,default,0.0,16.3,14.98,16.3,False,O,10.42,measured,16.3,10.42,0.8064,46.7832,46.7832,62.4355,46.7832,46.7832,62.4355,T02_3
FNA_A01,48,,,715426.6759,8617414.028,0.7,0.063527431,17.2,7.25,,20131020,D,O,T02,15.53,15.53,feldpausch_regional,0.18,default,0.0,17.2,15.53,17.2,False,O,7.25,measured,17.2,7.25,0.8064,36.4672,36.4672,48.6681,36.4672,36.4672,48.6681,T02_3
FNA_A01,49,,,715475.877,8617397.467,0.58,0.619118537,44.0,14.85,,20131020,D,O,T02,27.43,27.43,feldpausch_regional,0.18,default,0.0,44.0,27.43,44.0,False,O,14.85,measured,44.0,14.85,0.8064,459.2882,459.2882,612.9532,459.2882,459.2882,612.9532,T02_3
FNA_A01,50,,,715473.9084,8617397.113,0.6,0.815153086,40.7,24.12,,20131020,D,O,T02,26.32,26.32,feldpausch_regional,0.18,default,0.0,40.7,26.32,40.7,False,O,24.12,measured,40.7,24.12,0.8064,633.2705,633.2705,845.145,633.2705,633.2705,845.145,T02_3
FNA_A01,51,,,715468.6731,8617398.205,0.6,0.352239446,28.7,20.32,,20131020,D,O,T02,21.55,21.55,feldpausch_regional,0.18,default,0.0,28.7,21.55,28.7,False,O,20.32,measured,28.7,20.32,0.8064,270.8817,270.8817,361.5111,270.8817,270.8817,361.5111,T02_3
FNA_A01,52,Cordia scabrifolia,Boraginaceae,715433.4716,8617524.81,0.474,1.31213887,48.8,22.84,16.54,20131020,A,O,T02,28.93,28.93,feldpausch_regional,0.18,default,0.0,48.8,28.93,48.8,True,O,22.84,measured,48.8,22.84,0.474,855.7434,619.887,619.887,855.7434,619.887,619.887,T02_4
FNA_A01,53,,,715429.8751,8617528.26,0.6,0.133116257,23.5,10.08,,20131020,D,O,T02,19.05,19.05,feldpausch_regional,0.18,default,0.0,23.5,19.05,23.5,False,O,10.08,measured,23.5,10.08,0.8064,92.5045,92.5045,123.4538,92.5045,92.5045,123.4538,T02_4
FNA_A01,54,,,715430.5707,8617536.49,0.6,0.031267513,15.6,4.67,,20131020,D,O,T02,14.54,14.54,feldpausch_regional,0.18,default,0.0,15.6,14.54,15.6,False,O,4.67,measured,15.6,4.67,0.8064,19.6197,19.6197,26.184,19.6197,19.6197,26.184,T02_4
FNA_A01,55,,,715440.9102,8617535.191,0.6,0.24524066,30.8,10.98,,20131020,D,O,T02,22.48,22.48,feldpausch_regional,0.18,default,0.0,30.8,22.48,30.8,False,O,10.98,measured,30.8,10.98,0.8064,170.506,170.506,227.5525,170.506,170.506,227.5525,T02_4
FNA_A01,56,,,715445.9714,8617528.946,0.7,0.422563848,26.5,25.55,,20131020,D,O,T02,20.53,20.53,feldpausch_regional,0.18,default,0.0,26.5,20.53,26.5,False,O,25.55,measured,26.5,25.55,0.8064,289.9013,289.9013,386.8941,289.9013,289.9013,386.8941,T02_4
FNA_A01,57,,,715448.2914,8617533.394,0.7,0.936128877,37.2,29.48,,20131020,D,O,T02,25.05,25.05,feldpausch_regional,0.18,default,0.0,37.2,25.05,37.2,False,O,29.48,measured,37.2,29.48,0.8064,646.2779,646.2779,862.5044,646.2779,646.2779,862.5044,T02_4
FNA_A01,58,,,715454.3674,8617533.404,0.7,0.114306773,21.5,8.61,,20131020,D,O,T02,17.99,17.99,feldpausch_regional,0.18,default,0.0,21.5,17.99,21.5,False,O,8.61,measured,21.5,8.61,0.8064,66.672,66.672,88.9786,66.672,66.672,88.9786,T02_4
FNA_A01,59,,,715456.1226,8617522.545,0.7,0.546263541,31.0,23.83,,20131020,D,O,T02,22.56,22.56,feldpausch_regional,0.18,default,0.0,31.0,22.56,31.0,False,O,23.83,measured,31.0,23.83,0.8064,367.8509,367.8509,490.9235,367.8509,367.8509,490.9235,T02_4
FNA_A01,60,,,715447.5223,8617544.419,0.7,0.027291688,16.8,2.73,,20131020,D,O,T02,15.29,15.29,feldpausch_regional,0.18,default,0.0,16.8,15.29,16.8,False,O,2.73,measured,16.8,2.73,0.8064,13.4264,13.4264,17.9185,13.4264,13.4264,17.9185,T02_4
FNA_A01,61,,,715447.8988,8617554.624,0.7,0.055955733,15.6,7.88,,20131020,D,O,T02,14.54,14.54,feldpausch_regional,0.18,default,0.0,15.6,14.54,15.6,False,O,7.88,measured,15.6,7.88,0.8064,32.6926,32.6926,43.6306,32.6926,32.6926,43.6306,T02_4
FNA_A01,62,,,715449.3922,8617557.918,0.7,0.287968284,21.9,25.48,,20131020,D,O,T02,18.21,18.21,feldpausch_regional,0.18,default,0.0,21.9,18.21,21.9,False,O,25.48,measured,21.9,25.48,0.8064,199.2775,199.2775,265.9501,199.2775,199.2775,265.9501,T02_4
FNA_A01,63,,,715448.9135,8617560.879,0.7,0.142300811,36.7,3.05,,20131020,D,O,T02,24.86,24.86,feldpausch_regional,0.18,default,0.0,36.7,24.86,36.7,False,O,3.05,measured,36.7,3.05,0.8064,68.7647,68.7647,91.7714,68.7647,68.7647,91.7714,T02_4
FNA_A01,1,,,715282.9809,8617051.627,0.58,0.06144681,16.7,9.41,,20131020,D,O,T03,15.22,15.22,feldpausch_regional,0.18,default,0.0,16.7,15.22,16.7,False,O,9.41,measured,16.7,9.41,0.8064,44.4045,44.4045,59.261,44.4045,44.4045,59.261,T03_1
FNA_A01,2,,,715285.2289,8617048.61,0.58,0.097602071,21.9,8.54,,20131020,D,O,T03,18.21,18.21,feldpausch_regional,0.18,default,0.0,21.9,18.21,21.9,False,O,8.54,measured,21.9,8.54,0.8064,68.5663,68.5663,91.5066,68.5663,68.5663,91.5066,T03_1
FNA_A01,3,,,715290.107,8617037.99,0.7,0.189740734,23.8,12.48,,20131020,D,O,T03,19.2,19.2,feldpausch_regional,0.18,default,0.0,23.8,19.2,23.8,False,O,12.48,measured,23.8,12.48,0.8064,116.8004,116.8004,155.8785,116.8004,116.8004,155.8785,T03_1
FNA_A01,4,,,715328.472,8617053.115,0.7,0.211279263,36.0,5.18,,20131020,D,O,T03,24.6,24.6,feldpausch_regional,0.18,default,0.0,36.0,24.6,36.0,False,O,5.18,measured,36.0,5.18,0.8064,111.0578,111.0578,148.2146,111.0578,111.0578,148.2146,T03_1
FNA_A01,5,,,715319.9912,8617062.651,0.7,0.013111423,11.3,2.94,,20131020,D,O,T03,11.6,11.6,feldpausch_regional,0.18,default,0.0,11.3,11.6,11.3,False,O,2.94,measured,11.3,2.94,0.8064,6.6554,6.6554,8.8822,6.6554,6.6554,8.8822,T03_1
FNA_A01,6,,,715318.5099,8617068.445,0.7,0.290413042,27.2,15.16,,20131020,D,O,T03,20.86,20.86,feldpausch_regional,0.18,default,0.0,27.2,20.86,27.2,False,O,15.16,measured,27.2,15.16,0.8064,183.2743,183.2743,244.5928,183.2743,183.2743,244.5928,T03_1
FNA_A01,7,,,715324.2175,8617076.606,0.7,0.105398962,20.5,8.76,,20131020,D,O,T03,17.45,17.45,feldpausch_regional,0.18,default,0.0,20.5,17.45,20.5,False,O,8.76,measured,20.5,8.76,0.8064,61.7857,61.7857,82.4575,61.7857,61.7857,82.4575,T03_1
FNA_A01,8,,,715320.0598,8617073.798,0.7,0.0551142,27.7,1.9,,20131020,D,O,T03,21.09,21.09,feldpausch_regional,0.18,default,0.0,27.7,21.09,27.7,False,O,1.9,measured,27.7,1.9,0.8064,25.0175,25.0175,33.3877,25.0175,25.0175,33.3877,T03_1
FNA_A01,9,,,715321.6928,8617078.155,0.7,0.105806543,16.0,16.14,,20131020,D,O,T03,14.79,14.79,feldpausch_regional,0.18,default,0.0,16.0,14.79,16.0,False,O,16.14,measured,16.0,16.14,0.8064,69.1539,69.1539,92.2909,69.1539,69.1539,92.2909,T03_1
FNA_A01,10,,,715313.665,8617078.666,0.7,0.034571834,19.6,2.5,,20131020,D,O,T03,16.94,16.94,feldpausch_regional,0.18,default,0.0,19.6,16.94,19.6,False,O,2.5,measured,19.6,2.5,0.8064,16.6469,16.6469,22.2165,16.6469,16.6469,22.2165,T03_1
FNA_A01,11,,,715297.707,8617066.549,0.6,0.375821631,34.6,13.92,,20131020,D,O,T03,24.05,24.05,feldpausch_regional,0.18,default,0.0,34.6,24.05,34.6,False,O,13.92,measured,34.6,13.92,0.8064,269.7299,269.7299,359.974,269.7299,269.7299,359.974,T03_1
FNA_A01,12,,,715296.1986,8617060.698,0.7,0.043330744,12.9,9.18,,20131020,D,O,T03,12.74,12.74,feldpausch_regional,0.18,default,0.0,12.9,12.74,12.9,False,O,9.18,measured,12.9,9.18,0.8064,26.1858,26.1858,34.9469,26.1858,26.1858,34.9469,T03_1
FNA_A01,13,,,715266.959,8617208.851,0.58,0.089919036,29.7,3.67,,20131020,D,O,T03,22.0,22.0,feldpausch_regional,0.18,default,0.0,29.7,22.0,29.7,False,O,3.67,measured,29.7,3.67,0.8064,54.4999,54.4999,72.734,54.4999,54.4999,72.734,T03_2
FNA_A01,14,,,715278.2092,8617206.576,0.58,0.072307911,19.1,8.27,,20131020,D,O,T03,16.65,16.65,feldpausch_regional,0.18,default,0.0,19.1,16.65,19.1,False,O,8.27,measured,19.1,8.27,0.8064,50.8772,50.8772,67.8993,50.8772,50.8772,67.8993,T03_2
FNA_A01,15,,,715281.2687,8617206.046,0.58,0.021380111,13.5,4.36,,20131020,D,O,T03,13.15,13.15,feldpausch_regional,0.18,default,0.0,13.5,13.15,13.5,False,O,4.36,measured,13.5,4.36,0.8064,13.836,13.836,18.4652,13.836,13.836,18.4652,T03_2
FNA_A01,16,,,715282.6399,8617202.22,0.58,0.013597255,11.1,4.04,,20131020,D,O,T03,11.45,11.45,feldpausch_regional,0.18,default,0.0,11.1,11.45,11.1,False,O,4.04,measured,11.1,4.04,0.8064,8.7652,8.7652,11.6977,8.7652,8.7652,11.6977,T03_2
FNA_A01,17,,,715286.1116,8617197.41,0.58,0.063866013,15.2,12.42,,20131020,D,O,T03,14.28,14.28,feldpausch_regional,0.18,default,0.0,15.2,14.28,15.2,False,O,12.42,measured,15.2,12.42,0.8064,48.4487,48.4487,64.6583,48.4487,48.4487,64.6583,T03_2
FNA_A01,18,,,715315.115,8617198.226,0.7,0.021038571,11.5,5.02,,20131020,D,O,T03,11.75,11.75,feldpausch_regional,0.18,default,0.0,11.5,11.75,11.5,False,O,5.02,measured,11.5,5.02,0.8064,11.6099,11.6099,15.4943,11.6099,11.6099,15.4943,T03_2
FNA_A01,21,,,715302.2944,8617237.641,0.58,0.474622462,35.0,18.77,,20131020,D,O,T03,24.21,24.21,feldpausch_regional,0.18,default,0.0,35.0,24.21,35.0,False,O,18.77,measured,35.0,18.77,0.8064,369.3028,369.3028,492.8612,369.3028,369.3028,492.8612,T03_2
FNA_A01,22,,,715287.3803,8617236.309,0.58,0.36279659,29.9,19.86,,20131020,D,O,T03,22.09,22.09,feldpausch_regional,0.18,default,0.0,29.9,22.09,29.9,False,O,19.86,measured,29.9,19.86,0.8064,286.945,286.945,382.9487,286.945,286.945,382.9487,T03_2
FNA_A01,23,,,715278.0764,8617228.785,0.58,0.137387342,27.7,7.31,,20131020,D,O,T03,21.09,21.09,feldpausch_regional,0.18,default,0.0,27.7,21.09,27.7,False,O,7.31,measured,27.7,7.31,0.8064,93.189,93.189,124.3674,93.189,93.189,124.3674,T03_2
FNA_A01,24,,,715280.9443,8617230.246,0.58,0.023562672,15.0,3.79,,20131020,D,O,T03,14.15,14.15,feldpausch_regional,0.18,default,0.0,15.0,14.15,15.0,False,O,3.79,measured,15.0,3.79,0.8064,14.8232,14.8232,19.7827,14.8232,14.8232,19.7827,T03_2
FNA_A01,25,,,715282.6694,8617212.329,0.58,0.022696252,14.6,3.87,,20131020,D,O,T03,13.89,13.89,feldpausch_regional,0.18,default,0.0,14.6,13.89,14.6,False,O,3.87,measured,14.6,3.87,0.8064,14.351,14.351,19.1525,14.351,14.351,19.1525,T03_2
FNA_A01,26,,,715263.8626,8617230.595,0.58,2.119413454,58.1,33.87,,20131020,D,O,T03,31.47,31.47,feldpausch_regional,0.18,default,0.0,58.1,31.47,58.1,False,O,33.87,measured,58.1,33.87,0.8064,1766.982,1766.982,2358.1647,1766.982,1766.982,2358.1647,T03_2
FNA_A01,27,,,715259.5663,8617351.468,0.58,0.056328699,16.1,9.26,,20131020,D,O,T03,14.85,14.85,feldpausch_regional,0.18,default,0.0,16.1,14.85,16.1,False,O,9.26,measured,16.1,9.26,0.8064,40.7003,40.7003,54.3174,40.7003,40.7003,54.3174,T03_3
FNA_A01,28,,,715256.8188,8617358.118,0.58,0.031625461,13.2,7.43,,20131020,D,O,T03,12.95,12.95,feldpausch_regional,0.18,default,0.0,13.2,12.95,13.2,False,O,7.43,measured,13.2,7.43,0.8064,22.2795,22.2795,29.7336,22.2795,22.2795,29.7336,T03_3
FNA_A01,29,,,715257.0358,8617365.229,0.58,0.04489928,14.5,9.06,,20131020,D,O,T03,13.82,13.82,feldpausch_regional,0.18,default,0.0,14.5,13.82,14.5,False,O,9.06,measured,14.5,9.06,0.8064,32.4794,32.4794,43.3461,32.4794,32.4794,43.3461,T03_3
FNA_A01,30,,,715263.9531,8617366.302,0.58,0.058360008,18.6,6.79,,20131020,D,O,T03,16.36,16.36,feldpausch_regional,0.18,default,0.0,18.6,16.36,18.6,False,O,6.79,measured,18.6,6.79,0.8064,39.8524,39.8524,53.1859,39.8524,39.8524,53.1859,T03_3
FNA_A01,31,,,715264.8311,8617367.449,0.58,0.978334717,51.0,18.1,,20131020,D,O,T03,29.57,29.57,feldpausch_regional,0.18,default,0.0,51.0,29.57,51.0,False,O,18.1,measured,51.0,18.1,0.8064,743.2449,743.2449,991.9139,743.2449,743.2449,991.9139,T03_3
FNA_A01,32,,,715287.783,8617359.888,0.58,0.028957366,13.0,6.92,,20131020,D,O,T03,12.81,12.81,feldpausch_regional,0.18,default,0.0,13.0,12.81,13.0,False,O,6.92,measured,13.0,6.92,0.8064,20.1754,20.1754,26.9255,20.1754,20.1754,26.9255,T03_3
FNA_A01,33,,,715287.5627,8617361.876,0.58,0.014721151,10.6,4.99,,20131020,D,O,T03,11.08,11.08,feldpausch_regional,0.18,default,0.0,10.6,11.08,10.6,False,O,4.99,measured,10.6,4.99,0.8064,9.8447,9.8447,13.1385,9.8447,9.8447,13.1385,T03_3
FNA_A01,34,,,715286.6846,8617360.729,0.58,0.040800326,13.2,10.14,,20131020,D,O,T03,12.95,12.95,feldpausch_regional,0.18,default,0.0,13.2,12.95,13.2,False,O,10.14,measured,13.2,10.14,0.8064,30.1796,30.1796,40.2769,30.1796,30.1796,40.2769,T03_3
FNA_A01,35,,,715293.2747,8617355.685,0.58,0.020490495,17.9,2.08,,20131020,D,O,T03,15.95,15.95,feldpausch_regional,0.18,default,0.0,17.9,15.95,17.9,False,O,2.08,measured,17.9,2.08,0.8064,11.6536,11.6536,15.5526,11.6536,11.6536,15.5526,T03_3
FNA_A01,36,,,715289.8596,8617386.496,0.58,0.024542601,11.6,7.47,,20131020,D,O,T03,11.82,11.82,feldpausch_regional,0.18,default,0.0,11.6,11.82,11.6,False,O,7.47,measured,11.6,7.47,0.8064,17.4038,17.4038,23.2266,17.4038,17.4038,23.2266,T03_3
FNA_A01,37,,,715286.7849,8617387.03,0.58,0.041433426,17.4,5.26,,20131020,D,O,T03,15.65,15.65,feldpausch_regional,0.18,default,0.0,17.4,15.65,17.4,False,O,5.26,measured,17.4,5.26,0.8064,27.2706,27.2706,36.3946,27.2706,27.2706,36.3946,T03_3
FNA_A01,38,,,715252.8595,8617375.702,0.58,0.043891992,25.7,2.17,,20131020,D,O,T03,20.14,20.14,feldpausch_regional,0.18,default,0.0,25.7,20.14,25.7,False,O,2.17,measured,25.7,2.17,0.8064,24.6057,24.6057,32.838,24.6057,24.6057,32.838,T03_3
FNA_A01,39,,,715264.2141,8617494.218,0.58,0.057228804,14.5,12.19,,20131020,D,O,T03,13.82,13.82,feldpausch_regional,0.18,default,0.0,14.5,13.82,14.5,False,O,12.19,measured,14.5,12.19,0.8064,43.3901,43.3901,57.9072,43.3901,43.3901,57.9072,T03_4
FNA_A01,40,,,715262.8881,8617505.138,0.58,0.119473245,24.4,8.4,,20131020,D,O,T03,19.5,19.5,feldpausch_regional,0.18,default,0.0,24.4,19.5,24.4,False,O,8.4,measured,24.4,8.4,0.8064,83.3186,83.3186,111.1947,83.3186,83.3186,111.1947,T03_4
FNA_A01,41,,,715261.7737,8617506.02,0.58,0.21357889,24.3,17.26,,20131020,D,O,T03,19.45,19.45,feldpausch_regional,0.18,default,0.0,24.3,19.45,24.3,False,O,17.26,measured,24.3,17.26,0.8064,166.9229,166.9229,222.7706,166.9229,166.9229,222.7706,T03_4
FNA_A01,42,,,715262.0148,8617504.034,0.58,0.018263838,12.2,4.6,,20131020,D,O,T03,12.25,12.25,feldpausch_regional,0.18,default,0.0,12.2,12.25,12.2,False,O,4.6,measured,12.2,4.6,0.8064,11.9643,11.9643,15.9672,11.9643,11.9643,15.9672,T03_4
FNA_A01,43,,,715250.2688,8617517.811,0.58,0.502140786,45.0,10.88,,20131020,D,O,T03,27.76,27.76,feldpausch_regional,0.18,default,0.0,45.0,27.76,45.0,False,O,10.88,measured,45.0,10.88,0.8064,354.2267,354.2267,472.7411,354.2267,354.2267,472.7411,T03_4
FNA_A01,44,,,715256.3521,8617517.487,0.58,0.076598149,19.0,8.99,,20131020,D,O,T03,16.6,16.6,feldpausch_regional,0.18,default,0.0,19.0,16.6,19.0,False,O,8.99,measured,19.0,8.99,0.8064,54.6333,54.6333,72.912,54.6333,54.6333,72.912,T03_4
FNA_A01,45,,,715275.4133,8617534.715,0.58,0.325880321,27.8,20.82,,20131020,D,O,T03,21.14,21.14,feldpausch_regional,0.18,default,0.0,27.8,21.14,27.8,False,O,20.82,measured,27.8,20.82,0.8064,260.6594,260.6594,347.8687,260.6594,260.6594,347.8687,T03_4
FNA_A01,46,,,715275.1722,8617536.701,0.58,0.339123851,29.3,19.22,,20131020,D,O,T03,21.82,21.82,feldpausch_regional,0.18,default,0.0,29.3,21.82,29.3,False,O,19.22,measured,29.3,19.22,0.8064,267.1343,267.1343,356.5099,267.1343,267.1343,356.5099,T03_4
FNA_A01,47,,,715244.2444,8617534.242,0.58,0.261017821,29.1,14.19,,20131020,D,O,T03,21.73,21.73,feldpausch_regional,0.18,default,0.0,29.1,21.73,29.1,False,O,14.19,measured,29.1,14.19,0.8064,196.0264,196.0264,261.6114,196.0264,196.0264,261.6114,T03_4
FNA_A01,1,Esenbeckia febrifuga,Rutaceae,715081.6881,8617007.905,0.64,0.004895235,5.3,5.35,1.23,20131023,A,O,T04,6.62,6.62,feldpausch_regional,0.18,default,0.0,5.3,6.62,5.3,True,O,5.35,measured,5.3,5.35,1.0485,2.7235,2.2305,2.2305,2.7235,2.2305,2.2305,T04_1
FNA_A01,2,Esenbeckia febrifuga,Rutaceae,715081.589,8617007.891,0.64,0.006803508,6.3,5.26,1.32,20131023,A,O,T04,7.54,7.54,feldpausch_regional,0.18,default,0.0,6.3,7.54,6.3,True,O,5.26,measured,6.3,5.26,1.0485,3.7537,3.1082,3.1082,3.7537,3.1082,3.1082,T04_1
FNA_A01,3,Esenbeckia febrifuga,Rutaceae,715080.8273,8617015.459,0.64,0.008964517,6.6,6.32,2.95,20131023,A,O,T04,7.81,7.81,feldpausch_regional,0.18,default,0.0,6.6,7.81,6.6,True,O,6.32,measured,6.6,6.32,1.0485,4.9171,3.964,3.964,4.9171,3.964,3.964,T04_1
FNA_A01,4,Esenbeckia febrifuga,Rutaceae,715081.5185,8617021.312,0.64,0.006271997,5.4,6.6,2.56,20131023,A,O,T04,6.71,6.71,feldpausch_regional,0.18,default,0.0,5.4,6.71,5.4,True,O,6.6,measured,5.4,6.6,1.0485,3.4671,2.7494,2.7494,3.4671,2.7494,2.7494,T04_1
FNA_A01,5,Esenbeckia febrifuga,Rutaceae,715078.7284,8617026.07,0.64,0.009191671,6.4,6.89,3.51,20131023,A,O,T04,7.64,7.64,feldpausch_regional,0.18,default,0.0,6.4,7.64,6.4,True,O,6.89,measured,6.4,6.89,1.0485,5.0376,4.0002,4.0002,5.0376,4.0002,4.0002,T04_1
FNA_A01,6,Esenbeckia febrifuga,Rutaceae,715080.5044,8617029.955,0.64,0.008624642,6.3,6.67,3.04,20131023,A,O,T04,7.54,7.54,feldpausch_regional,0.18,default,0.0,6.3,7.54,6.3,True,O,6.67,measured,6.3,6.67,1.0485,4.7328,3.7746,3.7746,4.7328,3.7746,3.7746,T04_1
FNA_A01,7,,,715078.7385,8617037.483,0.58,0.106318275,22.2,9.17,,20131023,D,O,T04,18.37,18.37,feldpausch_regional,0.18,default,0.0,22.2,18.37,22.2,False,O,9.17,measured,22.2,9.17,0.8064,75.4769,75.4769,100.7294,75.4769,75.4769,100.7294,T04_1
FNA_A01,8,,,715080.5194,8617037.026,0.58,0.031444515,19.2,2.95,,20131023,D,O,T04,16.71,16.71,feldpausch_regional,0.18,default,0.0,19.2,16.71,19.2,False,O,2.95,measured,19.2,2.95,0.8064,18.7936,18.7936,25.0815,18.7936,18.7936,25.0815,T04_1
FNA_A01,9,Esenbeckia febrifuga,Rutaceae,715081.1474,8617039.74,0.64,0.007009802,6.3,5.42,3.04,20131023,A,O,T04,7.54,7.54,feldpausch_regional,0.18,default,0.0,6.3,7.54,6.3,True,O,5.42,measured,6.3,5.42,1.0485,3.8651,3.1853,3.1853,3.8651,3.1853,3.1853,T04_1
FNA_A01,10,Esenbeckia febrifuga,Rutaceae,715080.813,8617042.117,0.64,0.010040822,6.9,6.47,2.05,20131023,A,O,T04,8.08,8.08,feldpausch_regional,0.18,default,0.0,6.9,8.08,6.9,True,O,6.47,measured,6.9,6.47,1.0485,5.487,4.4165,4.4165,5.487,4.4165,4.4165,T04_1
FNA_A01,11,,,715078.5873,8617052.912,0.58,0.268614162,32.6,11.14,,20131023,D,O,T04,23.24,23.24,feldpausch_regional,0.18,default,0.0,32.6,23.24,32.6,False,O,11.14,measured,32.6,11.14,0.8064,193.2063,193.2063,257.8478,193.2063,193.2063,257.8478,T04_1
FNA_A01,12,Cordia scabrifolia,Boraginaceae,715084.6497,8617050.735,0.474,0.008512885,9.3,4.08,2.04,20131023,A,O,T04,10.08,10.08,feldpausch_regional,0.18,default,0.0,9.3,10.08,9.3,True,O,4.08,measured,9.3,4.08,0.474,6.2653,5.5023,5.5023,6.2653,5.5023,5.5023,T04_1
FNA_A01,13,,,715091.5814,8617051.711,0.58,0.021287752,13.9,4.04,,20131023,D,O,T04,13.42,13.42,feldpausch_regional,0.18,default,0.0,13.9,13.42,13.9,False,O,4.04,measured,13.9,4.04,0.8064,13.5973,13.5973,18.1466,13.5973,13.5973,18.1466,T04_1
FNA_A01,14,,,715112.0979,8617056.617,0.58,0.287182886,48.5,4.57,,20131023,D,O,T04,28.84,28.84,feldpausch_regional,0.18,default,0.0,48.5,28.84,48.5,False,O,4.57,measured,48.5,4.57,0.8064,175.8356,175.8356,234.6652,175.8356,175.8356,234.6652,T04_1
FNA_A01,15,Pouteria gongrijpii,Sapotaceae,715113.9391,8617057.886,0.799402922,0.26900049,19.6,17.21,12.81,20131023,A,O,T04,16.94,16.94,feldpausch_regional,0.18,default,0.0,19.6,16.94,19.6,True,O,17.21,measured,19.6,17.21,0.7994,109.4124,79.3305,79.3305,109.4124,79.3305,79.3305,T04_1
FNA_A01,16,,,715113.0732,8617049.686,0.58,0.600295956,37.0,21.84,,20131023,D,O,T04,24.98,24.98,feldpausch_regional,0.18,default,0.0,37.0,24.98,37.0,False,O,21.84,measured,37.0,21.84,0.8064,477.2006,477.2006,636.8586,477.2006,477.2006,636.8586,T04_1
FNA_A01,17,,,715118.1637,8617049.392,0.58,0.909611295,50.8,16.72,,20131023,D,O,T04,29.51,29.51,feldpausch_regional,0.18,default,0.0,50.8,29.51,50.8,False,O,16.72,measured,50.8,16.72,0.8064,682.6298,682.6298,911.0186,682.6298,682.6298,911.0186,T04_1
FNA_A01,18,Sacoglottis guianensis,Humiriaceae,715123.9809,8617058.289,0.84,3.587025333,54.3,28.45,19.91,20131023,A,O,T04,30.48,30.48,feldpausch_regional,0.18,default,0.0,54.3,30.48,54.3,True,O,28.45,measured,54.3,28.45,0.8359,1306.0935,918.5407,918.5407,1306.0935,918.5407,918.5407,T04_1
FNA_A01,19,Esenbeckia febrifuga,Rutaceae,715126.7523,8617031.413,0.64,0.014819976,8.2,6.77,2.74,20131023,A,O,T04,9.19,9.19,feldpausch_regional,0.18,default,0.0,8.2,9.19,8.2,True,O,6.77,measured,8.2,6.77,1.0485,8.033,6.473,6.473,8.033,6.473,6.473,T04_1
FNA_A01,20,Esenbeckia febrifuga,Rutaceae,715127.2072,8617032.487,0.64,0.011708539,7.4,6.56,3.38,20131023,A,O,T04,8.51,8.51,feldpausch_regional,0.18,default,0.0,7.4,8.51,7.4,True,O,6.56,measured,7.4,6.56,1.0485,6.3753,5.1375,5.1375,6.3753,5.1375,5.1375,T04_1
FNA_A01,21,Esenbeckia febrifuga,Rutaceae,715126.613,8617032.404,0.64,0.029112996,9.8,9.31,3.3,20131023,A,O,T04,10.47,10.47,feldpausch_regional,0.18,default,0.0,9.8,10.47,9.8,True,O,9.31,measured,9.8,9.31,1.0485,15.5249,11.9981,11.9981,15.5249,11.9981,11.9981,T04_1
FNA_A01,22,,,715118.5367,8617025.208,0.58,0.004899024,7.6,2.93,,20131023,D,O,T04,8.68,8.68,feldpausch_regional,0.18,default,0.0,7.6,8.68,7.6,False,O,2.93,measured,7.6,2.93,0.8064,3.0582,3.0582,4.0814,3.0582,3.0582,4.0814,T04_1
FNA_A01,23,,,715115.8596,8617029.881,0.58,0.029298824,10.8,11.05,,20131023,D,O,T04,11.23,11.23,feldpausch_regional,0.18,default,0.0,10.8,11.23,10.8,False,O,11.05,measured,10.8,11.05,0.8064,22.1833,22.1833,29.6052,22.1833,22.1833,29.6052,T04_1
FNA_A01,24,Cecropia distachya,Urticaceae,715108.9279,8617028.905,0.358461538,0.011119003,9.6,6.61,5.23,20131023,A,O,T04,10.31,10.31,feldpausch_regional,0.18,default,0.0,9.6,10.31,9.6,True,O,6.61,measured,9.6,6.61,0.3404,10.6751,8.7001,8.7001,10.6751,8.7001,8.7001,T04_1
FNA_A01,25,Cecropia distachya,Urticaceae,715108.2163,8617026.785,0.358461538,0.007521723,8.7,5.45,4.79,20131023,A,O,T04,9.6,9.6,feldpausch_regional,0.18,default,0.0,8.7,9.6,8.7,True,O,5.45,measured,8.7,5.45,0.3404,7.2967,6.102,6.102,7.2967,6.102,6.102,T04_1
FNA_A01,26,,,715097.1843,8617026.243,0.58,0.909545448,51.5,16.17,,20131023,D,O,T04,29.71,29.71,feldpausch_regional,0.18,default,0.0,51.5,29.71,51.5,False,O,16.17,measured,51.5,16.17,0.8064,678.593,678.593,905.6312,678.593,678.593,905.6312,T04_1
FNA_A01,27,,,715096.1641,8617011.962,0.6,0.038752459,24.3,2.05,,20131023,D,O,T04,19.45,19.45,feldpausch_regional,0.18,default,0.0,24.3,19.45,24.3,False,O,2.05,measured,24.3,2.05,0.8064,20.8658,20.8658,27.847,20.8658,20.8658,27.847,T04_1
FNA_A01,28,,,715095.3132,8617010.832,0.6,0.448974859,32.9,19.57,,20131023,D,O,T04,23.36,23.36,feldpausch_regional,0.18,default,0.0,32.9,23.36,32.9,False,O,19.57,measured,32.9,19.57,0.8064,340.8943,340.8943,454.948,340.8943,340.8943,454.948,T04_1
FNA_A01,29,,,715091.7701,8617007.304,0.6,0.023667866,11.5,7.0,,20131023,D,O,T04,11.75,11.75,feldpausch_regional,0.18,default,0.0,11.5,11.75,11.5,False,O,7.0,measured,11.5,7.0,0.8064,16.0605,16.0605,21.4339,16.0605,16.0605,21.4339,T04_1
FNA_A01,30,,,715087.8092,8617006.747,0.58,0.333482724,27.3,22.38,,20131023,D,O,T04,20.91,20.91,feldpausch_regional,0.18,default,0.0,27.3,20.91,27.3,False,O,22.38,measured,27.3,22.38,0.8064,269.9688,269.9688,360.2928,269.9688,269.9688,360.2928,T04_1
FNA_A01,31,Cecropia distachya,Urticaceae,715086.9582,8617005.617,0.358461538,0.005613686,6.9,6.46,5.52,20131023,A,O,T04,8.08,8.08,feldpausch_regional,0.18,default,0.0,6.9,8.08,6.9,True,O,6.46,measured,6.9,6.46,0.3404,5.4787,4.4109,4.4109,5.4787,4.4109,4.4109,T04_1
FNA_A01,32,,,715071.5107,8617159.282,0.58,0.780980068,41.3,23.02,,20131023,D,O,T04,26.53,26.53,feldpausch_regional,0.18,default,0.0,41.3,26.53,41.3,False,O,23.02,measured,41.3,23.02,0.8064,622.6012,622.6012,830.9062,622.6012,622.6012,830.9062,T04_2
FNA_A01,33,,,715064.5579,8617170.152,0.7,0.077549344,18.8,7.44,,20131023,D,O,T04,16.48,16.48,feldpausch_regional,0.18,default,0.0,18.8,16.48,18.8,False,O,7.44,measured,18.8,7.44,0.8064,44.491,44.491,59.3764,44.491,44.491,59.3764,T04_2
FNA_A01,34,,,715065.7099,8617169.357,0.6,0.035248671,10.8,13.29,,20131023,D,O,T04,11.23,11.23,feldpausch_regional,0.18,default,0.0,10.8,11.23,10.8,False,O,13.29,measured,10.8,13.29,0.8064,26.5622,26.5622,35.4492,26.5622,26.5622,35.4492,T04_2
FNA_A01,35,Oenocarpus bacaba,Arecaceae,715071.2588,8617172.473,0.65,0.048475812,14.9,8.38,6.54,20131023,A,P,T04,14.08,14.08,feldpausch_regional,0.18,default,0.0,14.9,14.08,14.9,True,P,8.38,measured,14.9,8.38,0.65,31.74,,,31.74,,,T04_2
FNA_A01,36,,,715094.4285,8617161.702,0.58,0.034406147,17.1,4.37,,20131023,D,O,T04,15.47,15.47,feldpausch_regional,0.18,default,0.0,17.1,15.47,17.1,False,O,4.37,measured,17.1,4.37,0.8064,21.9978,21.9978,29.3576,21.9978,21.9978,29.3576,T04_2
FNA_A01,37,,,715096.8006,8617159.718,0.58,0.648759588,43.0,16.63,,20131023,D,O,T04,27.1,27.1,feldpausch_regional,0.18,default,0.0,43.0,27.1,43.0,False,O,16.63,measured,43.0,16.63,0.8064,490.4356,490.4356,654.5215,490.4356,490.4356,654.5215,T04_2
FNA_A01,38,,,715097.503,8617167.392,0.58,0.289606344,26.8,19.71,,20131023,D,O,T04,20.67,20.67,feldpausch_regional,0.18,default,0.0,26.8,20.67,26.8,False,O,19.71,measured,26.8,19.71,0.8064,230.035,230.035,306.9983,230.035,230.035,306.9983,T04_2
FNA_A01,39,,,715098.7439,8617177.818,0.58,1.421307212,52.4,26.75,,20131023,D,O,T04,29.96,29.96,feldpausch_regional,0.18,default,0.0,52.4,29.96,52.4,False,O,26.75,measured,52.4,26.75,0.8064,1147.264,1147.264,1531.1064,1147.264,1147.264,1531.1064,T04_2
FNA_A01,40,,,715092.221,8617197.939,0.7,0.237552339,23.3,17.31,,20131023,D,O,T04,18.94,18.94,feldpausch_regional,0.18,default,0.0,23.3,18.94,23.3,False,O,17.31,measured,23.3,17.31,0.8064,154.2117,154.2117,205.8066,154.2117,154.2117,205.8066,T04_2
FNA_A01,41,,,715089.4058,8617202.484,0.58,0.8129594,47.0,17.63,,20131023,D,O,T04,28.38,28.38,feldpausch_regional,0.18,default,0.0,47.0,28.38,47.0,False,O,17.63,measured,47.0,17.63,0.8064,617.6436,617.6436,824.2899,617.6436,617.6436,824.2899,T04_2
FNA_A01,42,,,715088.7242,8617206.425,0.58,0.155213396,24.1,11.92,,20131023,D,O,T04,19.35,19.35,feldpausch_regional,0.18,default,0.0,24.1,19.35,24.1,False,O,11.92,measured,24.1,11.92,0.8064,114.4468,114.4468,152.7375,114.4468,114.4468,152.7375,T04_2
FNA_A01,43,,,715089.1465,8617192.248,0.58,0.222635551,23.4,19.91,,20131023,D,O,T04,18.99,18.99,feldpausch_regional,0.18,default,0.0,23.4,18.99,23.4,False,O,19.91,measured,23.4,19.91,0.8064,178.264,178.264,237.9061,178.264,178.264,237.9061,T04_2
FNA_A01,44,Cordia scabrifolia,Boraginaceae,715081.9751,8617186.78,0.474,0.097343902,20.2,9.89,5.29,20131023,A,O,T04,17.28,17.28,feldpausch_regional,0.18,default,0.0,20.2,17.28,20.2,True,O,9.89,measured,20.2,9.89,0.474,67.58,53.559,53.559,67.58,53.559,53.559,T04_2
FNA_A01,45,,,715061.0887,8617184.347,0.7,0.145333126,20.0,13.79,,20131023,D,O,T04,17.17,17.17,feldpausch_regional,0.18,default,0.0,20.0,17.17,20.0,False,O,13.79,measured,20.0,13.79,0.8064,91.6824,91.6824,122.3568,91.6824,91.6824,122.3568,T04_2
FNA_A01,46,,,715057.3651,8617309.557,0.58,0.020375384,15.9,2.75,,20131023,D,O,T04,14.73,14.73,feldpausch_regional,0.18,default,0.0,15.9,14.73,15.9,False,O,2.75,measured,15.9,2.75,0.8064,12.1444,12.1444,16.2076,12.1444,12.1444,16.2076,T04_3
FNA_A01,47,,,715030.6482,8617316.531,0.58,0.364465186,31.6,17.45,,20131023,D,O,T04,22.82,22.82,feldpausch_regional,0.18,default,0.0,31.6,22.82,31.6,False,O,17.45,measured,31.6,17.45,0.8064,281.7359,281.7359,375.9969,281.7359,281.7359,375.9969,T04_3
FNA_A01,48,,,715039.4476,8617313.638,0.58,0.045817018,15.8,7.53,,20131023,D,O,T04,14.66,14.66,feldpausch_regional,0.18,default,0.0,15.8,14.66,15.8,False,O,7.53,measured,15.8,7.53,0.8064,32.062,32.062,42.7891,32.062,32.062,42.7891,T04_3
FNA_A01,49,,,715041.3351,8617314.457,0.58,0.125201557,22.2,11.2,,20131023,D,O,T04,18.37,18.37,feldpausch_regional,0.18,default,0.0,22.2,18.37,22.2,False,O,11.2,measured,22.2,11.2,0.8064,91.7442,91.7442,122.4392,91.7442,91.7442,122.4392,T04_3
FNA_A01,50,,,715048.0752,8617316.535,0.58,0.066858112,16.5,10.75,,20131023,D,O,T04,15.1,15.1,feldpausch_regional,0.18,default,0.0,16.5,15.1,16.5,False,O,10.75,measured,16.5,10.75,0.8064,49.3906,49.3906,65.9153,49.3906,49.3906,65.9153,T04_3
FNA_A01,51,,,715047.5467,8617325.62,0.58,0.228186257,31.3,10.08,,20131023,D,O,T04,22.69,22.69,feldpausch_regional,0.18,default,0.0,31.3,22.69,31.3,False,O,10.08,measured,31.3,10.08,0.8064,161.8604,161.8604,216.0144,161.8604,161.8604,216.0144,T04_3
FNA_A01,52,,,715047.3185,8617303.081,0.58,0.083836205,20.0,8.86,,20131023,D,O,T04,17.17,17.17,feldpausch_regional,0.18,default,0.0,20.0,17.17,20.0,False,O,8.86,measured,20.0,8.86,0.8064,59.5342,59.5342,79.4527,59.5342,59.5342,79.4527,T04_3
FNA_A01,53,,,715066.5014,8617315.427,0.6,0.015585216,12.6,3.36,,20131023,D,O,T04,12.53,12.53,feldpausch_regional,0.18,default,0.0,12.6,12.53,12.6,False,O,3.36,measured,12.6,3.36,0.8064,9.3776,9.3776,12.5151,9.3776,9.3776,12.5151,T04_3
FNA_A01,54,Poeppigia sp.,Fabaceae,715073.5358,8617309.799,0.69,0.495863123,30.7,14.98,9.48,20131023,A,O,T04,22.43,22.43,feldpausch_regional,0.18,default,0.0,30.7,22.43,30.7,True,O,14.98,measured,30.7,14.98,0.735,229.4322,173.742,173.742,229.4322,173.742,173.742,T04_3
FNA_A01,55,,,715073.2012,8617311.771,0.58,0.83370548,45.0,20.22,,20131023,D,O,T04,27.76,27.76,feldpausch_regional,0.18,default,0.0,45.0,27.76,45.0,False,O,20.22,measured,45.0,20.22,0.8064,648.5955,648.5955,865.5974,648.5955,648.5955,865.5974,T04_3
FNA_A01,56,,,715074.0188,8617348.749,0.7,0.414343828,29.0,20.01,,20131023,D,O,T04,21.68,21.68,feldpausch_regional,0.18,default,0.0,29.0,21.68,29.0,False,O,20.01,measured,29.0,20.01,0.8064,272.3195,272.3195,363.43,272.3195,272.3195,363.43,T04_3
FNA_A01,57,,,715046.6304,8617348.933,0.58,0.033361328,16.1,4.88,,20131023,D,O,T04,14.85,14.85,feldpausch_regional,0.18,default,0.0,16.1,14.85,16.1,False,O,4.88,measured,16.1,4.88,0.8064,21.7812,21.7812,29.0686,21.7812,21.7812,29.0686,T04_3
FNA_A01,58,,,715041.4098,8617349.843,0.58,0.945044443,38.4,34.73,,20131023,D,O,T04,25.5,25.5,feldpausch_regional,0.18,default,0.0,38.4,25.5,38.4,False,O,34.73,measured,38.4,34.73,0.8064,806.8691,806.8691,1076.8249,806.8691,806.8691,1076.8249,T04_3
FNA_A01,59,,,715029.9008,8617346.014,0.58,0.018554745,12.0,4.89,,20131023,D,O,T04,12.11,12.11,feldpausch_regional,0.18,default,0.0,12.0,12.11,12.0,False,O,4.89,measured,12.0,4.89,0.8064,12.2967,12.2967,16.4108,12.2967,12.2967,16.4108,T04_3
FNA_A01,60,,,715035.2149,8617338.582,0.7,0.324966129,24.3,22.91,,20131023,D,O,T04,19.45,19.45,feldpausch_regional,0.18,default,0.0,24.3,19.45,24.3,False,O,22.91,measured,24.3,22.91,0.8064,220.0638,220.0638,293.691,220.0638,220.0638,293.691,T04_3
FNA_A01,61,Aspidosperma nitidum,Apocynaceae,715027.3737,8617331.052,0.763327689,1.090470579,35.5,22.27,13.13,20131023,A,O,T04,24.4,24.4,feldpausch_regional,0.18,default,0.0,35.5,24.4,35.5,True,O,22.27,measured,35.5,22.27,0.7635,448.6228,321.33,321.33,448.6228,321.33,321.33,T04_3
FNA_A01,62,,,715011.7829,8617447.441,0.58,0.017677039,14.3,3.0,,20131023,D,O,T04,13.69,13.69,feldpausch_regional,0.18,default,0.0,14.3,13.69,14.3,False,O,3.0,measured,14.3,3.0,0.8064,10.7485,10.7485,14.3446,10.7485,10.7485,14.3446,T04_4
FNA_A01,63,,,715009.5468,8617454.304,0.58,0.018701648,11.5,5.47,,20131023,D,O,T04,11.75,11.75,feldpausch_regional,0.18,default,0.0,11.5,11.75,11.5,False,O,5.47,measured,11.5,5.47,0.8064,12.6246,12.6246,16.8485,12.6246,12.6246,16.8485,T04_4
FNA_A01,64,Esenbeckia febrifuga,Rutaceae,715013.2153,8617456.488,0.64,0.019819103,8.5,8.42,3.19,20131023,A,O,T04,9.43,9.43,feldpausch_regional,0.18,default,0.0,8.5,9.43,8.5,True,O,8.42,measured,8.5,8.42,1.0485,10.6608,8.3139,8.3139,10.6608,8.3139,8.3139,T04_4
FNA_A01,65,,,715053.3187,8617459.133,0.58,0.240033879,28.8,13.14,,20131023,D,O,T04,21.59,21.59,feldpausch_regional,0.18,default,0.0,28.8,21.59,28.8,False,O,13.14,measured,28.8,13.14,0.8064,178.2149,178.2149,237.8406,178.2149,178.2149,237.8406,T04_4
FNA_A01,66,,,715045.5561,8617474.247,0.58,0.045951965,16.9,6.41,,20131023,D,O,T04,15.35,15.35,feldpausch_regional,0.18,default,0.0,16.9,15.35,16.9,False,O,6.41,measured,16.9,6.41,0.8064,31.2456,31.2456,41.6995,31.2456,31.2456,41.6995,T04_4
FNA_A01,67,,,715046.3549,8617475.458,0.58,0.110054053,20.0,12.35,,20131023,D,O,T04,17.17,17.17,feldpausch_regional,0.18,default,0.0,20.0,17.17,20.0,False,O,12.35,measured,20.0,12.35,0.8064,82.3262,82.3262,109.8703,82.3262,82.3262,109.8703,T04_4
FNA_A01,68,,,715041.6023,8617490.758,0.58,0.114700057,19.2,14.36,,20131023,D,O,T04,16.71,16.71,feldpausch_regional,0.18,default,0.0,19.2,16.71,19.2,False,O,14.36,measured,19.2,14.36,0.8064,88.0739,88.0739,117.541,88.0739,88.0739,117.541,T04_4
FNA_A01,69,,,715024.692,8617488.883,0.6,0.554640378,51.0,8.68,,20131023,D,O,T04,29.57,29.57,feldpausch_regional,0.18,default,0.0,51.0,29.57,51.0,False,O,8.68,measured,51.0,8.68,0.8064,362.7713,362.7713,484.1444,362.7713,362.7713,484.1444,T04_4
FNA_A01,70,,,715025.3156,8617491.078,0.7,0.330191508,25.4,20.96,,20131023,D,O,T04,20.0,20.0,feldpausch_regional,0.18,default,0.0,25.4,20.0,25.4,False,O,20.96,measured,25.4,20.96,0.8064,219.9753,219.9753,293.5729,219.9753,219.9753,293.5729,T04_4
FNA_A01,71,,,715045.8694,8617500.975,0.58,0.291524689,37.2,8.91,,20131023,D,O,T04,25.05,25.05,feldpausch_regional,0.18,default,0.0,37.2,25.05,37.2,False,O,8.91,measured,37.2,8.91,0.8064,201.0209,201.0209,268.2768,201.0209,201.0209,268.2768,T04_4
FNA_A01,73,,,715045.3436,8617503.929,0.58,0.522244532,36.5,19.04,,20131023,D,O,T04,24.79,24.79,feldpausch_regional,0.18,default,0.0,36.5,24.79,36.5,False,O,19.04,measured,36.5,19.04,0.8064,406.4539,406.4539,542.442,406.4539,406.4539,542.442,T04_4
FNA_A01,74,,,715024.8874,8617499.18,0.58,0.056936971,23.9,3.57,,20131023,D,O,T04,19.25,19.25,feldpausch_regional,0.18,default,0.0,23.9,19.25,23.9,False,O,3.57,measured,23.9,3.57,0.8064,34.7134,34.7134,46.3276,34.7134,34.7134,46.3276,T04_4
FNA_A01,1,,,714881.499,8616988.752,0.7,0.184574645,22.85,13.33,,20131023,D,O,T05,18.71,18.71,feldpausch_regional,0.18,default,0.0,22.85,18.71,22.85,False,O,13.33,measured,22.85,13.33,0.8064,115.0379,115.0379,153.5263,115.0379,115.0379,153.5263,T05_1
FNA_A01,2,,,714892.1676,8616981.795,0.7,0.153077146,26.2,7.59,,20131023,D,O,T05,20.38,20.38,feldpausch_regional,0.18,default,0.0,26.2,20.38,26.2,False,O,7.59,measured,26.2,7.59,0.8064,86.7163,86.7163,115.7292,86.7163,86.7163,115.7292,T05_1
FNA_A01,3,,,714897.2732,8616981.473,0.58,0.039103453,14.3,7.92,,20131023,D,O,T05,13.69,13.69,feldpausch_regional,0.18,default,0.0,14.3,13.69,14.3,False,O,7.92,measured,14.3,7.92,0.8064,27.7225,27.7225,36.9977,27.7225,27.7225,36.9977,T05_1
FNA_A01,4,,,714901.1025,8616976.258,0.58,0.352453443,31.8,16.49,,20131023,D,O,T05,22.9,22.9,feldpausch_regional,0.18,default,0.0,31.8,22.9,31.8,False,O,16.49,measured,31.8,16.49,0.8064,269.9018,269.9018,360.2034,269.9018,269.9018,360.2034,T05_1
FNA_A01,5,,,714925.3632,8617002.85,0.58,0.602886562,45.0,13.6,,20131023,D,O,T05,27.76,27.76,feldpausch_regional,0.18,default,0.0,45.0,27.76,45.0,False,O,13.6,measured,45.0,13.6,0.8064,440.4184,440.4184,587.7701,440.4184,440.4184,587.7701,T05_1
FNA_A01,6,,,714925.0713,8617018.024,0.58,0.02375061,10.5,9.16,,20131023,D,O,T05,11.0,11.0,feldpausch_regional,0.18,default,0.0,10.5,11.0,10.5,False,O,9.16,measured,10.5,9.16,0.8064,17.4837,17.4837,23.3332,17.4837,17.4837,23.3332,T05_1
FNA_A01,7,,,714914.2371,8617016.122,0.58,0.641080197,38.1,22.03,,20131023,D,O,T05,25.39,25.39,feldpausch_regional,0.18,default,0.0,38.1,25.39,38.1,False,O,22.03,measured,38.1,22.03,0.8064,509.5753,509.5753,680.0649,509.5753,509.5753,680.0649,T05_1
FNA_A01,8,,,714911.8149,8617018.742,0.58,0.175707879,22.2,16.96,,20131023,D,O,T05,18.37,18.37,feldpausch_regional,0.18,default,0.0,22.2,18.37,22.2,False,O,16.96,measured,22.2,16.96,0.8064,137.5502,137.5502,183.5707,137.5502,137.5502,183.5707,T05_1
FNA_A01,9,,,714862.3311,8617126.175,0.58,0.949254679,46.3,22.1,,20131023,D,O,T05,28.17,28.17,feldpausch_regional,0.18,default,0.0,46.3,28.17,46.3,False,O,22.1,measured,46.3,22.1,0.8064,747.8279,747.8279,998.0301,747.8279,747.8279,998.0301,T05_2
FNA_A01,10,,,714864.7999,8617129.71,0.58,0.058133167,13.5,14.8,,20131023,D,O,T05,13.15,13.15,feldpausch_regional,0.18,default,0.0,13.5,13.15,13.5,False,O,14.8,measured,13.5,14.8,0.8064,45.6087,45.6087,60.8681,45.6087,45.6087,60.8681,T05_2
FNA_A01,11,,,714860.9623,8617147.291,0.58,0.089850647,17.4,13.55,,20131023,D,O,T05,15.65,15.65,feldpausch_regional,0.18,default,0.0,17.4,15.65,17.4,False,O,13.55,measured,17.4,13.55,0.8064,68.6729,68.6729,91.649,68.6729,68.6729,91.649,T05_2
FNA_A01,12,,,714897.4993,8617165.6,0.58,0.08470452,30.5,3.2,,20131023,D,O,T05,22.35,22.35,feldpausch_regional,0.18,default,0.0,30.5,22.35,30.5,False,O,3.2,measured,30.5,3.2,0.8064,50.2158,50.2158,67.0166,50.2158,50.2158,67.0166,T05_2
FNA_A01,13,,,714895.6947,8617164.23,0.58,0.712243856,40.2,21.97,,20131023,D,O,T05,26.14,26.14,feldpausch_regional,0.18,default,0.0,40.2,26.14,40.2,False,O,21.97,measured,40.2,21.97,0.8064,564.3338,564.3338,753.1441,564.3338,564.3338,753.1441,T05_2
FNA_A01,14,,,714876.3845,8617278.474,0.58,0.645782987,37.3,23.41,,20131023,D,O,T05,25.09,25.09,feldpausch_regional,0.18,default,0.0,37.3,25.09,37.3,False,O,23.41,measured,37.3,23.41,0.8064,518.7667,518.7667,692.3315,518.7667,518.7667,692.3315,T05_3
FNA_A01,15,,,714874.0829,8617298.362,0.58,0.155109313,20.8,17.07,,20131023,D,O,T05,17.61,17.61,feldpausch_regional,0.18,default,0.0,20.8,17.61,20.8,False,O,17.07,measured,20.8,17.07,0.8064,121.8934,121.8934,162.6755,121.8934,121.8934,162.6755,T05_3
FNA_A01,16,,,714842.3375,8617312.432,0.7,0.105795352,19.4,10.08,,20131023,D,O,T05,16.83,16.83,feldpausch_regional,0.18,default,0.0,19.4,16.83,19.4,False,O,10.08,measured,19.4,10.08,0.8064,63.6249,63.6249,84.912,63.6249,63.6249,84.912,T05_3
FNA_A01,17,,,714841.515,8617311.284,0.58,0.056809553,17.1,8.07,,20131023,D,O,T05,15.47,15.47,feldpausch_regional,0.18,default,0.0,17.1,15.47,17.1,False,O,8.07,measured,17.1,8.07,0.8064,40.0293,40.0293,53.4219,40.0293,40.0293,53.4219,T05_3
FNA_A01,18,,,714850.2319,8617295.482,0.58,0.049928789,14.1,11.05,,20131023,D,O,T05,13.56,13.56,feldpausch_regional,0.18,default,0.0,14.1,13.56,14.1,False,O,11.05,measured,14.1,11.05,0.8064,37.33,37.33,49.8196,37.33,37.33,49.8196,T05_3
FNA_A01,19,,,714835.6911,8617295.135,0.7,1.982438898,53.0,31.05,,20131023,D,O,T05,30.13,30.13,feldpausch_regional,0.18,default,0.0,53.0,30.13,53.0,False,O,31.05,measured,53.0,31.05,0.8064,1356.7484,1356.7484,1810.6784,1356.7484,1356.7484,1810.6784,T05_3
FNA_A01,20,Bellucia grossularioides,Melastomataceae,714834.6064,8617310.157,0.61,0.312090634,27.1,13.69,7.98,20131023,A,O,T05,20.81,20.81,feldpausch_regional,0.18,default,0.0,27.1,20.81,27.1,True,O,13.69,measured,27.1,13.69,0.5975,164.7201,125.7697,125.7697,164.7201,125.7697,125.7697,T05_3
FNA_A01,21,,,714810.2109,8617463.226,0.58,0.043475043,12.8,11.82,,20131023,D,O,T05,12.67,12.67,feldpausch_regional,0.18,default,0.0,12.8,12.67,12.8,False,O,11.82,measured,12.8,11.82,0.8064,33.0072,33.0072,44.0505,33.0072,33.0072,44.0505,T05_4
FNA_A01,22,,,714812.0636,8617464.201,0.58,0.016834541,10.8,5.61,,20131023,D,O,T05,11.23,11.23,feldpausch_regional,0.18,default,0.0,10.8,11.23,10.8,False,O,5.61,measured,10.8,5.61,0.8064,11.447,11.447,15.2768,11.447,11.447,15.2768,T05_4
FNA_A01,23,,,714812.2847,8617464.652,0.7,0.052645908,14.8,8.32,,20131023,D,O,T05,14.02,14.02,feldpausch_regional,0.18,default,0.0,14.8,14.02,14.8,False,O,8.32,measured,14.8,8.32,0.8064,31.1066,31.1066,41.5139,31.1066,31.1066,41.5139,T05_4
FNA_A01,24,,,714811.0273,8617464.303,0.58,0.025646415,11.3,8.41,,20131023,D,O,T05,11.6,11.6,feldpausch_regional,0.18,default,0.0,11.3,11.6,11.3,False,O,8.41,measured,11.3,8.41,0.8064,18.564,18.564,24.7749,18.564,18.564,24.7749,T05_4
FNA_A01,25,,,714817.1855,8617442.176,0.58,2.279263369,75.5,19.51,,20131023,D,O,T05,35.22,35.22,feldpausch_regional,0.18,default,0.0,75.5,35.22,75.5,False,O,19.51,measured,75.5,19.51,0.8064,1719.9041,1719.9041,2295.3358,1719.9041,1719.9041,2295.3358,T05_4
FNA_A01,26,Terminalia amazonia,Combretaceae,714818.0569,8617442.958,0.68038,0.017059003,7.8,8.1,6.41,20131023,A,O,T05,8.85,8.85,feldpausch_regional,0.18,default,0.0,7.8,8.85,7.8,True,O,8.1,measured,7.8,8.1,0.6735,8.6798,6.7825,6.7825,8.6798,6.7825,6.7825,T05_4
FNA_A01,27,Terminalia amazonia,Combretaceae,714818.2532,8617442.996,0.68038,0.01603101,9.1,5.59,3.57,20131023,A,O,T05,9.92,9.92,feldpausch_regional,0.18,default,0.0,9.1,9.92,9.1,True,O,5.59,measured,9.1,5.59,0.6735,8.1655,6.8159,6.8159,8.1655,6.8159,6.8159,T05_4
FNA_A01,28,,,714826.9862,8617427.793,0.58,0.047560781,20.0,4.43,,20131023,D,O,T05,17.17,17.17,feldpausch_regional,0.18,default,0.0,20.0,17.17,20.0,False,O,4.43,measured,20.0,4.43,0.8064,30.2664,30.2664,40.3927,30.2664,30.2664,40.3927,T05_4
FNA_A01,29,Esenbeckia febrifuga,Rutaceae,714857.1588,8617429.631,0.64,0.010562374,7.3,6.08,2.66,20131023,A,O,T05,8.43,8.43,feldpausch_regional,0.18,default,0.0,7.3,8.43,7.3,True,O,6.08,measured,7.3,6.08,1.0485,5.7644,4.6983,4.6983,5.7644,4.6983,4.6983,T05_4
FNA_A01,30,,,714850.5506,8617448.716,0.58,0.140763619,31.5,5.5,,20131023,D,O,T05,22.78,22.78,feldpausch_regional,0.18,default,0.0,31.5,22.78,31.5,False,O,5.5,measured,31.5,5.5,0.8064,90.7312,90.7312,121.0874,90.7312,90.7312,121.0874,T05_4
