site,tree_id,scientific_name,family_name,utm_easting,utm_northing,dbh,htot,hcom,date,dead,type,plot_id,htot_feldpausch,htot_estimated,htot_estimation_method,dbh_incr_cm_yr,dbh_incr_source,gap_anos,dbh_lidar,htot_estimated_gap,dbh_used,dead_used,type_used,htot_used,htot_source,dbh_used_gap,htot_used_gap,rho_w_m3,iagc_m1_kgC,iagc_m2_kgC,iagc_m3_kgC,iagc_m1_kgC_gap,iagc_m2_kgC_gap,iagc_m3_kgC_gap,quadra_id
HUM_A01,65,Eschweilera amazonica,Lecythidaceae,646734.0354,8921462.621,12.9,10.42,7.11,20140701,False,O,1,12.74,12.74,feldpausch_regional,0.18,default,-1.0,12.72,12.62,12.9,False,O,10.42,measured,12.72,10.317512018004843,0.9,29.6327,29.6327,44.0186,28.5541,28.5541,42.4164,
HUM_A01,66,Byrsonima crispa,Malpighiaceae,646730.5238,8921463.746,32.3,20.46,15.28,20140701,False,O,1,23.11,23.11,feldpausch_regional,0.18,default,-1.0,32.12,23.04,32.3,False,O,20.46,measured,32.12,20.393422363078248,0.58,343.4535,343.4535,332.2753,338.6483,338.6483,327.6265,
HUM_A01,67,Annona exsucca,Annonaceae,646732.3802,8921459.308,20.3,18.23,8.37,20140701,False,O,1,17.33,17.33,feldpausch_regional,0.18,default,-1.0,20.12,17.23,20.3,False,O,18.23,measured,20.12,18.124234078462475,0.5112,123.9426,123.9426,105.9965,121.1167,121.1167,103.5797,
HUM_A01,68,Euterpe oleracea,Arecaceae,646729.6473,8921457.1,15.7,21.88,14.9,20140701,False,P,1,14.6,14.6,feldpausch_regional,0.18,default,-1.0,15.52,14.48,15.7,False,P,21.88,measured,15.52,21.7081873391684,0.3877,89.6898,36.582,36.582,87.0214,35.4409,35.4409,
HUM_A01,69,Inga marginata,Fabaceae,646725.1324,8921454.069,16.8,14.86,11.06,20140701,False,O,1,15.29,15.29,feldpausch_regional,0.18,default,-1.0,16.62,15.18,16.8,False,O,14.86,measured,16.62,14.752154017185305,0.5518,70.1705,70.1705,64.6633,68.2237,68.2237,62.8693,
HUM_A01,70,Inga marginata,Fabaceae,646725.565,8921451.132,10.1,12.62,7.89,20140701,False,O,1,10.7,10.7,feldpausch_regional,0.18,default,-1.0,9.92,10.56,10.1,False,O,12.62,measured,9.92,12.4566721815362,0.5518,22.158,22.158,20.4189,21.1234,21.1234,19.4656,
HUM_A01,71,Byrsonima crispa,Malpighiaceae,646725.4651,8921447.418,31.2,22.07,11.9,20140701,False,O,1,22.65,22.65,feldpausch_regional,0.18,default,-1.0,31.02,22.57,31.2,False,O,22.07,measured,31.02,21.994888796613264,0.58,345.6221,345.6221,334.3733,340.6054,340.6054,329.5199,
HUM_A01,72,Protium hepytaphillum ,Burseraceae,646718.7887,8921444.788,18.4,20.43,13.75,20140701,False,O,1,16.25,16.25,feldpausch_regional,0.18,default,-1.0,18.22,16.14,18.4,False,O,20.43,measured,18.22,20.29676387421851,0.5773,114.3423,114.3423,110.1199,111.455,111.455,107.3393,
HUM_A01,73,Poeppigia sp.,Fabaceae,646717.6124,8921443.602,23.5,18.81,11.43,20140701,False,O,1,19.05,19.05,feldpausch_regional,0.18,default,-1.0,23.32,18.95,23.5,False,O,18.81,measured,23.32,18.71860513729725,0.735,170.0547,170.0547,207.3048,166.7269,166.7269,203.2481,
HUM_A01,74,Protium hepytaphillum ,Burseraceae,646713.9571,8921444.845,39.4,19.61,10.41,20140701,False,O,1,25.86,25.86,feldpausch_regional,0.18,default,-1.0,39.22,25.79,39.4,False,O,19.61,measured,39.22,19.56098407582208,0.5773,485.6545,485.6545,467.7205,480.1587,480.1587,462.4277,
HUM_A01,75,Vitex triflora,Lamiaceae,646721.1845,8921441.164,59.1,26.55,16.68,20140701,False,O,1,31.72,31.72,feldpausch_regional,0.18,default,-1.0,58.92,31.67,59.1,False,O,26.55,measured,58.92,26.512896115225786,0.5482,1440.411,1440.411,1318.9691,1429.9069,1429.9069,1309.3506,
HUM_A01,76,Mouriri collocarpa,Melastomataceae,646719.2453,8921438.865,19.8,19.96,15.08,20140701,False,O,1,17.05,17.05,feldpausch_regional,0.18,default,-1.0,19.62,16.95,19.8,False,O,19.96,measured,19.62,19.840690172166475,0.8333,128.9757,128.9757,177.7261,125.9577,125.9577,173.5674,
HUM_A01,79,Protium hepytaphillum ,Burseraceae,646716.7797,8921437.042,13.5,13.68,10.46,20140701,False,O,1,13.15,13.15,feldpausch_regional,0.18,default,-1.0,13.32,13.03,13.5,False,O,13.68,measured,13.32,13.552226920364316,0.5773,42.2369,42.2369,40.6772,40.7695,40.7695,39.264,
HUM_A01,80,Duguetia stelechantha,Annonaceae,646717.4824,8921435.756,11.1,16.25,13.15,20140701,False,O,1,11.45,11.45,feldpausch_regional,0.18,default,-1.0,10.92,11.32,11.1,False,O,16.25,measured,10.92,16.06068950666011,0.849,34.0976,34.0976,47.8478,32.651,32.651,45.8179,
HUM_A01,81,Protium hepytaphillum ,Burseraceae,646712.2965,8921432.622,31.9,18.81,13.34,20140701,False,O,1,22.95,22.95,feldpausch_regional,0.18,default,-1.0,31.72,22.87,31.9,False,O,18.81,measured,31.72,18.747793884022798,0.5773,308.7902,308.7902,297.3874,304.4125,304.4125,293.1713,
HUM_A01,82,Inga thibaudiana,Fabaceae,646710.638,8921427.532,17.1,17.87,9.64,20140701,False,O,1,15.47,15.47,feldpausch_regional,0.18,default,-1.0,16.92,15.36,17.1,False,O,17.87,measured,16.92,17.742966547567104,0.5786,86.9646,86.9646,83.9304,84.5956,84.5956,81.644,
HUM_A01,83,Terminalia amazonia,Combretaceae,646710.3074,8921426.693,20.2,20.27,18.53,20140701,False,O,1,17.28,17.28,feldpausch_regional,0.18,default,-1.0,20.02,17.18,20.2,False,O,20.27,measured,20.02,20.151700719336976,0.6735,136.1432,136.1432,152.3974,133.023,133.023,148.9048,
HUM_A01,84,Inga marginata,Fabaceae,646706.7811,8921420.121,14.1,15.46,9.68,20140701,False,O,1,13.56,13.56,feldpausch_regional,0.18,default,-1.0,13.92,13.44,14.1,False,O,15.46,measured,13.92,15.322599594776039,0.5518,51.809,51.809,47.7428,50.0875,50.0875,46.1564,
HUM_A01,85,Apuleia leiocarpa,Fabaceae,646703.7451,8921424.554,65.0,44.76,28.53,20140701,False,O,1,33.09,33.09,feldpausch_regional,0.18,default,-1.0,64.82,33.05,65.0,False,O,44.76,measured,64.82,44.705999522000106,0.7992,2887.595,2887.595,3820.1368,2868.6247,2868.6247,3795.0402,
HUM_A01,86,Chimarrhis turbinata,Rubiaceae,646683.4333,8921449.855,52.0,24.21,18.22,20140701,False,O,1,29.85,29.85,feldpausch_regional,0.18,default,-1.0,51.82,29.8,52.0,False,O,24.21,measured,51.82,24.16905321499404,0.72,1025.3642,1025.3642,1225.0647,1016.7661,1016.7661,1214.792,
HUM_A01,87,Helicostylis sp.,Moraceae,646693.9587,8921461.861,70.0,34.29,20.5,20140701,False,O,1,34.15,34.15,feldpausch_regional,0.18,default,-1.0,69.82,34.12,70.0,False,O,34.29,measured,69.82,34.25323028342098,0.643,2572.8563,2572.8563,2752.6679,2557.2786,2557.2786,2736.0015,
HUM_A01,89,Parkia sp.,Fabaceae,646722.0013,8921458.418,44.5,34.94,26.63,20140701,False,O,1,27.59,27.59,feldpausch_regional,0.18,default,-1.0,44.32,27.54,44.5,False,O,34.94,measured,44.32,34.866158284555624,0.4553,1082.2873,1082.2873,826.7743,1071.5435,1071.5435,818.5669,
HUM_A01,90,Vitex triflora,Lamiaceae,646729.1049,8921458.094,42.5,32.27,15.64,20140701,False,O,1,26.93,26.93,feldpausch_regional,0.18,default,-1.0,42.32,26.87,42.5,False,O,32.27,measured,42.32,32.19729333021273,0.5482,915.5112,915.5112,838.324,905.961,905.961,829.5789,
HUM_A01,91,Tachigali alba,Fabaceae,646720.1937,8921470.086,56.4,35.36,24.14,20140701,False,O,1,31.04,31.04,feldpausch_regional,0.18,default,-1.0,56.22,30.99,56.4,False,O,35.36,measured,56.22,35.306969530473694,0.5573,1739.0235,1739.0235,1618.222,1725.6766,1725.6766,1605.8022,
HUM_A01,92,Ambelania acida,Apocynaceae,646721.2407,8921466.249,48.0,34.64,24.92,20140701,False,O,1,28.69,28.69,feldpausch_regional,0.18,default,-1.0,47.82,28.63,48.0,False,O,34.64,measured,47.82,34.57422693356583,0.5247,1244.1467,1244.1467,1091.446,1232.767,1232.767,1081.4629,
HUM_A01,93,,,646720.3129,8921455.943,67.0,32.89,26.11,20140701,False,O,1,33.53,33.53,feldpausch_regional,0.18,default,-1.0,66.82,33.49,67.0,False,O,32.89,measured,66.82,32.85217304286034,0.5862,2267.8433,2267.8433,2216.9692,2253.4332,2253.4332,2202.8823,
HUM_A01,110,Hymenaea courbaril,Fabaceae,646704.162,8921459.027,75.0,39.5,25.29,20140701,False,O,1,35.13,35.13,feldpausch_regional,0.18,default,-1.0,74.82,35.09,75.0,False,O,39.5,measured,74.82,39.4621539146562,0.7924,3379.5513,3379.5513,4433.2934,3360.5913,3360.5913,4408.4216,
HUM_A01,77,Apuleia leiocarpa,Fabaceae,646603.3152,8921261.406,37.0,36.83,23.7,20140701,False,O,2,24.98,24.98,feldpausch_regional,0.18,default,-1.0,36.82,24.91,37.0,False,O,36.83,measured,36.82,36.729803427455735,0.7992,794.7002,794.7002,1051.3467,785.0809,785.0809,1038.6208,
HUM_A01,78,,,646605.2756,8921268.598,59.5,2.83,,20140701,True,O,2,31.81,31.81,feldpausch_regional,0.18,default,-1.0,59.32,31.77,59.5,True,O,2.83,measured,59.32,2.826085457884969,0.5862,164.1577,166.9762,166.9762,162.9694,165.7797,165.7797,
HUM_A01,94,Dialium guianense,Fabaceae,646598.4953,8921261.744,38.6,29.31,18.32,20140701,False,O,2,25.57,25.57,feldpausch_regional,0.18,default,-1.0,38.42,25.5,38.6,False,O,29.31,measured,38.42,29.234674155435833,0.8964,690.6954,690.6954,1021.9872,682.7054,682.7054,1010.1649,
HUM_A01,95,Ormosia coccinea,Fabaceae,646596.5035,8921257.172,20.8,17.76,10.64,20140701,False,O,2,17.61,17.61,feldpausch_regional,0.18,default,-1.0,20.62,17.51,20.8,False,O,17.76,measured,20.62,17.659927258848985,0.625,126.7,126.7,131.8499,123.8835,123.8835,128.9189,
HUM_A01,96,Ceiba pentandra,Malvaceae,646596.7151,8921254.787,27.3,21.13,15.53,20140701,False,O,2,20.91,20.91,feldpausch_regional,0.18,default,-1.0,27.12,20.82,27.3,False,O,21.13,measured,27.12,21.044759683639114,0.3052,255.242,255.242,131.9617,250.9751,250.9751,129.7557,
HUM_A01,97,Couratari stellata,Lecythidaceae,646595.0121,8921255.973,33.3,32.82,23.27,20140701,False,O,2,23.53,23.53,feldpausch_regional,0.18,default,-1.0,33.12,23.45,33.3,False,O,32.82,measured,33.12,32.717362951165136,0.6331,578.1268,578.1268,609.2747,570.2964,570.2964,601.0224,
HUM_A01,98,Casearia grandiflora,Salicaceae,646577.5554,8921268.131,39.0,27.21,26.35,20140701,False,O,2,25.71,25.71,feldpausch_regional,0.18,default,-1.0,38.82,25.65,39.0,False,O,27.21,measured,38.82,27.14103974370811,0.77,655.4112,655.4112,836.0903,647.9128,647.9128,826.5247,
HUM_A01,99,Helicostylis sp.,Moraceae,646574.1492,8921270.503,39.5,30.86,21.5,20140701,False,O,2,25.89,25.89,feldpausch_regional,0.18,default,-1.0,39.32,25.83,39.5,False,O,30.86,measured,39.32,30.78312943079914,0.643,759.7464,759.7464,812.8435,751.1722,751.1722,803.6701,
HUM_A01,100,,,646569.6386,8921274.855,42.2,3.06,,20140701,True,O,2,26.83,26.83,feldpausch_regional,0.18,default,-1.0,42.02,26.77,42.2,True,O,3.06,measured,42.02,3.0530377502322215,0.5862,90.6014,89.5374,89.5374,89.649,88.6099,88.6099,
HUM_A01,101,Hevea brasiliensis,Euphorbiaceae,646573.8295,8921280.41,38.8,25.87,16.39,20140701,False,O,2,25.64,25.64,feldpausch_regional,0.18,default,-1.0,38.62,25.58,38.8,False,O,25.87,measured,38.62,25.803977839269763,0.4666,617.6601,617.6601,483.2665,610.5545,610.5545,477.707,
HUM_A01,102,Ceiba pentandra,Malvaceae,646571.8793,8921282.95,70.0,38.51,28.32,20140701,False,O,2,34.15,34.15,feldpausch_regional,0.18,default,-1.0,69.82,34.12,70.0,False,O,38.51,measured,69.82,38.468705109785425,0.3052,2881.4548,2881.4548,1489.7299,2864.0087,2864.0087,1480.7101,
HUM_A01,103,Jacaratia spinosa,Caricaceae,646585.9097,8921299.772,54.2,26.92,20.45,20140701,False,O,2,30.46,30.46,feldpausch_regional,0.18,default,-1.0,54.02,30.41,54.2,False,O,26.92,measured,54.02,26.877162447711953,0.265,1233.0496,1233.0496,555.3834,1223.1661,1223.1661,550.9317,
HUM_A01,104,Hevea brasiliensis,Euphorbiaceae,646587.33,8921308.286,87.0,37.99,22.71,20140701,False,O,2,37.16,37.16,feldpausch_regional,0.18,default,-1.0,86.82,37.13,87.0,False,O,37.99,measured,86.82,37.96172589177443,0.4666,4346.6983,4346.6983,3400.9218,4326.0163,4326.0163,3384.7399,
HUM_A01,105,Ceiba pentandra,Malvaceae,646590.7027,8921306.101,58.4,33.08,16.52,20140701,False,O,2,31.54,31.54,feldpausch_regional,0.18,default,-1.0,58.22,31.5,58.4,False,O,33.08,measured,58.22,33.03292661101825,0.3052,1744.1928,1744.1928,901.7584,1731.3065,1731.3065,895.0961,
HUM_A01,106,Rinorea racemosa,Violaceae,646600.9256,8921303.048,35.5,30.47,20.68,20140701,False,O,2,24.4,24.4,feldpausch_regional,0.18,default,-1.0,35.32,24.33,35.5,False,O,30.47,measured,35.32,30.38240859180245,0.682,609.2085,609.2085,690.3413,601.501,601.501,681.6074,
HUM_A01,107,Parkia paraensis,Fabaceae,646604.5425,8921299.526,135.0,47.85,21.63,20140701,False,O,2,42.37,42.37,feldpausch_regional,0.18,default,-1.0,134.82,42.36,135.0,False,O,47.85,measured,134.82,47.83482657943619,0.415,12836.2149,12836.2149,8957.2831,12798.8653,12798.8653,8931.2201,
HUM_A01,108,Ceiba pentandra,Malvaceae,646607.8152,8921293.814,47.1,22.81,16.13,20140701,False,O,2,28.41,28.41,feldpausch_regional,0.18,default,-1.0,46.92,28.36,47.1,False,O,22.81,measured,46.92,22.76550487634741,0.3052,797.4946,797.4946,412.3096,790.0492,790.0492,408.4603,
HUM_A01,111,Enterolobium schomburgkii,Fabaceae,646620.6336,8921294.469,13.2,16.81,11.56,20140701,False,O,2,12.95,12.95,feldpausch_regional,0.18,default,-1.0,13.02,12.82,13.2,False,O,16.81,measured,13.02,16.64892343077904,0.6989,49.4282,49.4282,57.3665,47.671,47.671,55.3271,
HUM_A01,112,Ormosia coccinea,Fabaceae,646622.3238,8921292.541,11.0,9.52,6.52,20140701,False,O,2,11.38,11.38,feldpausch_regional,0.18,default,-1.0,10.82,11.24,11.0,False,O,9.52,measured,10.82,9.407965179295836,0.625,19.8797,19.8797,20.6877,19.0285,19.0285,19.8019,
HUM_A01,113,Euterpe oleracea,Arecaceae,646620.4819,8921290.817,15.7,22.51,18.39,20140701,False,P,2,14.6,14.6,feldpausch_regional,0.18,default,-1.0,15.52,14.48,15.7,False,P,22.51,measured,15.52,22.333240265296194,0.3877,92.2094,36.582,36.582,89.466,35.4409,35.4409,
HUM_A01,114,Euterpe oleracea,Arecaceae,646617.4739,8921292.632,16.2,21.86,20.69,20140701,False,P,2,14.91,14.91,feldpausch_regional,0.18,default,-1.0,16.02,14.8,16.2,False,P,21.86,measured,16.02,21.694480520910396,0.3877,95.2648,39.8737,39.8737,92.5207,38.6679,38.6679,
HUM_A01,115,Cecropia engleriana,Urticaceae,646616.9997,8921291.971,16.0,18.22,14.97,20140701,False,O,2,14.79,14.79,feldpausch_regional,0.18,default,-1.0,15.82,14.68,16.0,False,O,18.22,measured,15.82,18.080035278485205,0.49,77.8392,77.8392,63.8784,75.5681,75.5681,62.0146,
HUM_A01,116,Myrcia velutina,Myrtaceae,646617.8626,8921288.87,34.0,32.62,27.68,20140701,False,O,2,23.81,23.81,feldpausch_regional,0.18,default,-1.0,33.82,23.74,34.0,False,O,32.62,measured,33.82,32.52073154892821,0.8109,598.5051,598.5051,803.0425,590.5763,590.5763,792.404,
HUM_A01,117,Euterpe oleracea,Arecaceae,646622.9059,8921287.311,17.0,29.09,24.24,20140701,False,P,2,15.41,15.41,feldpausch_regional,0.18,default,-1.0,16.82,15.3,17.0,False,P,29.09,measured,16.82,28.8817816368487,0.3877,138.3282,45.5218,45.5218,134.5371,44.2094,44.2094,
HUM_A01,118,Helicostylis sp.,Moraceae,646621.59,8921287.187,18.1,22.45,10.91,20140701,False,O,2,16.07,16.07,feldpausch_regional,0.18,default,-1.0,17.92,15.96,18.1,False,O,22.45,measured,17.92,22.300720299462835,0.643,121.405,121.405,129.8897,118.2866,118.2866,126.5535,
HUM_A01,119,Casearia grandiflora,Salicaceae,646612.702,8921282.512,10.9,19.29,12.1,20140701,False,O,2,11.3,11.3,feldpausch_regional,0.18,default,-1.0,10.72,11.17,10.9,False,O,19.29,measured,10.72,19.060660078332354,0.77,38.9046,38.9046,49.6296,37.2234,37.2234,47.4848,
HUM_A01,120,Platymiscium trinitatis,Fabaceae,646612.6075,8921279.768,21.9,25.55,20.0,20140701,False,O,2,18.21,18.21,feldpausch_regional,0.18,default,-1.0,21.72,18.11,21.9,False,O,25.55,measured,21.72,25.414716787557946,0.864,199.8118,199.8118,285.2219,195.6024,195.6024,279.2133,
HUM_A01,121,Rheedia gardneriana,Clusiaceae,646613.8249,8921277.985,11.0,16.89,10.13,20140701,False,O,2,11.38,11.38,feldpausch_regional,0.18,default,-1.0,10.82,11.24,11.0,False,O,16.89,measured,10.82,16.691232340158265,0.5862,34.7877,34.7877,34.0073,33.2982,33.2982,32.5512,
HUM_A01,122,Galipea sp.,,646612.337,8921276.766,19.1,18.4,11.99,20140701,False,O,2,16.65,16.65,feldpausch_regional,0.18,default,-1.0,18.92,16.55,19.1,False,O,18.4,measured,18.92,18.285196984480113,0.997,111.0453,111.0453,182.285,108.3478,108.3478,177.857,
HUM_A01,123,Dipteryx odorata,Fabaceae,646607.4044,8921277.72,60.0,37.06,18.85,20140701,False,O,2,31.94,31.94,feldpausch_regional,0.18,default,-1.0,59.82,31.89,60.0,False,O,37.06,measured,59.82,37.00938806053289,0.9228,2054.2988,2054.2988,3126.8715,2039.5638,2039.5638,3104.4432,
HUM_A01,124,Pterocarpus sp.,Fabaceae,646610.9168,8921274.768,12.0,14.45,9.41,20140701,False,O,2,12.11,12.11,feldpausch_regional,0.18,default,-1.0,11.82,11.98,12.0,False,O,14.45,measured,11.82,14.295765644173681,0.5838,35.4041,35.4041,34.4715,34.0167,34.0167,33.1206,
HUM_A01,125,Annona exsucca,Annonaceae,646611.4768,8921272.92,19.5,24.54,18.11,20140701,False,O,2,16.88,16.88,feldpausch_regional,0.18,default,-1.0,19.32,16.78,19.5,False,O,24.54,measured,19.32,24.390617529687642,0.5112,153.1531,153.1531,130.9775,149.512,149.512,127.8636,
HUM_A01,126,Miconia surinamensis,,646608.5499,8921271.438,13.7,15.28,11.81,20140701,False,O,2,13.29,13.29,feldpausch_regional,0.18,default,-1.0,13.52,13.17,13.7,False,O,15.28,measured,13.52,15.139656804052388,0.6228,48.4221,48.4221,50.2148,46.7649,46.7649,48.4962,
HUM_A01,127,Annona exsucca,Annonaceae,646607.9086,8921269.653,13.0,14.21,11.5,20140701,False,O,2,12.81,12.81,feldpausch_regional,0.18,default,-1.0,12.82,12.68,13.0,False,O,14.21,measured,12.82,14.071454315968206,0.5112,40.7202,40.7202,34.8242,39.2498,39.2498,33.5666,
HUM_A01,128,Helicostylis sp.,Moraceae,646604.3024,8921263.332,19.1,25.17,16.45,20140701,False,O,2,16.65,16.65,feldpausch_regional,0.18,default,-1.0,18.92,16.55,19.1,False,O,25.17,measured,18.92,25.012956961921986,0.643,150.7648,150.7648,161.3014,147.1024,147.1024,157.3831,
HUM_A01,38,Eschweilera grandifolia,Lecythidaceae,646562.6549,8921440.728,15.3,18.5,14.16,20140701,False,O,3,14.34,14.34,feldpausch_regional,0.18,default,-1.0,15.12,14.23,15.3,False,O,18.5,measured,15.120000000000001,18.350324781372894,0.8314,72.3999,72.3999,99.5387,70.1879,70.1879,96.4975,
HUM_A01,39,Protium hepytaphillum ,Burseraceae,646560.2172,8921442.396,25.5,26.02,21.5,20140701,False,O,3,20.05,20.05,feldpausch_regional,0.18,default,-1.0,25.32,19.96,25.5,False,O,26.02,measured,25.32,25.905692552684663,0.5773,273.7581,273.7581,263.6489,268.841,268.841,258.9134,
HUM_A01,40,Protium hepytaphillum ,Burseraceae,646558.7689,8921438.454,37.0,31.27,16.69,20140701,False,O,3,24.98,24.98,feldpausch_regional,0.18,default,-1.0,36.82,24.91,37.0,False,O,31.27,measured,36.82,31.184929491624786,0.5773,677.3845,677.3845,652.3704,669.1852,669.1852,644.4739,
HUM_A01,41,Cedrela odorata,Meliaceae,646556.0563,8921456.648,52.7,28.27,17.29,20140701,False,O,3,30.05,30.05,feldpausch_regional,0.18,default,-1.0,52.52,30.0,52.7,False,O,28.27,measured,52.52,28.223114027738042,0.4469,1224.416,1224.416,918.3707,1214.2971,1214.2971,910.781,
HUM_A01,42,Dialium guianense,Fabaceae,646557.9149,8921479.374,51.0,15.05,10.8,20140701,False,O,3,29.57,29.57,feldpausch_regional,0.18,default,-1.0,50.82,29.52,51.0,False,O,15.05,measured,50.82,15.023814724751036,0.8964,620.7451,620.7451,918.4853,615.4288,615.4288,910.6191,
HUM_A01,43,Terminalia amazonia,Combretaceae,646567.1241,8921487.126,47.7,26.75,16.18,20140701,False,O,3,28.6,28.6,feldpausch_regional,0.18,default,-1.0,47.52,28.54,47.7,False,O,26.75,measured,47.52,26.698751421410346,0.6735,954.9851,954.9851,1069.0019,946.1907,946.1907,1059.1575,
HUM_A01,44,Hevea brasiliensis,Euphorbiaceae,646571.0646,8921495.178,66.3,39.43,25.06,20140701,False,O,3,33.38,33.38,feldpausch_regional,0.18,default,-1.0,66.12,33.34,66.3,False,O,39.43,measured,66.11999999999999,39.38389083882488,0.4666,2652.052,2652.052,2075.0052,2635.0046,2635.0046,2061.667,
HUM_A01,45,Swietenia macrophylla ,Meliaceae,646584.4426,8921479.247,55.7,27.65,21.27,20140701,False,O,3,30.85,30.85,feldpausch_regional,0.18,default,-1.0,55.52,30.81,55.7,False,O,27.65,measured,55.52,27.607750593004866,0.5195,1334.9484,1334.9484,1159.9451,1324.5621,1324.5621,1150.9204,
HUM_A01,109,,,646588.6966,8921473.972,21.4,3.78,,20140701,True,O,3,17.94,17.94,feldpausch_regional,0.18,default,-1.0,21.22,17.84,21.4,True,O,3.78,measured,21.22,3.759418356665619,0.5862,29.5842,27.37,27.37,28.9458,26.7916,26.7916,
HUM_A01,110,Rinorea racemosa,Violaceae,646589.1004,8921473.121,13.3,16.98,13.03,20140701,False,O,3,13.02,13.02,feldpausch_regional,0.18,default,-1.0,13.12,12.89,13.3,False,O,16.98,measured,13.120000000000001,16.818685431218267,0.682,50.6569,50.6569,57.4032,48.8698,48.8698,55.3782,
HUM_A01,111,Astronium gracile,Anacardiaceae,646592.9362,8921468.076,38.5,33.21,19.72,20140701,False,O,3,25.53,25.53,feldpausch_regional,0.18,default,-1.0,38.32,25.47,38.5,False,O,33.21,measured,38.32,33.12435164745712,0.73,776.3159,776.3159,940.0825,767.3105,767.3105,929.1773,
HUM_A01,112,Helicostylis sp.,Moraceae,646590.9637,8921466.868,26.8,22.15,12.61,20140701,False,O,3,20.67,20.67,feldpausch_regional,0.18,default,-1.0,26.62,20.59,26.8,False,O,22.15,measured,26.62,22.05854725822622,0.643,257.7891,257.7891,275.8055,253.3949,253.3949,271.1041,
HUM_A01,113,Stryphnodendron pulcherrimum,Fabaceae,646587.9861,8921462.878,32.2,27.67,20.24,20140701,False,O,3,23.07,23.07,feldpausch_regional,0.18,default,-1.0,32.02,23.0,32.2,False,O,27.67,measured,32.02,27.579597427185544,0.475,458.349,458.349,364.8998,451.9152,451.9152,359.7777,
HUM_A01,114,Aspidosperma nitidum,Apocynaceae,646586.5778,8921463.439,12.3,13.85,11.12,20140701,False,O,3,12.32,12.32,feldpausch_regional,0.18,default,-1.0,12.12,12.19,12.3,False,O,13.85,measured,12.120000000000001,13.706230299329263,0.7635,35.646,35.646,45.0979,34.2839,34.2839,43.3746,
HUM_A01,115,Pouteria venosa,Sapotaceae,646585.1026,8921471.334,80.0,49.04,37.16,20140701,False,O,3,36.02,36.02,feldpausch_regional,0.18,default,-1.0,79.82,35.99,80.0,False,O,49.04,measured,79.82,48.99782422630426,0.92,4734.4506,4734.4506,7185.3991,4709.7226,4709.7226,7147.8697,
HUM_A01,116,Rinorea passoura,Violaceae,646579.6102,8921465.136,11.8,8.95,6.05,20140701,False,O,3,11.96,11.96,feldpausch_regional,0.18,default,-1.0,11.62,11.83,11.8,False,O,8.95,measured,11.620000000000001,8.852646140399228,0.6705,21.4661,21.4661,23.9259,20.6104,20.6104,22.9721,
HUM_A01,117,,,646580.4659,8921464.051,15.4,17.38,13.8,20140701,False,O,3,14.41,14.41,feldpausch_regional,0.18,default,-1.0,15.22,14.29,15.4,False,O,17.38,measured,15.22,17.240441110304708,0.5862,68.9906,68.9906,67.4429,66.8968,66.8968,65.3961,
HUM_A01,118,Byrsonima crispa,Malpighiaceae,646581.6484,8921458.517,23.0,19.1,12.92,20140701,False,O,3,18.79,18.79,feldpausch_regional,0.18,default,-1.0,22.82,18.69,23.0,False,O,19.1,measured,22.82,19.004721973346594,0.58,165.5168,165.5168,160.1298,162.204,162.204,156.9249,
HUM_A01,119,Euterpe oleracea,Arecaceae,646574.361,8921450.262,13.2,15.67,12.25,20140701,False,P,3,12.95,12.95,feldpausch_regional,0.18,default,-1.0,13.02,12.82,13.2,False,P,15.67,measured,13.02,15.519847124349052,0.3877,46.1539,22.7117,22.7117,44.5131,21.8707,21.8707,
HUM_A01,120,Inga marginata,Fabaceae,646570.9972,8921451.629,13.5,11.51,8.27,20140701,False,O,3,13.15,13.15,feldpausch_regional,0.18,default,-1.0,13.32,13.03,13.5,False,O,11.51,measured,13.32,11.4024950185229,0.5518,35.6847,35.6847,32.884,34.4449,34.4449,31.7416,
HUM_A01,121,Castilla ulei,Moraceae,646569.7483,8921449.204,46.7,24.48,17.94,20140701,False,O,3,28.29,28.29,feldpausch_regional,0.18,default,-1.0,46.52,28.24,46.7,False,O,24.48,measured,46.52,24.431665386253442,0.5675,840.3248,840.3248,795.8702,832.4067,832.4067,788.371,
HUM_A01,122,Apuleia leiocarpa,Fabaceae,646564.9394,8921454.4,46.2,36.41,26.95,20140701,False,O,3,28.14,28.14,feldpausch_regional,0.18,default,-1.0,46.02,28.08,46.2,False,O,36.41,measured,46.02,36.337005779440034,0.7992,1212.2528,1212.2528,1603.747,1200.6965,1200.6965,1588.4585,
HUM_A01,123,Euterpe oleracea,Arecaceae,646570.6881,8921449.428,12.4,19.08,16.31,20140701,False,P,3,12.39,12.39,feldpausch_regional,0.18,default,-1.0,12.22,12.26,12.4,False,P,19.08,measured,12.22,18.88374382991771,0.3877,49.5067,19.1261,19.1261,47.6306,18.3728,18.3728,
HUM_A01,124,Annona exsucca,Annonaceae,646569.3401,8921448.187,12.2,8.91,5.7,20140701,False,O,3,12.25,12.25,feldpausch_regional,0.18,default,-1.0,12.02,12.12,12.2,False,O,8.91,measured,12.02,8.816653670195532,0.5112,22.8095,22.8095,19.5068,21.9306,21.9306,18.7552,
HUM_A01,125,Euterpe oleracea,Arecaceae,646562.7118,8921451.756,14.4,17.22,14.61,20140701,False,P,3,13.76,13.76,feldpausch_regional,0.18,default,-1.0,14.22,13.64,14.4,False,P,17.22,measured,14.22,17.070607035441476,0.3877,59.9726,28.8472,28.8472,58.0224,27.867,27.867,
HUM_A01,126,Jacaratia spinosa,Caricaceae,646561.4056,8921446.075,43.5,19.84,14.95,20140701,False,O,3,27.27,27.27,feldpausch_regional,0.18,default,-1.0,43.32,27.21,43.5,False,O,19.84,measured,43.32,19.79671870387561,0.265,595.9261,595.9261,268.4137,589.8635,589.8635,265.6831,
HUM_A01,127,Diospyros artanthifolia,,646562.6903,8921443.364,10.2,13.18,10.66,20140701,False,O,3,10.78,10.78,feldpausch_regional,0.18,default,-1.0,10.02,10.64,10.2,False,O,13.18,measured,10.02,13.011280156312235,0.6952,23.566,23.566,27.2073,22.4766,22.4766,25.9496,
HUM_A01,1,,,646572.6645,8921634.061,76.0,41.57,27.02,20140627,False,O,4,35.31,35.31,feldpausch_regional,0.18,default,-1.0,75.82,35.28,76.0,False,O,41.57,measured,75.82,41.53103531905003,0.5862,3645.3407,3645.3407,3563.5655,3625.1872,3625.1872,3543.8641,
HUM_A01,46,Annona tenuiflora,,646595.057,8921613.783,13.5,11.73,8.43,20140627,False,O,4,13.15,13.15,feldpausch_regional,0.18,default,-1.0,13.32,13.03,13.5,False,O,11.73,measured,13.32,11.620440188294841,0.5112,36.3502,36.3502,31.0869,35.0873,35.0873,30.0069,
HUM_A01,47,Vitex triflora,Lamiaceae,646593.2209,8921615.762,48.1,25.27,12.35,20140627,False,O,4,28.72,28.72,feldpausch_regional,0.18,default,-1.0,47.92,28.66,48.1,False,O,25.27,measured,47.92,25.222160855207,0.5482,918.2281,918.2281,840.8118,909.8484,909.8484,833.1385,
HUM_A01,48,Byrsonima crispa,Malpighiaceae,646584.8895,8921608.871,35.5,16.76,13.12,20140627,False,O,4,24.4,24.4,feldpausch_regional,0.18,default,-1.0,35.32,24.33,35.5,False,O,16.76,measured,35.32,16.71182041347585,0.58,339.9366,339.9366,328.8728,335.6358,335.6358,324.712,
HUM_A01,49,Eriotheca globosa,Malvaceae,646587.1567,8921604.019,10.3,6.23,3.91,20140627,False,O,4,10.85,10.85,feldpausch_regional,0.18,default,-1.0,10.12,10.71,10.3,False,O,6.23,measured,10.120000000000001,6.151108303388853,0.41,11.5595,11.5595,7.9715,11.0304,11.0304,7.6066,
HUM_A01,50,Inga alba,Fabaceae,646583.0132,8921594.825,13.6,9.86,6.96,20140627,False,O,4,13.22,13.22,feldpausch_regional,0.18,default,-1.0,13.42,13.1,13.6,False,O,9.86,measured,13.42,9.768677969959388,0.5861,31.1281,31.1281,30.4246,30.0548,30.0548,29.3756,
HUM_A01,51,Eriotheca globosa,Malvaceae,646581.1476,8921596.996,12.0,12.97,9.86,20140627,False,O,4,12.11,12.11,feldpausch_regional,0.18,default,-1.0,11.82,11.98,12.0,False,O,12.97,measured,11.82,12.831562657780806,0.41,31.8604,31.8604,21.9712,30.6119,30.6119,21.1102,
HUM_A01,52,Pouteria sp.,Sapotaceae,646582.1391,8921603.206,14.8,7.93,6.16,20140627,False,O,4,14.02,14.02,feldpausch_regional,0.18,default,-1.0,14.62,13.9,14.8,False,O,7.93,measured,14.620000000000001,7.863335711968491,0.7187,29.6826,29.6826,35.4025,28.7442,28.7442,34.2832,
HUM_A01,53,Vitex triflora,Lamiaceae,646575.6829,8921593.12,23.2,7.21,5.43,20140627,False,O,4,18.89,18.89,feldpausch_regional,0.18,default,-1.0,23.02,18.8,23.2,False,O,7.21,measured,23.02,7.174412351158071,0.5482,65.0486,65.0486,59.5643,63.7584,63.7584,58.3829,
HUM_A01,54,Ceiba pentandra,Malvaceae,646573.57,8921593.731,52.2,25.87,17.74,20140627,False,O,4,29.91,29.91,feldpausch_regional,0.18,default,-1.0,52.02,29.86,52.2,False,O,25.87,measured,52.02,25.82649066713853,0.3052,1102.1554,1102.1554,569.8211,1092.9519,1092.9519,565.0628,
HUM_A01,55,Sterculia pruriens,Malvaceae,646570.4233,8921594.007,19.9,15.84,12.19,20140627,False,O,4,17.11,17.11,feldpausch_regional,0.18,default,-1.0,19.72,17.01,19.9,False,O,15.84,measured,19.72,15.745885342028211,0.4862,103.9401,103.9401,84.6523,101.5206,101.5206,82.6818,
HUM_A01,56,Spondias sp.,Anacardiaceae,646575.1202,8921588.01,33.8,24.37,17.45,20140627,False,O,4,23.73,23.73,feldpausch_regional,0.18,default,-1.0,33.62,23.66,33.8,False,O,24.37,measured,33.62,24.29526131112099,0.3627,445.12,445.12,272.363,439.186,439.186,268.7321,
HUM_A01,57,Astrocaryum murumuru,Arecaceae,646574.4398,8921588.671,17.6,10.74,5.67,20140627,False,P,4,15.77,15.77,feldpausch_regional,0.18,default,-1.0,17.42,15.66,17.6,False,P,10.74,measured,17.42,10.666190257450689,0.508,55.9708,50.0748,50.0748,54.4909,48.6799,48.6799,
HUM_A01,58,Protium hepytaphillum ,Burseraceae,646567.5256,8921579.524,18.4,15.38,12.05,20140627,False,O,4,16.25,16.25,feldpausch_regional,0.18,default,-1.0,18.22,16.14,18.4,False,O,15.38,measured,18.22,15.279697914120444,0.5773,86.6671,86.6671,83.4667,84.4787,84.4787,81.3591,
HUM_A01,59,Castilla ulei,Moraceae,646565.7862,8921577.232,27.6,19.27,12.28,20140627,False,O,4,21.05,21.05,feldpausch_regional,0.18,default,-1.0,27.42,20.96,27.6,False,O,19.27,measured,27.42,19.19332511859704,0.5675,238.3196,238.3196,225.7121,234.3813,234.3813,221.9821,
HUM_A01,60,,,646566.7187,8921580.707,10.4,12.26,,20140627,True,O,4,10.93,10.93,feldpausch_regional,0.18,default,-1.0,10.22,10.79,10.4,True,O,12.26,measured,10.22,12.106408230897404,0.5862,22.8074,16.9243,16.9243,21.7737,16.1759,16.1759,
HUM_A01,61,Terminalia amazonia,Combretaceae,646545.4075,8921623.037,39.9,29.86,19.88,20140627,False,O,4,26.04,26.04,feldpausch_regional,0.18,default,-1.0,39.72,25.97,39.9,False,O,29.86,measured,39.72,29.786632984741853,0.6735,750.3216,750.3216,839.9033,741.9449,741.9449,830.5265,
HUM_A01,62,Swartzia corrugata,Fabaceae,646548.0761,8921623.826,48.5,29.12,21.7,20140627,False,O,4,28.84,28.84,feldpausch_regional,0.18,default,-1.0,48.32,28.79,48.5,False,O,29.12,measured,48.32,29.06552206078029,1.0565,1071.7151,1071.7151,1861.6599,1062.022,1062.022,1844.8222,
HUM_A01,63,Pouteria gongrijpii,Sapotaceae,646550.8501,8921628.332,38.0,24.89,19.38,20140627,False,O,4,25.35,25.35,feldpausch_regional,0.18,default,-1.0,37.82,25.28,38.0,False,O,24.89,measured,37.82,24.82466732634552,0.7994,571.1084,571.1084,755.6849,564.39,564.39,746.7952,
HUM_A01,64,Ficus broadwayi,Moraceae,646566.8652,8921644.578,90.0,49.75,40.45,20140627,False,O,4,37.61,37.61,feldpausch_regional,0.18,default,-1.0,89.82,37.58,90.0,False,O,49.75,measured,89.82,49.71512519638733,0.41,6042.4368,6042.4368,4166.5103,6014.7516,6014.7516,4147.4202,
HUM_A01,2,Astrocaryum murumuru,Arecaceae,646449.0433,8921477.18,15.9,11.66,9.66,20140627,False,P,5,14.73,14.73,feldpausch_regional,0.18,default,-1.0,15.72,14.61,15.9,False,P,11.66,measured,15.72,11.569774286990215,0.508,49.7377,37.8771,37.8771,48.2771,36.7102,36.7102,
HUM_A01,3,,,646448.6088,8921477.478,14.0,1.72,,20140627,True,O,5,13.49,13.49,feldpausch_regional,0.18,default,-1.0,13.82,13.37,14.0,True,O,1.72,measured,13.82,1.7045884950821484,0.5862,5.9921,6.1515,6.1515,5.7915,5.9503,5.9503,
HUM_A01,4,Ceiba pentandra,Malvaceae,646445.1581,8921479.153,51.1,26.87,16.06,20140627,False,O,5,29.6,29.6,feldpausch_regional,0.18,default,-1.0,50.92,29.55,51.1,False,O,26.87,measured,50.92,26.823382272246796,0.3052,1097.1437,1097.1437,567.2301,1087.7674,1087.7674,562.3825,
HUM_A01,5,Sterculia pruriens,Malvaceae,646446.6274,8921473.989,31.0,28.18,20.12,20140627,False,O,5,22.56,22.56,feldpausch_regional,0.18,default,-1.0,30.82,22.49,31.0,False,O,28.18,measured,30.82,28.08329614959935,0.4862,433.2525,433.2525,352.8555,426.9208,426.9208,347.6987,
HUM_A01,6,,,646425.0202,8921457.303,37.1,3.02,,20140627,True,O,5,25.01,25.01,feldpausch_regional,0.18,default,-1.0,36.92,24.95,37.1,True,O,3.02,measured,36.92,3.0118136730102796,0.5862,69.5609,68.4625,68.4625,68.7214,67.6494,67.6494,
HUM_A01,7,Swietenia macrophylla ,Meliaceae,646417.6792,8921446.87,26.5,16.97,12.96,20140627,False,O,5,20.53,20.53,feldpausch_regional,0.18,default,-1.0,26.32,20.44,26.5,False,O,16.97,measured,26.32,16.89893993598398,0.5195,194.4492,194.4492,168.9581,191.0951,191.0951,166.0438,
HUM_A01,8,Eschweilera grandifolia,Lecythidaceae,646396.7202,8921467.747,71.0,32.12,20.33,20140627,False,O,5,34.35,34.35,feldpausch_regional,0.18,default,-1.0,70.82,34.32,71.0,False,O,32.12,measured,70.82,32.08633751869796,0.8314,2481.5893,2481.5893,3411.8041,2466.7976,2466.7976,3391.4678,
HUM_A01,9,Tamarindus indica,,646395.9125,8921469.918,66.5,27.09,16.88,20140627,False,O,5,33.42,33.42,feldpausch_regional,0.18,default,-1.0,66.32,33.38,66.5,False,O,27.09,measured,66.32,27.058471688041205,0.9784,1849.3969,1849.3969,2980.5647,1837.5483,1837.5483,2961.4691,
HUM_A01,10,Ceiba pentandra,Malvaceae,646397.0898,8921485.845,36.2,16.85,11.01,20140627,False,O,5,24.67,24.67,feldpausch_regional,0.18,default,-1.0,36.02,24.6,36.2,False,O,16.85,measured,36.02,16.802802131962526,0.3052,354.9943,354.9943,183.5342,350.5957,350.5957,181.2601,
HUM_A01,11,,,646424.3138,8921493.571,48.4,19.57,11.97,20140627,False,O,5,28.81,28.81,feldpausch_regional,0.18,default,-1.0,48.22,28.76,48.4,False,O,19.57,measured,48.22,19.533279848592212,0.5862,724.2216,724.2216,707.9753,717.6567,717.6567,701.5577,
HUM_A01,12,Ceiba pentandra,Malvaceae,646407.5787,8921482.908,41.8,32.38,22.84,20140627,False,O,5,26.7,26.7,feldpausch_regional,0.18,default,-1.0,41.62,26.64,41.8,False,O,32.38,measured,41.62,32.30535326287442,0.3052,889.2564,889.2564,459.751,879.8127,879.8127,454.8686,
HUM_A01,13,Diospyros guianensis,Ebenaceae,646406.6821,8921482.024,40.5,28.64,21.36,20140627,False,O,5,26.25,26.25,feldpausch_regional,0.18,default,-1.0,40.32,26.18,40.5,False,O,28.64,measured,40.32,28.571049320295245,0.73,741.6834,741.6834,898.1442,733.5348,733.5348,888.2766,
HUM_A01,14,Protium hepytaphillum ,Burseraceae,646415.2144,8921488.972,41.0,23.09,14.14,20140627,False,O,5,26.42,26.42,feldpausch_regional,0.18,default,-1.0,40.82,26.36,41.0,False,O,23.09,measured,40.82,23.0353369967363,0.5773,615.6254,615.6254,592.8919,608.9504,608.9504,586.4633,
HUM_A01,15,Helicostylis sp.,Moraceae,646417.3311,8921489.596,54.8,32.71,23.84,20140627,False,O,5,30.62,30.62,feldpausch_regional,0.18,default,-1.0,54.62,30.57,54.8,False,O,32.71,measured,54.62,32.65879170207733,0.643,1523.6617,1523.6617,1630.1473,1511.5945,1511.5945,1617.2367,
HUM_A01,16,,,646413.5021,8921497.532,64.0,6.63,,20140627,True,O,5,32.87,32.87,feldpausch_regional,0.18,default,-1.0,63.82,32.83,64.0,True,O,6.63,measured,63.82,6.621804729157816,0.5862,434.4314,387.6301,387.6301,431.5283,385.063,385.063,
HUM_A01,17,,,646410.6889,8921496.233,70.0,37.35,24.71,20140627,False,O,5,34.15,34.15,feldpausch_regional,0.18,default,-1.0,69.82,34.12,70.0,False,O,37.35,measured,69.82,37.309948996377194,0.5862,2796.7117,2796.7117,2733.9736,2779.7786,2779.7786,2717.4204,
HUM_A01,1,Helicostylis sp.,Moraceae,650912.0924,8921064.427,44.7,15.6,11.34,20140703,False,O,6,27.66,27.66,feldpausch_regional,0.18,default,-1.0,44.52,27.6,44.7,False,O,15.6,measured,44.52,15.56723765101821,0.643,496.9934,496.9934,531.7272,492.0835,492.0835,526.4742,
HUM_A01,2,Tetragastris panamensis,Burseraceae,650909.143,8921061.165,67.9,29.39,15.91,20140703,False,O,6,33.72,33.72,feldpausch_regional,0.18,default,-1.0,67.72,33.68,67.9,False,O,29.39,measured,67.72,29.35690806894878,0.7173,2085.6109,2085.6109,2482.7979,2072.552,2072.552,2467.2521,
HUM_A01,3,Rinorea racemosa,Violaceae,650918.5652,8921075.037,53.0,27.42,16.22,20140703,False,O,6,30.13,30.13,feldpausch_regional,0.18,default,-1.0,52.82,30.08,53.0,False,O,27.42,measured,52.82,27.374901441609303,0.682,1201.7137,1201.7137,1361.7549,1191.8436,1191.8436,1350.5703,
HUM_A01,4,Aspidosperma nitidum,Apocynaceae,650914.4725,8921075.997,58.5,25.87,18.26,20140703,False,O,6,31.57,31.57,feldpausch_regional,0.18,default,-1.0,58.32,31.52,58.5,False,O,25.87,measured,58.32,25.83328188896096,0.7635,1376.6966,1376.6966,1741.7437,1366.5444,1366.5444,1728.8995,
HUM_A01,5,Tetragastris panamensis,Burseraceae,650917.695,8921078.465,61.6,22.75,13.03,20140703,False,O,6,32.32,32.32,feldpausch_regional,0.18,default,-1.0,61.42,32.27,61.6,False,O,22.75,measured,61.42,22.720160939076607,0.7173,1343.1858,1343.1858,1598.9842,1333.8254,1333.8254,1587.8412,
HUM_A01,6,Tetragastris panamensis,Burseraceae,650910.5561,8921088.975,42.4,32.73,18.26,20140703,False,O,6,26.9,26.9,feldpausch_regional,0.18,default,-1.0,42.22,26.84,42.4,False,O,32.73,measured,42.22,32.65601623581869,0.7173,923.9876,923.9876,1099.9533,914.3245,914.3245,1088.4499,
HUM_A01,7,Tetragastris panamensis,Burseraceae,650893.0056,8921080.951,40.0,28.25,17.92,20140703,False,O,6,26.07,26.07,feldpausch_regional,0.18,default,-1.0,39.82,26.01,40.0,False,O,28.25,measured,39.82,28.180825139548038,0.7173,714.292,714.292,850.3229,706.339,706.339,840.8553,
HUM_A01,8,Tetragastris panamensis,Burseraceae,650889.3501,8921076.983,60.9,32.03,14.25,20140703,False,O,6,32.15,32.15,feldpausch_regional,0.18,default,-1.0,60.72,32.11,60.9,False,O,32.03,measured,60.72,31.98724390934259,0.7173,1834.2445,1834.2445,2183.5609,1821.3008,1821.3008,2168.1522,
HUM_A01,9,Bertholletia excelsa,Lecythidaceae,650893.9749,8921098.997,45.8,26.62,17.18,20140703,False,O,6,28.01,28.01,feldpausch_regional,0.18,default,-1.0,45.62,27.95,45.8,False,O,26.62,measured,45.62,26.56597305986533,0.638,877.9568,877.9568,932.1859,869.5083,869.5083,923.2155,
HUM_A01,10,Tetragastris panamensis,Burseraceae,650897.6792,8921102.986,39.0,19.27,13.77,20140703,False,O,6,25.71,25.71,feldpausch_regional,0.18,default,-1.0,38.82,25.65,39.0,False,O,19.27,measured,38.82,19.22116265568744,0.7173,468.0189,468.0189,557.1491,462.6643,462.6643,550.7749,
HUM_A01,11,Castilla ulei,Moraceae,650936.3875,8921099.25,54.5,22.65,16.75,20140703,False,O,6,30.54,30.54,feldpausch_regional,0.18,default,-1.0,54.32,30.49,54.5,False,O,22.65,measured,54.32,22.61425081786682,0.5675,1053.0603,1053.0603,997.3516,1044.6701,1044.6701,989.4053,
HUM_A01,12,Tachigali alba,Fabaceae,650933.6739,8921092.654,60.1,35.21,21.07,20140703,False,O,6,31.96,31.96,feldpausch_regional,0.18,default,-1.0,59.92,31.92,60.1,False,O,35.21,measured,59.92,35.162036822699584,0.5573,1960.5129,1960.5129,1824.3255,1946.4762,1946.4762,1811.2639,
HUM_A01,19,Tetragastris panamensis,Burseraceae,650942.8218,8921092.473,39.0,24.48,15.32,20140703,False,O,6,25.71,25.71,feldpausch_regional,0.18,default,-1.0,38.82,25.65,39.0,False,O,24.48,measured,38.82,24.41795857868337,0.7173,591.1514,591.1514,703.7312,584.3882,584.3882,695.68,
HUM_A01,20,Diospyros artanthifolia,,650938.966,8921087.421,18.7,21.61,8.78,20140703,False,O,6,16.42,16.42,feldpausch_regional,0.18,default,-1.0,18.52,16.32,18.7,False,O,21.61,measured,18.52,21.47174019791354,0.6952,124.6575,124.6575,143.9189,121.5621,121.5621,140.3452,
HUM_A01,21,Galipea trifoliata,,650939.6599,8921084.984,13.7,13.61,6.53,20140703,False,O,6,13.29,13.29,feldpausch_regional,0.18,default,-1.0,13.52,13.17,13.7,False,O,13.61,measured,13.52,13.484995360153992,0.997,43.2499,43.2499,70.9963,41.7697,41.7697,68.5666,
HUM_A01,22,Iryanthera paraensis,Myristicaceae,650938.3651,8921080.567,11.8,10.3,4.98,20140703,False,O,6,11.96,11.96,feldpausch_regional,0.18,default,-1.0,11.62,11.83,11.8,False,O,10.3,measured,11.620000000000001,10.187961480012522,0.65,24.6209,24.6209,26.6214,23.6394,23.6394,25.5602,
HUM_A01,23,Aspidosperma nitidum,Apocynaceae,650937.9472,8921078.234,15.3,18.71,12.47,20140703,False,O,6,14.34,14.34,feldpausch_regional,0.18,default,-1.0,15.12,14.23,15.3,False,O,18.71,measured,15.120000000000001,18.55862576537767,0.7635,73.2019,73.2019,92.6122,70.9654,70.9654,89.7827,
HUM_A01,24,Astrocaryum aculeatum ,Arecaceae,650934.4942,8921075.432,18.9,26.49,18.25,20140703,False,O,6,16.54,16.54,feldpausch_regional,0.18,default,-1.0,18.72,16.43,18.9,False,O,26.49,measured,18.72,26.322642433621144,0.508,155.2538,155.2538,131.9743,151.4409,151.4409,128.7332,
HUM_A01,25,Hevea brasiliensis,Euphorbiaceae,650936.7526,8921071.415,22.9,22.99,17.21,20140703,False,O,6,18.73,18.73,feldpausch_regional,0.18,default,-1.0,22.72,18.64,22.9,False,O,22.99,measured,22.72,22.874705484795058,0.4666,196.6625,196.6625,153.8717,192.7084,192.7084,150.778,
HUM_A01,26,Vochysia micrantha,Vochysiaceae,650934.8849,8921068.878,33.5,30.61,19.58,20140703,False,O,6,23.61,23.61,feldpausch_regional,0.18,default,-1.0,33.32,23.53,33.5,False,O,30.61,measured,33.32,30.51502119275538,0.4668,546.4504,546.4504,427.6741,539.0961,539.0961,421.9183,
HUM_A01,27,Tetragastris panamensis,Burseraceae,650934.7855,8921068.909,19.2,19.71,10.05,20140703,False,O,6,16.71,16.71,feldpausch_regional,0.18,default,-1.0,19.02,16.61,19.2,False,O,19.71,measured,19.02,19.58778443888683,0.7173,119.9717,119.9717,142.8193,117.0731,117.0731,139.3687,
HUM_A01,28,Cecropia ficifolia,Urticaceae,650932.6679,8921066.565,43.2,31.02,18.43,20140703,False,O,6,27.17,27.17,feldpausch_regional,0.18,default,-1.0,43.02,27.11,43.2,False,O,31.02,measured,43.02,30.951674941577856,0.266,909.426,909.426,411.1272,900.1048,900.1048,406.9133,
HUM_A01,29,Platymiscium trinitatis,Fabaceae,650928.9279,8921067.533,14.8,20.11,15.47,20140703,False,O,6,14.02,14.02,feldpausch_regional,0.18,default,-1.0,14.62,13.9,14.8,False,O,20.11,measured,14.620000000000001,19.940943400717067,0.864,73.6108,73.6108,105.076,71.2836,71.2836,101.754,
HUM_A01,30,Helicostylis sp.,Moraceae,650929.5994,8921066.463,11.7,12.99,7.61,20140703,False,O,6,11.89,11.89,feldpausch_regional,0.18,default,-1.0,11.52,11.76,11.7,False,O,12.99,measured,11.52,12.847342307488905,0.643,30.3698,30.3698,32.4923,29.1486,29.1486,31.1857,
HUM_A01,31,Tetragastris panamensis,Burseraceae,650933.5597,8921063.912,16.6,16.56,12.47,20140703,False,O,6,15.16,15.16,feldpausch_regional,0.18,default,-1.0,16.42,15.05,16.6,False,O,16.56,measured,16.42,16.438123951125515,0.7173,76.1929,76.1929,90.7032,74.0527,74.0527,88.1554,
HUM_A01,32,Thyrsodium paraense,Anacardiaceae,650930.5137,8921060.684,20.5,23.61,13.57,20140703,False,O,6,17.45,17.45,feldpausch_regional,0.18,default,-1.0,20.32,17.35,20.5,False,O,23.61,measured,20.32,23.474621757990096,0.645,162.6095,162.6095,174.5021,158.9396,158.9396,170.5637,
HUM_A01,33,Vochysia micrantha,Vochysiaceae,650929.0839,8921061.254,14.8,13.12,7.79,20140703,False,O,6,14.02,14.02,feldpausch_regional,0.18,default,-1.0,14.62,13.9,14.8,False,O,13.12,measured,14.620000000000001,13.009705490671703,0.4668,48.5194,48.5194,37.9732,46.9854,46.9854,36.7727,
HUM_A01,34,Rinorea racemosa,Violaceae,650932.1089,8921059.195,20.1,23.64,14.2,20140703,False,O,6,17.22,17.22,feldpausch_regional,0.18,default,-1.0,19.92,17.12,20.1,False,O,23.64,measured,19.92,23.501210691949087,0.682,156.6676,156.6676,177.5322,153.0585,153.0585,173.4425,
HUM_A01,35,Apeiba echinata,Malvaceae,650929.675,8921057.394,23.5,11.57,6.67,20140703,False,O,6,19.05,19.05,feldpausch_regional,0.18,default,-1.0,23.32,18.95,23.5,False,O,11.57,measured,23.32,11.513783170575715,0.2822,105.8275,105.8275,50.6923,103.7566,103.7566,49.7003,
HUM_A01,36,Duguetia furfuracea,,650925.1916,8921055.956,11.0,13.58,4.78,20140703,False,O,6,11.38,11.38,feldpausch_regional,0.18,default,-1.0,10.82,11.24,11.0,False,O,13.58,measured,10.82,13.420185623407297,0.7241,28.117,28.117,33.7806,26.9132,26.9132,32.3342,
HUM_A01,37,,,650912.5388,8921060.04,76.0,40.47,25.57,20140703,False,O,6,35.31,35.31,feldpausch_regional,0.18,default,-1.0,75.82,35.28,76.0,False,O,40.47,measured,75.82,40.432066378685455,0.5862,3551.1648,3551.1648,3471.5022,3531.532,3531.532,3452.3098,
HUM_A01,13,Handroanthus serratifolius,Bignoniaceae,650877.9353,8920910.667,13.3,16.47,11.62,20140703,False,O,7,13.02,13.02,feldpausch_regional,0.18,default,-1.0,13.12,12.89,13.3,False,O,16.47,measured,13.120000000000001,16.31353056844316,0.5862,49.1713,49.1713,48.0683,47.4367,47.4367,46.3725,
HUM_A01,14,Vochysia micrantha,Vochysiaceae,650875.0446,8920907.945,14.5,14.6,11.01,20140703,False,O,7,13.82,13.82,feldpausch_regional,0.18,default,-1.0,14.32,13.7,14.5,False,O,14.6,measured,14.32,14.47433937058896,0.4668,51.7439,51.7439,40.4969,50.0733,50.0733,39.1894,
HUM_A01,15,Tapirira guianensis,Anacardiaceae,650875.8604,8920907.149,22.9,21.66,13.38,20140703,False,O,7,18.73,18.73,feldpausch_regional,0.18,default,-1.0,22.72,18.64,22.9,False,O,21.66,measured,22.72,21.55137541542675,0.457,185.5505,185.5505,142.2541,181.8199,181.8199,139.394,
HUM_A01,16,Dictyocaryum ptarianum,,650878.4891,8920905.217,16.6,13.74,9.81,20140703,False,O,7,15.16,15.16,feldpausch_regional,0.18,default,-1.0,16.42,15.05,16.6,False,O,13.74,measured,16.42,13.638878205825156,0.5862,63.5019,63.5019,62.0774,61.7182,61.7182,60.3337,
HUM_A01,17,Guarea guidonia,Meliaceae,650877.7865,8920902.273,17.4,13.96,10.26,20140703,False,O,7,15.65,15.65,feldpausch_regional,0.18,default,-1.0,17.22,15.54,17.4,False,O,13.96,measured,17.22,13.862764637015006,0.5651,70.7003,70.7003,66.6837,68.8086,68.8086,64.8995,
HUM_A01,18,Virola melinoni,Myristicaceae,650875.2184,8920900.291,14.2,13.13,8.61,20140703,False,O,7,13.62,13.62,feldpausch_regional,0.18,default,-1.0,14.02,13.5,14.2,False,O,13.13,measured,14.02,13.014248268349322,0.4734,44.7872,44.7872,35.5399,43.3098,43.3098,34.3675,
HUM_A01,19,Pourouma minor,Urticaceae,650873.7884,8920896.967,20.5,18.98,13.97,20140703,False,O,7,17.45,17.45,feldpausch_regional,0.18,default,-1.0,20.32,17.35,20.5,False,O,18.98,measured,20.32,18.871169884229225,0.436,131.4079,131.4079,96.2242,128.4421,128.4421,94.0526,
HUM_A01,20,Helicostylis sp.,Moraceae,650875.8639,8920896.548,23.4,16.99,13.18,20140703,False,O,7,18.99,18.99,feldpausch_regional,0.18,default,-1.0,23.22,18.9,23.4,False,O,16.99,measured,23.22,16.9070158383432,0.643,152.6999,152.6999,163.3718,149.6984,149.6984,160.1605,
HUM_A01,21,Tetragastris panamensis,Burseraceae,650876.0288,8920894.346,14.5,18.91,12.31,20140703,False,O,7,13.82,13.82,feldpausch_regional,0.18,default,-1.0,14.32,13.7,14.5,False,O,18.91,measured,14.32,18.747243664235427,0.7173,66.6043,66.6043,79.2885,64.4538,64.4538,76.7285,
HUM_A01,22,Diospyros artanthifolia,,650875.2795,8920890.097,14.7,17.78,9.95,20140703,False,O,7,13.95,13.95,feldpausch_regional,0.18,default,-1.0,14.52,13.84,14.7,False,O,17.78,measured,14.52,17.629360125460984,0.6952,64.4166,64.4166,74.3698,62.3658,62.3658,72.0022,
HUM_A01,23,Virola melinoni,Myristicaceae,650868.6462,8920892.769,45.3,31.35,24.4,20140703,False,O,7,27.85,27.85,feldpausch_regional,0.18,default,-1.0,45.12,27.79,45.3,False,O,31.35,measured,45.12,31.285381602321262,0.4734,1008.0736,1008.0736,799.9343,998.2571,998.2571,792.1447,
HUM_A01,24,Castilla ulei,Moraceae,650867.8556,8920891.68,50.1,21.91,13.07,20140703,False,O,7,29.31,29.31,feldpausch_regional,0.18,default,-1.0,49.92,29.26,50.1,False,O,21.91,measured,49.92,21.87088203227141,0.5675,864.9896,864.9896,819.2302,857.4369,857.4369,812.077,
HUM_A01,25,Helicostylis sp.,Moraceae,650872.32,8920889.69,14.5,19.06,14.99,20140703,False,O,7,13.82,13.82,feldpausch_regional,0.18,default,-1.0,14.32,13.7,14.5,False,O,19.06,measured,14.32,18.89595263037161,0.643,67.1198,67.1198,71.8107,64.9527,64.9527,69.4921,
HUM_A01,26,Helicostylis sp.,Moraceae,650872.1516,8920888.031,25.9,14.38,9.65,20140703,False,O,7,20.24,20.24,feldpausch_regional,0.18,default,-1.0,25.72,20.15,25.9,False,O,14.38,measured,25.72,14.31803917039318,0.643,158.1956,158.1956,169.2516,155.4003,155.4003,166.2609,
HUM_A01,27,Jacaratia spinosa,Caricaceae,650873.4529,8920887.214,13.0,11.76,9.89,20140703,False,O,7,12.81,12.81,feldpausch_regional,0.18,default,-1.0,12.82,12.68,13.0,False,O,11.76,measured,12.82,11.645341502870238,0.265,33.8529,33.8529,15.2478,32.6304,32.6304,14.6972,
HUM_A01,28,Swartzia corrugata,Fabaceae,650869.5381,8920887.087,43.7,18.52,13.05,20140703,False,O,7,27.33,27.33,feldpausch_regional,0.18,default,-1.0,43.52,27.27,43.7,False,O,18.52,measured,43.52,18.47985559567442,1.0565,562.2093,562.2093,976.6053,556.518,556.518,966.7189,
HUM_A01,29,Guarea guidonia,Meliaceae,650869.788,8920877.66,20.0,22.11,14.61,20140703,False,O,7,17.17,17.17,feldpausch_regional,0.18,default,-1.0,19.82,17.07,20.0,False,O,22.11,measured,19.82,21.979416444422082,0.5651,145.3416,145.3416,137.0846,141.976,141.976,133.9101,
HUM_A01,30,,,650867.9953,8920878.495,21.0,10.19,,20140703,True,O,7,17.72,17.72,feldpausch_regional,0.18,default,-1.0,20.82,17.62,21.0,True,O,10.19,measured,20.82,10.133239616833068,0.5862,75.0604,59.3177,59.3177,73.4083,58.0394,58.0394,
HUM_A01,31,Iryanthera paraensis,Myristicaceae,650869.9583,8920876.824,10.4,11.54,8.53,20140703,False,O,7,10.93,10.93,feldpausch_regional,0.18,default,-1.0,10.22,10.79,10.4,False,O,11.54,measured,10.22,11.39542830216607,0.65,21.4992,21.4992,23.2461,20.5248,20.5248,22.1925,
HUM_A01,32,Duguetia furfuracea,,650866.6308,8920874.141,11.0,12.02,5.28,20140703,False,O,7,11.38,11.38,feldpausch_regional,0.18,default,-1.0,10.82,11.24,11.0,False,O,12.02,measured,10.82,11.878544270497475,0.7241,24.9601,24.9601,29.9878,23.8914,23.8914,28.7038,
HUM_A01,33,Dictyocaryum ptarianum,,650867.534,8920872.555,23.0,16.83,13.5,20140703,False,O,7,18.79,18.79,feldpausch_regional,0.18,default,-1.0,22.82,18.69,23.0,False,O,16.83,measured,22.82,16.746045592221105,0.5862,146.2889,146.2889,143.0073,143.3611,143.3611,140.1451,
HUM_A01,34,Maquira sclerophylla,Moraceae,650866.2688,8920872.098,41.9,23.95,16.28,20140703,False,O,7,26.73,26.73,feldpausch_regional,0.18,default,-1.0,41.72,26.67,41.9,False,O,23.95,measured,41.72,23.894968768512165,0.5135,665.6174,665.6174,571.7899,658.5669,658.5669,565.7333,
HUM_A01,35,Helicostylis sp.,Moraceae,650864.3159,8920872.487,30.0,25.88,19.86,20140703,False,O,7,22.13,22.13,feldpausch_regional,0.18,default,-1.0,29.82,22.05,30.0,False,O,25.88,measured,29.82,25.78736966302634,0.643,373.9853,373.9853,400.1223,368.3264,368.3264,394.068,
HUM_A01,36,Ormosia coccinea,Fabaceae,650861.0051,8920872.152,68.0,44.63,32.77,20140703,False,O,7,33.74,33.74,feldpausch_regional,0.18,default,-1.0,67.82,33.7,68.0,False,O,44.63,measured,67.82,44.579866224795325,0.625,3144.5169,3144.5169,3272.3308,3124.8597,3124.8597,3251.8746,
HUM_A01,37,Helicostylis sp.,Moraceae,650858.5639,8920868.855,25.2,22.18,16.19,20140703,False,O,7,19.9,19.9,feldpausch_regional,0.18,default,-1.0,25.02,19.81,25.2,False,O,22.18,measured,25.02,22.081120246362993,0.643,228.9038,228.9038,244.9014,224.7409,224.7409,240.4476,
HUM_A01,38,Guarea guidonia,Meliaceae,650862.7899,8920866.552,10.4,10.51,8.15,20140703,False,O,7,10.93,10.93,feldpausch_regional,0.18,default,-1.0,10.22,10.79,10.4,False,O,10.51,measured,10.22,10.378332015230972,0.5651,19.6243,19.6243,18.5094,18.7348,18.7348,17.6705,
HUM_A01,39,Helicostylis sp.,Moraceae,650857.0128,8920865.176,13.0,11.82,6.9,20140703,False,O,7,12.81,12.81,feldpausch_regional,0.18,default,-1.0,12.82,12.68,13.0,False,O,11.82,measured,12.82,11.704756510537944,0.643,34.0214,34.0214,36.3991,32.7929,32.7929,35.0847,
HUM_A01,40,Helicostylis sp.,Moraceae,650839.6981,8920877.162,43.0,32.87,26.5,20140703,False,O,7,27.1,27.1,feldpausch_regional,0.18,default,-1.0,42.82,27.04,43.0,False,O,32.87,measured,42.82,32.79713208655535,0.643,953.647,953.647,1020.2954,943.8235,943.8235,1009.7854,
HUM_A01,42,Tetragastris panamensis,Burseraceae,650830.0905,8920909.938,63.2,33.05,23.63,20140703,False,O,7,32.69,32.69,feldpausch_regional,0.18,default,-1.0,63.02,32.65,63.2,False,O,33.05,measured,63.02,33.008338628908966,0.7173,2033.161,2033.161,2420.3594,2019.3854,2019.3854,2403.9604,
HUM_A01,43,Helicostylis sp.,Moraceae,650835.1422,8920915.875,46.0,29.47,16.05,20140703,False,O,7,28.07,28.07,feldpausch_regional,0.18,default,-1.0,45.82,28.02,46.0,False,O,29.47,measured,45.82,29.410555598814145,0.643,977.8652,977.8652,1046.2062,968.4994,968.4994,1036.1858,
HUM_A01,44,Tetragastris panamensis,Burseraceae,650847.2867,8920915.664,42.0,25.71,18.29,20140703,False,O,7,26.77,26.77,feldpausch_regional,0.18,default,-1.0,41.82,26.7,42.0,False,O,25.71,measured,41.82,25.651118607399056,0.7173,716.6431,716.6431,853.1218,709.0716,709.0716,844.1083,
HUM_A01,45,Tetragastris panamensis,Burseraceae,650856.6766,8920913.529,46.7,23.76,16.25,20140703,False,O,7,28.29,28.29,feldpausch_regional,0.18,default,-1.0,46.52,28.24,46.7,False,O,23.76,measured,46.52,23.713086992540106,0.7173,816.1939,816.1939,971.6312,808.5033,808.5033,962.4759,
HUM_A01,46,Bowdichia nitida,Fabaceae,650862.5286,8920902.327,38.3,28.36,19.1,20140703,False,O,7,25.46,25.46,feldpausch_regional,0.18,default,-1.0,38.12,25.39,38.3,False,O,28.36,measured,38.12,28.28634379427086,0.8033,658.7278,658.7278,875.8075,651.0436,651.0436,865.5911,
HUM_A01,47,,,650715.0842,8921060.623,21.5,3.97,,20140703,True,O,8,17.99,17.99,feldpausch_regional,0.18,default,-1.0,21.32,17.9,21.5,True,O,3.97,measured,21.32,3.948505240247988,0.5862,31.3184,28.7572,28.7572,30.6458,28.1524,28.1524,
HUM_A01,48,Laportea aestuans,,650710.6358,8921061.55,12.8,9.7,5.32,20140703,False,O,8,12.67,12.67,feldpausch_regional,0.18,default,-1.0,12.62,12.55,12.8,False,O,9.7,measured,12.620000000000001,9.603747967923653,0.16,27.216,27.216,7.4915,26.2175,26.2175,7.2167,
HUM_A01,49,Laportea aestuans,,650713.8172,8921058.464,18.8,10.07,6.02,20140703,False,O,8,16.48,16.48,feldpausch_regional,0.18,default,-1.0,18.62,16.38,18.8,False,O,10.07,measured,18.62,10.005978557924596,0.16,59.7824,59.7824,16.4558,58.3061,58.3061,16.0494,
HUM_A01,50,Jacaratia spinosa,Caricaceae,650707.4926,8921058.468,20.0,12.02,8.45,20140703,False,O,8,17.17,17.17,feldpausch_regional,0.18,default,-1.0,19.82,17.07,20.0,False,O,12.02,measured,19.82,11.949008849477767,0.265,80.1785,80.1785,36.1136,78.3218,78.3218,35.2773,
HUM_A01,51,Dictyocaryum ptarianum,,650713.6602,8921051.853,17.1,19.96,22.35,20140703,False,O,8,15.47,15.47,feldpausch_regional,0.18,default,-1.0,16.92,15.36,17.1,False,O,19.96,measured,16.92,19.81810924954893,0.5862,96.8781,96.8781,94.7049,94.2391,94.2391,92.125,
HUM_A01,52,Aspidosperma spruceanum,Apocynaceae,650708.3649,8921051.699,33.6,31.59,24.02,20140703,False,O,8,23.65,23.65,feldpausch_regional,0.18,default,-1.0,33.42,23.57,33.6,False,O,31.59,measured,33.42,31.492362218137647,0.7533,566.8072,566.8072,707.7816,559.2031,559.2031,698.2862,
HUM_A01,53,Jacaratia spinosa,Caricaceae,650708.9113,8921050.223,18.6,11.26,9.35,20140703,False,O,8,16.36,16.36,feldpausch_regional,0.18,default,-1.0,18.42,16.26,18.6,False,O,11.26,measured,18.42,11.18750009039208,0.265,65.2907,65.2907,29.4079,63.6604,63.6604,28.6736,
HUM_A01,54,Virola melinoni,Myristicaceae,650706.2847,8921042.476,25.1,25.25,16.07,20140703,False,O,8,19.85,19.85,feldpausch_regional,0.18,default,-1.0,24.92,19.76,25.1,False,O,25.25,measured,24.92,25.136877913972,0.4734,257.7691,257.7691,204.5469,253.0616,253.0616,200.8114,
HUM_A01,55,Helicostylis sp.,Moraceae,650707.1508,8921041.974,23.6,23.61,17.13,20140703,False,O,8,19.1,19.1,feldpausch_regional,0.18,default,-1.0,23.42,19.0,23.6,False,O,23.61,measured,23.42,23.495878305172024,0.643,214.0556,214.0556,229.0155,209.8854,209.8854,224.5538,
HUM_A01,56,Helicostylis sp.,Moraceae,650705.7095,8921034.714,22.9,18.93,7.32,20140703,False,O,8,18.73,18.73,feldpausch_regional,0.18,default,-1.0,22.72,18.64,22.9,False,O,18.93,measured,22.72,18.83506632567075,0.643,162.6891,162.6891,174.0591,159.4181,159.4181,170.5595,
HUM_A01,57,Chloroleucon mangense,,650700.5494,8921034.642,27.5,21.76,15.01,20140703,False,O,8,21.0,21.0,feldpausch_regional,0.18,default,-1.0,27.32,20.92,27.5,False,O,21.76,measured,27.32,21.6730207313985,0.99,266.4362,266.4362,434.3677,262.0163,262.0163,427.1621,
HUM_A01,58,Chloroleucon mangense,,650700.4863,8921031.408,20.1,23.93,13.94,20140703,False,O,8,17.22,17.22,feldpausch_regional,0.18,default,-1.0,19.92,17.12,20.1,False,O,23.93,measured,19.92,23.789508115835094,0.99,158.5431,158.5431,258.471,154.8908,154.8908,252.5166,
HUM_A01,59,,,650699.8771,8921017.628,10.3,11.42,5.4,20140703,False,O,8,10.85,10.85,feldpausch_regional,0.18,default,-1.0,10.12,10.71,10.3,False,O,11.42,measured,10.120000000000001,11.275386328202359,0.5862,20.8834,20.8834,20.4149,19.9275,19.9275,19.4805,
HUM_A01,60,Laetia procera,Salicaceae,650697.4348,8921018.455,33.9,21.57,14.46,20140703,False,O,8,23.77,23.77,feldpausch_regional,0.18,default,-1.0,33.72,23.7,33.9,False,O,21.57,measured,33.72,21.504104339670015,0.6481,397.4186,397.4186,428.4846,392.1372,392.1372,422.7903,
HUM_A01,61,Euterpe oleracea,Arecaceae,650697.6205,8921018.407,14.0,17.41,13.76,20140703,False,P,8,13.49,13.49,feldpausch_regional,0.18,default,-1.0,13.82,13.37,14.0,False,P,17.41,measured,13.82,17.25400331359314,0.3877,57.3749,26.6981,26.6981,55.4545,25.7653,25.7653,
HUM_A01,62,Solanum absconditum,,650696.8683,8921020.664,11.5,7.81,6.04,20140703,False,O,8,11.75,11.75,feldpausch_regional,0.18,default,-1.0,11.32,11.61,11.5,False,O,7.81,measured,11.32,7.722552668955496,0.4119,17.8719,17.8719,12.3791,17.1405,17.1405,11.8725,
HUM_A01,63,Laportea aestuans,,650696.26,8921021.86,12.9,11.12,6.65,20140703,False,O,8,12.74,12.74,feldpausch_regional,0.18,default,-1.0,12.72,12.62,12.9,False,O,11.12,measured,12.72,11.010627028811308,0.16,31.574,31.574,8.6911,30.4248,30.4248,8.3748,
HUM_A01,64,Hevea brasiliensis,Euphorbiaceae,650694.5155,8921018.161,13.6,12.39,7.59,20140703,False,O,8,13.22,13.22,feldpausch_regional,0.18,default,-1.0,13.42,13.1,13.6,False,O,12.39,measured,13.42,12.275245440953025,0.4666,38.9015,38.9015,30.4371,37.5601,37.5601,29.3876,
HUM_A01,65,Jacaratia spinosa,Caricaceae,650691.9063,8921020.911,46.4,27.8,11.37,20140703,False,O,8,28.2,28.2,feldpausch_regional,0.18,default,-1.0,46.22,28.14,46.4,False,O,27.8,measured,46.22,27.744606606613797,0.265,939.4886,939.4886,423.1593,930.5742,930.5742,419.1441,
HUM_A01,66,Apuleia leiocarpa,Fabaceae,650666.2045,8921025.282,95.0,46.59,30.75,20140703,False,O,8,38.31,38.31,feldpausch_regional,0.18,default,-1.0,94.82,38.29,95.0,False,O,46.59,measured,94.82,46.56036826730597,0.7992,6298.4089,6298.4089,8332.4649,6271.2398,6271.2398,8296.5216,
HUM_A01,67,Tetragastris panamensis,Burseraceae,650705.1805,8921028.672,48.6,26.72,20.11,20140703,False,O,8,28.87,28.87,feldpausch_regional,0.18,default,-1.0,48.42,28.82,48.6,False,O,26.72,measured,48.42,26.67015939303056,0.7173,989.389,989.389,1177.8098,980.4604,980.4604,1167.1809,
HUM_A01,69,Pouteria gongrijpii,Sapotaceae,650670.8562,8921071.453,38.0,33.07,21.61,20140703,False,O,8,25.35,25.35,feldpausch_regional,0.18,default,-1.0,37.82,25.28,38.0,False,O,33.07,measured,37.82,32.98319600169732,0.7994,753.6436,753.6436,997.2137,744.778,744.778,985.4827,
HUM_A01,70,Tetragastris panamensis,Burseraceae,650699.6036,8921064.85,39.5,29.06,19.92,20140703,False,O,8,25.89,25.89,feldpausch_regional,0.18,default,-1.0,39.32,25.83,39.5,False,O,29.06,measured,39.32,28.98761313217832,0.7173,716.4646,716.4646,852.9092,708.3789,708.3789,843.2837,
HUM_A01,71,Helicostylis sp.,Moraceae,650702.4116,8921065.393,35.8,37.62,24.81,20140703,False,O,8,24.52,24.52,feldpausch_regional,0.18,default,-1.0,35.62,24.45,35.8,False,O,37.62,measured,35.62,37.5130555179336,0.643,760.7625,760.7625,813.9306,751.2237,751.2237,803.7252,
HUM_A01,72,Inga marginata,Fabaceae,650652.5849,8921184.655,14.3,11.64,6.57,20140704,False,O,9,13.69,13.69,feldpausch_regional,0.18,default,-1.0,14.12,13.57,14.3,False,O,11.64,measured,14.120000000000001,11.538206039698105,0.5518,40.3689,40.3689,37.2006,39.0468,39.0468,35.9822,
HUM_A01,73,Jacaranda copaia,Bignoniaceae,650648.4618,8921184.688,12.4,10.49,7.67,20140704,False,O,9,12.39,12.39,feldpausch_regional,0.18,default,-1.0,12.22,12.26,12.4,False,O,10.49,measured,12.22,10.382100250305912,0.3507,27.6119,27.6119,16.347,26.5655,26.5655,15.7275,
HUM_A01,74,Laportea aestuans,,650650.2073,8921173.329,16.1,13.05,6.43,20140704,False,O,9,14.85,14.85,feldpausch_regional,0.18,default,-1.0,15.92,14.74,16.1,False,O,13.05,measured,15.920000000000002,12.950474006466123,0.16,56.888,56.888,15.6591,55.2388,55.2388,15.2051,
HUM_A01,75,Ceiba pentandra,Malvaceae,650649.5834,8921172.937,31.5,30.0,26.28,20140704,False,O,9,22.78,22.78,feldpausch_regional,0.18,default,-1.0,31.32,22.7,31.5,False,O,30.0,measured,31.32,29.89915428362689,0.3052,475.1527,475.1527,245.6569,468.3255,468.3255,242.1272,
HUM_A01,76,Tetragastris panamensis,Burseraceae,650646.2133,8921170.054,13.2,10.42,7.01,20140704,False,O,9,12.95,12.95,feldpausch_regional,0.18,default,-1.0,13.02,12.82,13.2,False,O,10.42,measured,13.02,10.320153607895158,0.7173,30.9927,30.9927,36.895,29.8909,29.8909,35.5834,
HUM_A01,77,Inga grandis,Fabaceae,650650.3288,8921167.616,16.8,9.94,7.01,20140704,False,O,9,15.29,15.29,feldpausch_regional,0.18,default,-1.0,16.62,15.18,16.8,False,O,9.94,measured,16.62,9.86786076250484,0.5786,47.3929,47.3929,45.7393,46.0781,46.0781,44.4703,
HUM_A01,78,Pourouma minor,Urticaceae,650643.0752,8921166.132,18.4,14.75,11.71,20140704,False,O,9,16.25,16.25,feldpausch_regional,0.18,default,-1.0,18.22,16.14,18.4,False,O,14.75,measured,18.22,14.653806517118111,0.436,83.2005,83.2005,60.9241,81.0996,81.0996,59.3857,
HUM_A01,79,Pouteria sp.,Sapotaceae,650641.7072,8921164.968,23.0,16.06,12.08,20140704,False,O,9,18.79,18.79,feldpausch_regional,0.18,default,-1.0,22.82,18.69,23.0,False,O,16.06,measured,22.82,15.979886643557395,0.7187,139.753,139.753,166.6835,136.9559,136.9559,163.3474,
HUM_A01,80,Theobroma glaucum,Malvaceae,650643.4307,8921163.431,16.7,20.63,16.74,20140704,False,O,9,15.22,15.22,feldpausch_regional,0.18,default,-1.0,16.52,15.11,16.7,False,O,20.63,measured,16.52,20.479230721697913,0.5297,95.5332,95.5332,84.5948,92.8664,92.8664,82.2333,
HUM_A01,81,,,650642.6144,8921158.253,36.8,27.53,20.25,20140704,False,O,9,24.9,24.9,feldpausch_regional,0.18,default,-1.0,36.62,24.83,36.8,False,O,27.53,measured,36.62,27.45455938897178,0.5862,591.8975,591.8975,578.6196,584.6913,584.6913,571.575,
HUM_A01,82,,,650648.6177,8921158.762,11.0,8.78,,20140704,True,O,9,11.38,11.38,feldpausch_regional,0.18,default,-1.0,10.82,11.24,11.0,True,O,8.78,measured,10.82,8.676673768300152,0.5862,18.37,14.4087,14.4087,17.5835,13.8066,13.8066,
HUM_A01,83,Geissospermum sericeum,Apocynaceae,650640.8324,8921155.536,31.2,15.23,11.33,20140704,False,O,9,22.65,22.65,feldpausch_regional,0.18,default,-1.0,31.02,22.57,31.2,False,O,15.23,measured,31.02,15.178167484024467,0.7823,240.6387,240.6387,311.7743,237.1459,237.1459,307.2489,
HUM_A01,84,Ceiba pentandra,Malvaceae,650638.6604,8921143.063,35.8,25.26,17.45,20140704,False,O,9,24.52,24.52,feldpausch_regional,0.18,default,-1.0,35.62,24.45,35.8,False,O,25.26,measured,35.62,25.18819198253596,0.3052,515.7216,515.7216,266.6312,509.2552,509.2552,263.2881,
HUM_A01,85,Neea oppositifolia,Nyctaginaceae,650639.6604,8921142.711,18.9,18.92,13.6,20140704,False,O,9,16.54,16.54,feldpausch_regional,0.18,default,-1.0,18.72,16.43,18.9,False,O,18.92,measured,18.72,18.800467906534998,0.893,111.7864,111.7864,164.7952,109.0411,109.0411,160.748,
HUM_A01,86,Casearia javitensis,Salicaceae,650642.1605,8921141.83,13.5,13.81,8.9,20140704,False,O,9,13.15,13.15,feldpausch_regional,0.18,default,-1.0,13.32,13.03,13.5,False,O,13.81,measured,13.32,13.681012702502281,0.753,42.6286,42.6286,53.2081,41.1476,41.1476,51.3595,
HUM_A01,87,Galipea sp.,,650640.3481,8921139.02,20.7,21.68,12.97,20140704,False,O,9,17.56,17.56,feldpausch_regional,0.18,default,-1.0,20.52,17.46,20.7,False,O,21.68,measured,20.52,21.55712929140183,0.997,152.4855,152.4855,250.3108,149.0787,149.0787,244.7183,
HUM_A01,88,Tabebuia chrysotricha,,650602.4618,8921151.579,47.8,38.68,27.29,20140704,False,O,9,28.63,28.63,feldpausch_regional,0.18,default,-1.0,47.62,28.57,47.8,False,O,38.68,measured,47.62,38.60611664640132,0.7598,1374.3291,1374.3291,1730.42,1361.7016,1361.7016,1714.5208,
HUM_A01,89,Bertholletia excelsa,Lecythidaceae,650621.1737,8921169.89,68.8,30.97,21.97,20140704,False,O,9,33.91,33.91,feldpausch_regional,0.18,default,-1.0,68.62,33.87,68.8,False,O,30.97,measured,68.61999999999999,30.935854987165907,0.638,2252.1221,2252.1221,2391.2297,2238.2238,2238.2238,2376.473,
HUM_A01,90,Hevea brasiliensis,Euphorbiaceae,650634.0056,8921158.193,65.3,28.82,18.77,20140704,False,O,9,33.16,33.16,feldpausch_regional,0.18,default,-1.0,65.12,33.12,65.3,False,O,28.82,measured,65.11999999999999,28.785480887043217,0.4666,1895.9747,1895.9747,1483.439,1883.5819,1883.5819,1473.7427,
HUM_A01,91,Apeiba echinata,Malvaceae,650602.2969,8920989.514,36.8,19.83,12.08,20140704,False,O,10,24.9,24.9,feldpausch_regional,0.18,default,-1.0,36.62,24.83,36.8,False,O,19.83,measured,36.62,19.775659741493293,0.2822,429.7171,429.7171,205.8381,424.4854,424.4854,203.3321,
HUM_A01,92,Laportea aestuans,,650600.163,8920986.516,19.8,14.72,9.01,20140704,False,O,10,17.05,17.05,feldpausch_regional,0.18,default,-1.0,19.62,16.95,19.8,False,O,14.72,measured,19.62,14.632011990695917,0.16,95.814,95.814,26.3739,93.572,93.572,25.7568,
HUM_A01,93,Jacaratia spinosa,Caricaceae,650603.051,8920983.717,39.0,20.77,15.89,20140704,False,O,10,25.71,25.71,feldpausch_regional,0.18,default,-1.0,38.82,25.65,39.0,False,O,20.77,measured,38.82,20.717361098008723,0.265,503.5433,503.5433,226.8032,497.7824,497.7824,224.2084,
HUM_A01,94,Laportea aestuans,,650598.9828,8920978.673,18.6,8.63,6.18,20140704,False,O,10,16.36,16.36,feldpausch_regional,0.18,default,-1.0,18.42,16.26,18.6,False,O,8.63,measured,18.42,8.574433905868887,0.16,50.3612,50.3612,13.8625,49.1037,49.1037,13.5164,
HUM_A01,95,,,650603.0556,8920969.638,14.0,12.97,,20140704,True,O,10,13.49,13.49,feldpausch_regional,0.18,default,-1.0,13.82,13.37,14.0,True,O,12.97,measured,13.82,12.853786500706665,0.5862,43.0459,32.1144,32.1144,41.6051,31.0644,31.0644,
HUM_A01,96,,,650599.1712,8920970.196,28.5,2.22,,20140704,True,O,10,21.46,21.46,feldpausch_regional,0.18,default,-1.0,28.32,21.38,28.5,True,O,2.22,measured,28.32,2.2115176875472153,0.5862,30.7864,31.4099,31.4099,30.2946,30.9174,30.9174,
HUM_A01,97,Chloroleucon mangense,,650598.1351,8920960.629,12.9,13.71,10.47,20140704,False,O,10,12.74,12.74,feldpausch_regional,0.18,default,-1.0,12.72,12.62,12.9,False,O,13.71,measured,12.72,13.57515256879524,0.99,38.7329,38.7329,63.1458,37.3232,37.3232,60.8475,
HUM_A01,98,,,650598.0082,8920955.308,31.8,15.14,,20140704,True,O,10,22.9,22.9,feldpausch_regional,0.18,default,-1.0,31.62,22.83,31.8,True,O,15.14,measured,31.62,15.089726806099005,0.5862,248.314,188.0428,188.0428,244.7819,185.4149,185.4149,
HUM_A01,99,Jacaratia spinosa,Caricaceae,650596.8038,8920954.376,12.7,8.62,6.38,20140704,False,O,10,12.6,12.6,feldpausch_regional,0.18,default,-1.0,12.52,12.48,12.7,False,O,8.62,measured,12.52,8.533701061246509,0.265,23.8858,23.8858,10.7585,23.0025,23.0025,10.3606,
HUM_A01,100,Laportea aestuans,,650595.194,8920956.264,10.5,8.5,6.25,20140704,False,O,10,11.0,11.0,feldpausch_regional,0.18,default,-1.0,10.32,10.87,10.5,False,O,8.5,measured,10.32,8.39464102087195,0.16,16.2531,16.2531,4.4738,15.5235,15.5235,4.273,
HUM_A01,101,Laportea aestuans,,650597.9199,8920947.777,20.0,12.36,8.86,20140704,False,O,10,17.17,17.17,feldpausch_regional,0.18,default,-1.0,19.82,17.07,20.0,False,O,12.36,measured,19.82,12.287000780328219,0.16,82.3913,82.3913,22.6791,80.4834,80.4834,22.154,
HUM_A01,102,Tetragastris panamensis,Burseraceae,650594.7766,8920949.59,50.3,24.15,15.08,20140704,False,O,10,29.37,29.37,feldpausch_regional,0.18,default,-1.0,50.12,29.32,50.3,False,O,24.15,measured,50.12,24.107130651553522,0.7173,958.6245,958.6245,1141.1865,950.2903,950.2903,1131.2651,
HUM_A01,103,,,650592.3778,8920947.804,24.0,25.37,17.52,20140704,False,O,10,19.3,19.3,feldpausch_regional,0.18,default,-1.0,23.82,19.21,24.0,False,O,25.37,measured,23.82,25.249876193633437,0.5862,237.2738,237.2738,231.9511,232.732,232.732,227.5111,
HUM_A01,104,Dictyocaryum ptarianum,,650591.6214,8920948.984,24.1,24.15,16.44,20140704,False,O,10,19.35,19.35,feldpausch_regional,0.18,default,-1.0,23.92,19.26,24.1,False,O,24.15,measured,23.92,24.036236123160958,0.5862,227.9739,227.9739,222.8598,223.629,223.629,218.6124,
HUM_A01,105,Sapium marmieri,Euphorbiaceae,650596.8884,8920945.292,12.2,16.9,12.34,20140704,False,O,10,12.25,12.25,feldpausch_regional,0.18,default,-1.0,12.02,12.12,12.2,False,O,16.9,measured,12.02,16.722945794198033,0.41,42.6042,42.6042,29.3801,40.9626,40.9626,28.2481,
HUM_A01,106,Apeiba echinata,Malvaceae,650556.1723,8920962.16,56.3,33.71,26.11,20140704,False,O,10,31.01,31.01,feldpausch_regional,0.18,default,-1.0,56.12,30.96,56.3,False,O,33.71,measured,56.12,33.65930949741197,0.2822,1654.0385,1654.0385,792.2983,1641.3192,1641.3192,786.2056,
HUM_A01,107,Rinorea racemosa,Violaceae,650564.7347,8920982.194,36.0,26.33,16.62,20140704,False,O,10,24.6,24.6,feldpausch_regional,0.18,default,-1.0,35.82,24.53,36.0,False,O,26.33,measured,35.82,26.255702366657413,0.682,542.9042,542.9042,615.2068,536.1374,536.1374,607.5388,
HUM_A01,108,Astronium gracile,Anacardiaceae,650571.3774,8920998.362,45.0,35.7,28.13,20140704,False,O,10,27.76,27.76,feldpausch_regional,0.18,default,-1.0,44.82,27.7,45.0,False,O,35.7,measured,44.82,35.62572497796176,0.73,1129.6286,1129.6286,1367.9278,1118.5493,1118.5493,1354.5113,
HUM_A01,109,Helicostylis sp.,Moraceae,650575.6365,8920995.117,41.0,36.59,24.87,20140704,False,O,10,26.42,26.42,feldpausch_regional,0.18,default,-1.0,40.82,26.36,41.0,False,O,36.59,measured,40.82,36.50337725034999,0.643,964.8426,964.8426,1032.2735,954.3811,954.3811,1021.0808,
