site,tree_id,scientific_name,family_name,utm_easting,utm_northing,dbh,htot,hcom,dead,type,plot_id,htot_feldpausch,htot_estimated,htot_estimation_method,dbh_incr_cm_yr,dbh_incr_source,gap_anos,dbh_lidar,htot_estimated_gap,dbh_used,dead_used,type_used,htot_used,htot_source,dbh_used_gap,htot_used_gap,rho_w_m3,iagc_m1_kgC,iagc_m2_kgC,iagc_m3_kgC,iagc_m1_kgC_gap,iagc_m2_kgC_gap,iagc_m3_kgC_gap,quadra_id
SAN_A02,1,Attalea maripa,Arecaceae,738320.1308,9636707.555,34.8,13.31,6.19,False,P,1,24.13,24.13,feldpausch_regional,0.18,default,0.0,34.8,24.13,34.8,False,P,13.31,measured,34.8,13.31,0.326,261.1086,326.061,326.061,261.1086,326.061,326.061,
SAN_A02,2,Attalea maripa,Arecaceae,738327.3408,9636709.935,61.1,12.96,4.29,False,P,1,32.2,32.2,feldpausch_regional,0.18,default,0.0,61.1,32.2,61.1,False,P,12.96,measured,61.1,12.96,0.326,763.3358,1531.6296,1531.6296,763.3358,1531.6296,1531.6296,
SAN_A02,3,Attalea maripa,Arecaceae,738327.5442,9636723.531,51.0,14.97,5.56,False,P,1,29.57,29.57,feldpausch_regional,0.18,default,0.0,51.0,29.57,51.0,False,P,14.97,measured,51.0,14.97,0.326,617.5244,932.1629,932.1629,617.5244,932.1629,932.1629,
SAN_A02,4,Attalea maripa,Arecaceae,738329.0292,9636726.602,59.0,11.31,7.02,False,P,1,31.69,31.69,feldpausch_regional,0.18,default,0.0,59.0,31.69,59.0,False,P,11.31,measured,59.0,11.31,0.326,624.2281,1391.2631,1391.2631,624.2281,1391.2631,1391.2631,
SAN_A02,5,Cecropia ficifolia,Urticaceae,738324.1923,9636734.259,15.2,10.82,7.59,False,O,1,14.28,14.28,feldpausch_regional,0.18,default,0.0,15.2,14.28,15.2,False,O,10.82,measured,15.2,10.82,0.266,42.3472,42.3472,19.1441,42.3472,42.3472,19.1441,
SAN_A02,6,Attalea maripa,Arecaceae,738334.2502,9636741.065,70.0,12.06,3.85,False,P,1,34.15,34.15,feldpausch_regional,0.18,default,0.0,70.0,34.15,70.0,False,P,12.06,measured,70.0,12.06,0.326,927.8698,2225.6641,2225.6641,927.8698,2225.6641,2225.6641,
SAN_A02,7,Attalea maripa,Arecaceae,738366.7782,9636742.973,54.1,8.92,4.49,False,P,1,30.43,30.43,feldpausch_regional,0.18,default,0.0,54.1,30.43,54.1,False,P,8.92,measured,54.1,8.92,0.326,418.04,1096.2831,1096.2831,418.04,1096.2831,1096.2831,
SAN_A02,8,Attalea maripa,Arecaceae,738352.2998,9636744.493,52.0,11.53,2.95,False,P,1,29.85,29.85,feldpausch_regional,0.18,default,0.0,52.0,29.85,52.0,False,P,11.53,measured,52.0,11.53,0.326,497.101,983.2607,983.2607,497.101,983.2607,983.2607,
SAN_A02,9,Attalea maripa,Arecaceae,738357.4421,9636743.743,55.4,11.71,2.39,False,P,1,30.77,30.77,feldpausch_regional,0.18,default,0.0,55.4,30.77,55.4,False,P,11.71,measured,55.4,11.71,0.326,571.0883,1170.2121,1170.2121,571.0883,1170.2121,1170.2121,
SAN_A02,10,Attalea maripa,Arecaceae,738363.2255,9636747.846,65.0,14.89,4.12,False,P,1,33.09,33.09,feldpausch_regional,0.18,default,0.0,65.0,33.09,65.0,False,P,14.89,measured,65.0,14.89,0.326,986.3085,1815.5427,1815.5427,986.3085,1815.5427,1815.5427,
SAN_A02,11,Attalea maripa,Arecaceae,738363.3326,9636732.989,55.2,11.15,3.52,False,P,1,30.72,30.72,feldpausch_regional,0.18,default,0.0,55.2,30.72,55.2,False,P,11.15,measured,55.2,11.15,0.326,540.5875,1158.6382,1158.6382,540.5875,1158.6382,1158.6382,
SAN_A02,12,Attalea maripa,Arecaceae,738342.9216,9636734.943,52.5,13.03,3.67,False,P,1,29.99,29.99,feldpausch_regional,0.18,default,0.0,52.5,29.99,52.5,False,P,13.03,measured,52.5,13.03,0.326,570.6862,1009.4632,1009.4632,570.6862,1009.4632,1009.4632,
SAN_A02,13,Attalea maripa,Arecaceae,738363.4944,9636719.123,49.0,12.49,5.62,False,P,1,28.99,28.99,feldpausch_regional,0.18,default,0.0,49.0,28.99,49.0,False,P,12.49,measured,49.0,12.49,0.326,478.5952,835.1079,835.1079,478.5952,835.1079,835.1079,
SAN_A02,14,Attalea maripa,Arecaceae,738361.8366,9636714.415,64.5,10.65,2.95,False,P,1,32.98,32.98,feldpausch_regional,0.18,default,0.0,64.5,32.98,64.5,False,P,10.65,measured,64.5,10.65,0.326,700.5102,1777.4183,1777.4183,700.5102,1777.4183,1777.4183,
SAN_A02,15,Attalea maripa,Arecaceae,738358.9095,9636700.195,53.7,14.09,3.61,False,P,1,30.32,30.32,feldpausch_regional,0.18,default,0.0,53.7,30.32,53.7,False,P,14.09,measured,53.7,14.09,0.326,643.7357,1074.1502,1074.1502,643.7357,1074.1502,1074.1502,
SAN_A02,16,Attalea maripa,Arecaceae,738347.8106,9636706.486,48.8,12.73,3.08,False,P,1,28.93,28.93,feldpausch_regional,0.18,default,0.0,48.8,28.93,48.8,False,P,12.73,measured,48.8,12.73,0.326,483.6918,825.7734,825.7734,483.6918,825.7734,825.7734,
SAN_A02,17,Attalea maripa,Arecaceae,738338.1401,9636708.826,55.4,13.7,2.96,False,P,1,30.77,30.77,feldpausch_regional,0.18,default,0.0,55.4,30.77,55.4,False,P,13.7,measured,55.4,13.7,0.326,665.6271,1170.2121,1170.2121,665.6271,1170.2121,1170.2121,
SAN_A02,18,Attalea maripa,Arecaceae,738339.945,9636716.511,55.7,10.0,3.57,False,P,1,30.85,30.85,feldpausch_regional,0.18,default,0.0,55.7,30.85,55.7,False,P,10.0,measured,55.7,10.0,0.326,494.732,1187.7103,1187.7103,494.732,1187.7103,1187.7103,
SAN_A02,19,Enterolobium schomburgkii,Fabaceae,738335.572,9636862.176,10.8,11.36,6.26,False,O,2,11.23,11.23,feldpausch_regional,0.18,default,0.0,10.8,11.23,10.8,False,O,11.36,measured,10.8,11.36,0.6989,22.7905,22.7905,26.4507,22.7905,22.7905,26.4507,
SAN_A02,20,Attalea maripa,Arecaceae,738339.1664,9636863.106,60.0,12.71,2.6,False,P,2,31.94,31.94,feldpausch_regional,0.18,default,0.0,60.0,31.94,60.0,False,P,12.71,measured,60.0,12.71,0.326,722.8663,1457.0343,1457.0343,722.8663,1457.0343,1457.0343,
SAN_A02,21,Attalea maripa,Arecaceae,738338.6726,9636872.619,55.8,14.44,2.6,False,P,2,30.88,30.88,feldpausch_regional,0.18,default,0.0,55.8,30.88,55.8,False,P,14.44,measured,55.8,14.44,0.326,710.6049,1193.5798,1193.5798,710.6049,1193.5798,1193.5798,
SAN_A02,22,Attalea maripa,Arecaceae,738339.7821,9636872.445,21.2,14.38,6.5,False,P,2,17.83,17.83,feldpausch_regional,0.18,default,0.0,21.2,17.83,21.2,False,P,14.38,measured,21.2,14.38,0.326,107.0141,83.5114,83.5114,107.0141,83.5114,83.5114,
SAN_A02,23,Guatteria schomburgkiana,Annonaceae,738339.8745,9636872.431,22.9,12.57,6.5,False,O,2,18.73,18.73,feldpausch_regional,0.18,default,0.0,22.9,18.73,22.9,False,O,12.57,measured,22.9,12.57,0.6,109.0965,109.0965,109.0965,109.0965,109.0965,109.0965,
SAN_A02,24,,,738338.8373,9636878.355,15.2,4.19,,True,O,2,14.28,14.28,feldpausch_regional,0.18,default,0.0,15.2,14.28,15.2,True,O,4.19,measured,15.2,4.19,0.4713,16.7765,15.0217,15.0217,16.7765,15.0217,15.0217,
SAN_A02,25,Guatteria schomburgkiana,Annonaceae,738338.9022,9636882.12,22.9,13.37,6.85,False,O,2,18.73,18.73,feldpausch_regional,0.18,default,0.0,22.9,18.73,22.9,False,O,13.37,measured,22.9,13.37,0.6,115.8681,115.8681,115.8681,115.8681,115.8681,115.8681,
SAN_A02,26,Guatteria schomburgkiana,Annonaceae,738338.9956,9636882.105,13.8,12.09,6.54,False,O,2,13.36,13.36,feldpausch_regional,0.18,default,0.0,13.8,13.36,13.8,False,O,12.09,measured,13.8,12.09,0.6,39.0798,39.0798,39.0798,39.0798,39.0798,39.0798,
SAN_A02,27,Inga marginata,Fabaceae,738343.9271,9636896.827,18.9,9.74,3.84,False,O,2,16.54,16.54,feldpausch_regional,0.18,default,0.0,18.9,16.54,18.9,False,O,9.74,measured,18.9,9.74,0.5518,58.472,58.472,53.8829,58.472,58.472,53.8829,
SAN_A02,28,Inga marginata,Fabaceae,738344.0505,9636897.006,14.2,8.58,3.65,False,O,2,13.62,13.62,feldpausch_regional,0.18,default,0.0,14.2,13.62,14.2,False,O,8.58,measured,14.2,8.58,0.5518,29.5673,29.5673,27.2467,29.5673,29.5673,27.2467,
SAN_A02,29,Inga marginata,Fabaceae,738343.946,9636897.619,11.6,11.63,5.43,False,O,2,11.82,11.82,feldpausch_regional,0.18,default,0.0,11.6,11.82,11.6,False,O,11.63,measured,11.6,11.63,0.5518,26.8095,26.8095,24.7054,26.8095,26.8095,24.7054,
SAN_A02,30,Inga marginata,Fabaceae,738343.8936,9636897.925,17.3,13.97,6.11,False,O,2,15.59,15.59,feldpausch_regional,0.18,default,0.0,17.3,15.59,17.3,False,O,13.97,measured,17.3,13.97,0.5518,69.9582,69.9582,64.4676,69.9582,69.9582,64.4676,
SAN_A02,31,Guatteria schomburgkiana,Annonaceae,738340.6097,9636899.439,13.8,13.97,7.39,False,O,2,13.36,13.36,feldpausch_regional,0.18,default,0.0,13.8,13.36,13.8,False,O,13.97,measured,13.8,13.97,0.6,45.0004,45.0004,45.0004,45.0004,45.0004,45.0004,
SAN_A02,32,Vismia guianensis,Hypericaceae,738339.9172,9636900.045,11.5,13.91,10.01,False,O,2,11.75,11.75,feldpausch_regional,0.18,default,0.0,11.5,11.75,11.5,False,O,13.91,measured,11.5,13.91,0.475,31.3928,31.3928,24.9924,31.3928,31.3928,24.9924,
SAN_A02,33,Vismia guianensis,Hypericaceae,738344.4969,9636900.711,13.0,14.28,8.47,False,O,2,12.81,12.81,feldpausch_regional,0.18,default,0.0,13.0,12.81,13.0,False,O,14.28,measured,13.0,14.28,0.475,40.916,40.916,32.5739,40.916,40.916,32.5739,
SAN_A02,34,Attalea maripa,Arecaceae,738359.5906,9636890.18,40.0,12.67,1.94,False,P,2,26.07,26.07,feldpausch_regional,0.18,default,0.0,40.0,26.07,40.0,False,P,12.67,measured,40.0,12.67,0.326,326.5816,478.0994,478.0994,326.5816,478.0994,478.0994,
SAN_A02,35,Attalea maripa,Arecaceae,738361.1584,9636887.948,43.0,11.08,1.97,False,P,2,27.1,27.1,feldpausch_regional,0.18,default,0.0,43.0,27.1,43.0,False,P,11.08,measured,43.0,11.08,0.326,329.9605,583.2276,583.2276,329.9605,583.2276,583.2276,
SAN_A02,36,Attalea maripa,Arecaceae,738355.1882,9636880.95,49.1,13.11,4.39,False,P,2,29.02,29.02,feldpausch_regional,0.18,default,0.0,49.1,29.02,49.1,False,P,13.11,measured,49.1,13.11,0.326,503.7696,839.8001,839.8001,503.7696,839.8001,839.8001,
SAN_A02,37,Attalea maripa,Arecaceae,738363.9389,9636881.558,45.0,10.1,3.49,False,P,2,27.76,27.76,feldpausch_regional,0.18,default,0.0,45.0,27.76,45.0,False,P,10.1,measured,45.0,10.1,0.326,329.4194,660.8466,660.8466,329.4194,660.8466,660.8466,
SAN_A02,38,Attalea maripa,Arecaceae,738369.2938,9636873.776,46.0,14.02,5.58,False,P,2,28.07,28.07,feldpausch_regional,0.18,default,0.0,46.0,28.07,46.0,False,P,14.02,measured,46.0,14.02,0.326,473.5764,701.995,701.995,473.5764,701.995,701.995,
SAN_A02,39,Attalea maripa,Arecaceae,738360.3136,9636877.169,38.0,11.44,3.92,False,P,2,25.35,25.35,feldpausch_regional,0.18,default,0.0,38.0,25.35,38.0,False,P,11.44,measured,38.0,11.44,0.326,267.4374,415.2369,415.2369,267.4374,415.2369,415.2369,
SAN_A02,40,Attalea maripa,Arecaceae,738364.6411,9636874.506,41.0,13.09,3.73,False,P,2,26.42,26.42,feldpausch_regional,0.18,default,0.0,41.0,26.42,41.0,False,P,13.09,measured,41.0,13.09,0.326,353.7919,511.6707,511.6707,353.7919,511.6707,511.6707,
SAN_A02,41,Attalea maripa,Arecaceae,738376.6619,9636882.528,43.0,7.87,4.34,False,P,2,27.1,27.1,feldpausch_regional,0.18,default,0.0,43.0,27.1,43.0,False,P,7.87,measured,43.0,7.87,0.326,236.2993,583.2276,583.2276,236.2993,583.2276,583.2276,
SAN_A02,42,Attalea maripa,Arecaceae,738381.3362,9636886.745,47.0,15.03,4.76,False,P,2,28.38,28.38,feldpausch_regional,0.18,default,0.0,47.0,28.38,47.0,False,P,15.03,measured,47.0,15.03,0.326,528.5763,744.7375,744.7375,528.5763,744.7375,744.7375,
SAN_A02,43,Attalea maripa,Arecaceae,738383.6265,9636878.46,36.0,11.81,4.8,False,P,2,24.6,24.6,feldpausch_regional,0.18,default,0.0,36.0,24.6,36.0,False,P,11.81,measured,36.0,11.81,0.326,248.2442,357.9009,357.9009,248.2442,357.9009,357.9009,
SAN_A02,44,Attalea maripa,Arecaceae,738379.8966,9636874.094,46.0,11.63,4.07,False,P,2,28.07,28.07,feldpausch_regional,0.18,default,0.0,46.0,28.07,46.0,False,P,11.63,measured,46.0,11.63,0.326,394.6115,701.995,701.995,394.6115,701.995,701.995,
SAN_A02,45,Attalea maripa,Arecaceae,738376.7381,9636872.608,53.5,12.09,3.58,False,P,2,30.27,30.27,feldpausch_regional,0.18,default,0.0,53.5,30.27,53.5,False,P,12.09,measured,53.5,12.09,0.326,550.3707,1063.1912,1063.1912,550.3707,1063.1912,1063.1912,
SAN_A02,46,Attalea maripa,Arecaceae,738376.7613,9636867.652,43.8,15.02,4.45,False,P,2,27.37,27.37,feldpausch_regional,0.18,default,0.0,43.8,27.37,43.8,False,P,15.02,measured,43.8,15.02,0.326,460.3075,613.5359,613.5359,460.3075,613.5359,613.5359,
SAN_A02,47,,,738379.9069,9636869.14,44.0,13.45,5.24,True,O,2,27.43,27.43,feldpausch_regional,0.18,default,0.0,44.0,27.43,44.0,True,O,13.45,measured,44.0,13.45,0.4713,416.9781,326.7831,326.7831,416.9781,326.7831,326.7831,
SAN_A02,48,Attalea maripa,Arecaceae,738381.9484,9636869.81,41.0,14.63,4.68,False,P,2,26.42,26.42,feldpausch_regional,0.18,default,0.0,41.0,26.42,41.0,False,P,14.63,measured,41.0,14.63,0.326,394.3603,511.6707,511.6707,394.3603,511.6707,511.6707,
SAN_A02,49,Attalea maripa,Arecaceae,738378.2467,9636860.487,36.0,12.16,4.31,False,P,2,24.6,24.6,feldpausch_regional,0.18,default,0.0,36.0,24.6,36.0,False,P,12.16,measured,36.0,12.16,0.326,255.422,357.9009,357.9009,255.422,357.9009,357.9009,
SAN_A02,50,Attalea maripa,Arecaceae,738377.1399,9636854.718,49.8,13.24,4.86,False,P,2,29.22,29.22,feldpausch_regional,0.18,default,0.0,49.8,29.22,49.8,False,P,13.24,measured,49.8,13.24,0.326,522.8957,873.1163,873.1163,522.8957,873.1163,873.1163,
SAN_A02,51,Attalea maripa,Arecaceae,738378.9652,9636854.434,41.3,14.6,5.14,False,P,2,26.53,26.53,feldpausch_regional,0.18,default,0.0,41.3,26.53,41.3,False,P,14.6,measured,41.3,14.6,0.326,399.212,522.0261,522.0261,399.212,522.0261,522.0261,
SAN_A02,52,Attalea maripa,Arecaceae,738374.4021,9636855.144,45.3,11.8,4.04,False,P,2,27.85,27.85,feldpausch_regional,0.18,default,0.0,45.3,27.85,45.3,False,P,11.8,measured,45.3,11.8,0.326,388.4376,673.0253,673.0253,388.4376,673.0253,673.0253,
SAN_A02,53,Attalea maripa,Arecaceae,738366.1884,9636856.421,41.0,12.87,3.73,False,P,2,26.42,26.42,feldpausch_regional,0.18,default,0.0,41.0,26.42,41.0,False,P,12.87,measured,41.0,12.87,0.326,347.9873,511.6707,511.6707,347.9873,511.6707,511.6707,
SAN_A02,54,Attalea maripa,Arecaceae,738366.9911,9636866.207,42.0,11.63,3.66,False,P,2,26.77,26.77,feldpausch_regional,0.18,default,0.0,42.0,26.77,42.0,False,P,11.63,measured,42.0,11.63,0.326,330.4069,546.7046,546.7046,330.4069,546.7046,546.7046,
SAN_A02,55,Attalea maripa,Arecaceae,738358.8067,9636851.62,42.0,12.09,4.39,False,P,2,26.77,26.77,feldpausch_regional,0.18,default,0.0,42.0,26.77,42.0,False,P,12.09,measured,42.0,12.09,0.326,343.1558,546.7046,546.7046,343.1558,546.7046,546.7046,
SAN_A02,56,Vismia guianensis,Hypericaceae,738351.5499,9637012.771,12.8,14.52,8.2,False,O,3,12.67,12.67,feldpausch_regional,0.18,default,0.0,12.8,12.67,12.8,False,O,14.52,measured,12.8,14.52,0.475,40.3473,40.3473,32.1212,40.3473,40.3473,32.1212,
SAN_A02,57,,,738351.5454,9637015.012,10.2,10.17,7.27,True,O,3,10.78,10.78,feldpausch_regional,0.18,default,0.0,10.2,10.78,10.2,True,O,10.17,measured,10.2,10.17,0.4713,18.2976,13.9717,13.9717,18.2976,13.9717,13.9717,
SAN_A02,58,Attalea maripa,Arecaceae,738351.4203,9637025.519,48.0,17.19,6.88,False,P,3,28.69,28.69,feldpausch_regional,0.18,default,0.0,48.0,28.69,48.0,False,P,17.19,measured,48.0,17.19,0.326,627.8745,789.0999,789.0999,627.8745,789.0999,789.0999,
SAN_A02,59,Swartzia corrugata,Fabaceae,738352.7861,9637034.052,12.4,13.48,9.02,False,O,3,12.39,12.39,feldpausch_regional,0.18,default,0.0,12.4,12.39,12.4,False,O,13.48,measured,12.4,13.48,1.0565,35.2693,35.2693,61.2658,35.2693,35.2693,61.2658,
SAN_A02,60,Guatteria schomburgkiana,Annonaceae,738353.122,9637035.942,31.3,16.2,12.09,False,O,3,22.69,22.69,feldpausch_regional,0.18,default,0.0,31.3,22.69,31.3,False,O,16.2,measured,31.3,16.2,0.6,257.1875,257.1875,257.1875,257.1875,257.1875,257.1875,
SAN_A02,61,Helicostylis sp.,Moraceae,738353.3854,9637038.811,17.4,17.05,10.0,False,O,3,15.65,15.65,feldpausch_regional,0.18,default,0.0,17.4,15.65,17.4,False,O,17.05,measured,17.4,17.05,0.643,85.9361,85.9361,91.942,85.9361,85.9361,91.942,
SAN_A02,62,Attalea maripa,Arecaceae,738355.398,9637041.521,42.8,20.3,7.61,False,P,3,27.04,27.04,feldpausch_regional,0.18,default,0.0,42.8,27.04,42.8,False,P,20.3,measured,42.8,20.3,0.326,590.4118,575.8026,575.8026,590.4118,575.8026,575.8026,
SAN_A02,63,Helicostylis sp.,Moraceae,738352.7237,9637042.148,26.6,20.82,15.51,False,O,3,20.58,20.58,feldpausch_regional,0.18,default,0.0,26.6,20.58,26.6,False,O,20.82,measured,26.6,20.82,0.643,239.148,239.148,255.8616,239.148,239.148,255.8616,
SAN_A02,64,Helicostylis sp.,Moraceae,738354.094,9637046.791,14.5,14.34,10.67,False,O,3,13.82,13.82,feldpausch_regional,0.18,default,0.0,14.5,13.82,14.5,False,O,14.34,measured,14.5,14.34,0.643,50.8444,50.8444,54.3978,50.8444,50.8444,54.3978,
SAN_A02,65,Guatteria schomburgkiana,Annonaceae,738354.2266,9637053.368,32.8,23.92,16.76,False,O,3,23.32,23.32,feldpausch_regional,0.18,default,0.0,32.8,23.32,32.8,False,O,23.92,measured,32.8,23.92,0.6,412.2089,412.2089,412.2089,412.2089,412.2089,412.2089,
SAN_A02,66,,,738355.8753,9637053.074,17.8,12.65,,True,O,3,15.89,15.89,feldpausch_regional,0.18,default,0.0,17.8,15.89,17.8,True,O,12.65,measured,17.8,12.65,0.4713,67.1307,50.8639,50.8639,67.1307,50.8639,50.8639,
SAN_A02,67,Helicostylis sp.,Moraceae,738356.8585,9637053.006,13.4,17.91,13.13,False,O,3,13.08,13.08,feldpausch_regional,0.18,default,0.0,13.4,13.08,13.4,False,O,17.91,measured,13.4,17.91,0.643,54.149,54.149,57.9334,54.149,54.149,57.9334,
SAN_A02,68,Attalea maripa,Arecaceae,738356.7977,9637050.97,49.2,20.38,7.82,False,P,3,29.05,29.05,feldpausch_regional,0.18,default,0.0,49.2,29.05,49.2,False,P,20.38,measured,49.2,20.38,0.326,777.9646,844.5092,844.5092,777.9646,844.5092,844.5092,
SAN_A02,69,Attalea maripa,Arecaceae,738366.8484,9637053.438,46.0,23.07,7.93,False,P,3,28.07,28.07,feldpausch_regional,0.18,default,0.0,46.0,28.07,46.0,False,P,23.07,measured,46.0,23.07,0.326,770.0137,701.995,701.995,770.0137,701.995,701.995,
SAN_A02,70,,,738363.6661,9637044.476,39.2,3.65,,True,O,3,25.79,25.79,feldpausch_regional,0.18,default,0.0,39.2,25.79,39.2,True,O,3.65,measured,39.2,3.65,0.4713,93.1865,89.2457,89.2457,93.1865,89.2457,89.2457,
SAN_A02,71,Attalea maripa,Arecaceae,738390.2244,9637024.284,38.0,17.95,7.48,False,P,3,25.35,25.35,feldpausch_regional,0.18,default,0.0,38.0,25.35,38.0,False,P,17.95,measured,38.0,17.95,0.326,415.1119,415.2369,415.2369,415.1119,415.2369,415.2369,
SAN_A02,72,Attalea maripa,Arecaceae,738383.0589,9637048.426,53.2,17.56,8.62,False,P,3,30.18,30.18,feldpausch_regional,0.18,default,0.0,53.2,30.18,53.2,False,P,17.56,measured,53.2,17.56,0.326,783.6031,1046.8866,1046.8866,783.6031,1046.8866,1046.8866,
SAN_A02,73,Attalea maripa,Arecaceae,738390.6671,9637046.064,41.0,19.56,8.3,False,P,3,26.42,26.42,feldpausch_regional,0.18,default,0.0,41.0,26.42,41.0,False,P,19.56,measured,41.0,19.56,0.326,523.5893,511.6707,511.6707,523.5893,511.6707,511.6707,
SAN_A02,74,Attalea maripa,Arecaceae,738395.0031,9637048.272,41.4,23.13,12.18,False,P,3,26.56,26.56,feldpausch_regional,0.18,default,0.0,41.4,26.56,41.4,False,P,23.13,measured,41.4,23.13,0.326,628.4645,525.5073,525.5073,628.4645,525.5073,525.5073,
SAN_A02,75,Attalea maripa,Arecaceae,738387.096,9637016.756,44.0,16.94,9.71,False,P,3,27.43,27.43,feldpausch_regional,0.18,default,0.0,44.0,27.43,44.0,False,P,16.94,measured,44.0,16.94,0.326,522.2757,621.2661,621.2661,522.2757,621.2661,621.2661,
SAN_A02,76,Attalea maripa,Arecaceae,738378.5016,9637017.679,43.0,20.5,10.24,False,P,3,27.1,27.1,feldpausch_regional,0.18,default,0.0,43.0,27.1,43.0,False,P,20.5,measured,43.0,20.5,0.326,601.5377,583.2276,583.2276,601.5377,583.2276,583.2276,
SAN_A02,77,Attalea maripa,Arecaceae,738376.4435,9637003.793,41.0,24.1,11.4,False,P,3,26.42,26.42,feldpausch_regional,0.18,default,0.0,41.0,26.42,41.0,False,P,24.1,measured,41.0,24.1,0.326,641.8941,511.6707,511.6707,641.8941,511.6707,511.6707,
SAN_A02,78,Attalea maripa,Arecaceae,738373.5989,9637004.004,54.0,16.52,11.02,False,P,3,30.4,30.4,feldpausch_regional,0.18,default,0.0,54.0,30.4,54.0,False,P,16.52,measured,54.0,16.52,0.326,760.1007,1090.723,1090.723,760.1007,1090.723,1090.723,
SAN_A02,79,Attalea maripa,Arecaceae,738370.0934,9637006.302,45.5,21.74,7.57,False,P,3,27.91,27.91,feldpausch_regional,0.18,default,0.0,45.5,27.91,45.5,False,P,21.74,measured,45.5,21.74,0.326,711.3187,681.2232,681.2232,711.3187,681.2232,681.2232,
SAN_A02,80,Attalea maripa,Arecaceae,738361.4348,9637013.236,43.0,13.95,7.89,False,P,3,27.1,27.1,feldpausch_regional,0.18,default,0.0,43.0,27.1,43.0,False,P,13.95,measured,43.0,13.95,0.326,413.1384,583.2276,583.2276,413.1384,583.2276,583.2276,
SAN_A02,81,,,738366.2282,9637155.614,18.4,16.66,11.24,False,O,4,16.25,16.25,feldpausch_regional,0.18,default,0.0,18.4,16.25,18.4,False,O,16.66,measured,18.4,16.66,0.4713,93.7001,93.7001,74.0249,93.7001,93.7001,74.0249,
SAN_A02,82,Ceiba pentandra,Malvaceae,738367.0464,9637162.183,12.5,13.75,11.56,False,O,4,12.46,12.46,feldpausch_regional,0.18,default,0.0,12.5,12.46,12.5,False,O,13.75,measured,12.5,13.75,0.3052,36.5269,36.5269,18.8846,36.5269,36.5269,18.8846,
SAN_A02,83,Tapirira guianensis,Anacardiaceae,738367.1873,9637166.161,10.4,13.76,11.0,False,O,4,10.93,10.93,feldpausch_regional,0.18,default,0.0,10.4,10.93,10.4,False,O,13.76,measured,10.4,13.76,0.457,25.5271,25.5271,19.5706,25.5271,25.5271,19.5706,
SAN_A02,84,Vismia guianensis,Hypericaceae,738367.8003,9637174.391,10.5,5.75,3.82,False,O,4,11.0,11.0,feldpausch_regional,0.18,default,0.0,10.5,11.0,10.5,False,O,5.75,measured,10.5,5.75,0.475,11.0983,11.0983,8.8356,11.0983,11.0983,8.8356,
SAN_A02,85,Attalea maripa,Arecaceae,738371.3806,9637179.836,49.7,17.72,6.46,False,P,4,29.19,29.19,feldpausch_regional,0.18,default,0.0,49.7,29.19,49.7,False,P,17.72,measured,49.7,17.72,0.326,692.2277,868.3063,868.3063,692.2277,868.3063,868.3063,
SAN_A02,86,Attalea maripa,Arecaceae,738371.5626,9637181.556,37.5,19.35,7.12,False,P,4,25.16,25.16,feldpausch_regional,0.18,default,0.0,37.5,25.16,37.5,False,P,19.35,measured,37.5,19.35,0.326,435.2816,400.3933,400.3933,435.2816,400.3933,400.3933,
SAN_A02,87,Guatteria schomburgkiana,Annonaceae,738366.6824,9637186.711,14.3,16.26,10.07,False,O,4,13.69,13.69,feldpausch_regional,0.18,default,0.0,14.3,13.69,14.3,False,O,16.26,measured,14.3,16.26,0.6,55.941,55.941,55.941,55.941,55.941,55.941,
SAN_A02,88,Cecropia ficifolia,Urticaceae,738372.1242,9637195.727,19.0,16.59,11.34,False,O,4,16.6,16.6,feldpausch_regional,0.18,default,0.0,19.0,16.6,19.0,False,O,16.59,measured,19.0,16.59,0.266,99.3477,99.3477,44.9124,99.3477,99.3477,44.9124,
SAN_A02,91,Attalea maripa,Arecaceae,738383.1987,9637191.797,38.4,15.8,8.91,False,P,4,25.5,25.5,feldpausch_regional,0.18,default,0.0,38.4,25.5,38.4,False,P,15.8,measured,38.4,15.8,0.326,374.0801,427.3603,427.3603,374.0801,427.3603,427.3603,
SAN_A02,92,Attalea maripa,Arecaceae,738392.2769,9637199.922,35.0,17.13,6.17,False,P,4,24.21,24.21,feldpausch_regional,0.18,default,0.0,35.0,24.21,35.0,False,P,17.13,measured,35.0,17.13,0.326,337.7759,331.237,331.237,337.7759,331.237,331.237,
SAN_A02,93,Attalea maripa,Arecaceae,738395.2281,9637189.404,35.0,14.79,6.17,False,P,4,24.21,24.21,feldpausch_regional,0.18,default,0.0,35.0,24.21,35.0,False,P,14.79,measured,35.0,14.79,0.326,292.6648,331.237,331.237,292.6648,331.237,331.237,
SAN_A02,94,,,738401.4552,9637198.846,64.1,24.0,,True,O,4,32.89,32.89,feldpausch_regional,0.18,default,0.0,64.1,32.89,64.1,True,O,24.0,measured,64.1,24.0,0.4713,1529.4445,1113.7515,1113.7515,1529.4445,1113.7515,1113.7515,
SAN_A02,95,Attalea maripa,Arecaceae,738406.9076,9637197.193,44.8,18.22,7.34,False,P,4,27.69,27.69,feldpausch_regional,0.18,default,0.0,44.8,27.69,44.8,False,P,18.22,measured,44.8,18.22,0.326,580.8321,652.8059,652.8059,580.8321,652.8059,652.8059,
SAN_A02,96,Attalea maripa,Arecaceae,738408.6944,9637195.971,39.0,16.05,6.73,False,P,4,25.71,25.71,feldpausch_regional,0.18,default,0.0,39.0,25.71,39.0,False,P,16.05,measured,39.0,16.05,0.326,391.5277,445.9637,445.9637,391.5277,445.9637,445.9637,
SAN_A02,97,Attalea maripa,Arecaceae,738399.6307,9637184.84,40.0,17.57,7.46,False,P,4,26.07,26.07,feldpausch_regional,0.18,default,0.0,40.0,26.07,40.0,False,P,17.57,measured,40.0,17.57,0.326,449.3441,478.0994,478.0994,449.3441,478.0994,478.0994,
SAN_A02,98,Attalea maripa,Arecaceae,738411.4591,9637175.412,51.0,18.55,5.69,False,P,4,29.57,29.57,feldpausch_regional,0.18,default,0.0,51.0,29.57,51.0,False,P,18.55,measured,51.0,18.55,0.326,761.2746,932.1629,932.1629,761.2746,932.1629,932.1629,
SAN_A02,99,Attalea maripa,Arecaceae,738403.4587,9637169.198,41.0,15.51,6.29,False,P,4,26.42,26.42,feldpausch_regional,0.18,default,0.0,41.0,26.42,41.0,False,P,15.51,measured,41.0,15.51,0.326,417.4956,511.6707,511.6707,417.4956,511.6707,511.6707,
SAN_A02,100,Attalea maripa,Arecaceae,738391.3621,9637175.595,37.0,20.61,9.6,False,P,4,24.98,24.98,feldpausch_regional,0.18,default,0.0,37.0,24.98,37.0,False,P,20.61,measured,37.0,20.61,0.326,450.9523,385.8917,385.8917,450.9523,385.8917,385.8917,
SAN_A02,101,Attalea maripa,Arecaceae,738392.0151,9637171.454,47.1,17.2,8.62,False,P,4,28.41,28.41,feldpausch_regional,0.18,default,0.0,47.1,28.41,47.1,False,P,17.2,measured,47.1,17.2,0.326,605.443,749.1004,749.1004,605.443,749.1004,749.1004,
SAN_A02,102,Attalea maripa,Arecaceae,738387.7923,9637154.607,51.7,22.29,10.47,False,P,4,29.77,29.77,feldpausch_regional,0.18,default,0.0,51.7,29.77,51.7,False,P,22.29,measured,51.7,22.29,0.326,935.2972,967.749,967.749,935.2972,967.749,967.749,
SAN_A02,103,Attalea maripa,Arecaceae,738378.4304,9637160.679,46.0,20.23,9.4,False,P,4,28.07,28.07,feldpausch_regional,0.18,default,0.0,46.0,28.07,46.0,False,P,20.23,measured,46.0,20.23,0.326,677.3544,701.995,701.995,677.3544,701.995,701.995,
SAN_A02,104,Attalea maripa,Arecaceae,738380.3016,9637170.379,40.0,17.78,7.08,False,P,4,26.07,26.07,feldpausch_regional,0.18,default,0.0,40.0,26.07,40.0,False,P,17.78,measured,40.0,17.78,0.326,454.5851,478.0994,478.0994,454.5851,478.0994,478.0994,
SAN_A02,1,Bixa arborea,Bixaceae,731810.1281,9634357.945,17.9,19.44,12.64,False,O,5,15.95,15.95,feldpausch_regional,0.18,default,0.0,17.9,15.95,17.9,False,O,19.44,measured,17.9,19.44,0.37,103.228,103.228,64.4001,103.228,103.228,64.4001,
SAN_A02,2,Cordia scabrifolia,Boraginaceae,731816.2569,9634359.616,16.7,18.62,12.08,False,O,5,15.22,15.22,feldpausch_regional,0.18,default,0.0,16.7,15.22,16.7,False,O,18.62,measured,16.7,18.62,0.474,86.4377,86.4377,68.6732,86.4377,86.4377,68.6732,
SAN_A02,3,Inga sp.,Fabaceae,731817.9168,9634358.327,21.6,22.3,10.68,False,O,5,18.05,18.05,feldpausch_regional,0.18,default,0.0,21.6,18.05,21.6,False,O,22.3,measured,21.6,22.3,0.5786,170.3178,170.3178,164.3752,170.3178,170.3178,164.3752,
SAN_A02,4,Inga heterophylla,Fabaceae,731818.1773,9634358.807,13.6,15.35,9.58,False,O,5,13.22,13.22,feldpausch_regional,0.18,default,0.0,13.6,13.22,13.6,False,O,15.35,measured,13.6,15.35,0.56,47.948,47.948,44.8256,47.948,47.948,44.8256,
SAN_A02,5,,,731821.7437,9634358.267,14.4,,,True,O,5,13.76,13.76,feldpausch_regional,0.18,default,0.0,14.4,13.76,14.4,True,O,13.76,feldpausch,14.4,13.76,0.4713,48.181,35.6594,35.6594,48.181,35.6594,35.6594,
SAN_A02,6,Minquartia guianensis,Olacaceae,731823.4359,9634345.374,47.6,19.91,12.48,False,O,5,28.57,28.57,feldpausch_regional,0.18,default,0.0,47.6,28.57,47.6,False,O,19.91,measured,47.6,19.91,0.7867,712.9236,712.9236,928.72,712.9236,712.9236,928.72,
SAN_A02,7,Inga marginata,Fabaceae,731828.9212,9634358.216,12.6,15.5,11.67,False,O,5,12.53,12.53,feldpausch_regional,0.18,default,0.0,12.6,12.53,12.6,False,O,15.5,measured,12.6,15.5,0.5518,41.7011,41.7011,38.4283,41.7011,41.7011,38.4283,
SAN_A02,8,Astronium graveolens,Anacardiaceae,731830.2373,9634354.706,32.7,23.6,16.52,False,O,5,23.28,23.28,feldpausch_regional,0.18,default,0.0,32.7,23.28,32.7,False,O,23.6,measured,32.7,23.6,0.8677,404.4083,404.4083,579.6814,404.4083,404.4083,579.6814,
SAN_A02,9,Cordia scabrifolia,Boraginaceae,731832.5523,9634354.667,14.2,14.64,8.7,False,O,5,13.62,13.62,feldpausch_regional,0.18,default,0.0,14.2,13.62,14.2,False,O,14.64,measured,14.2,14.64,0.474,49.8076,49.8076,39.5712,49.8076,49.8076,39.5712,
SAN_A02,10,Fusaea longifolia,Annonaceae,731836.1807,9634355.256,13.4,11.23,6.81,False,O,5,13.08,13.08,feldpausch_regional,0.18,default,0.0,13.4,13.08,13.4,False,O,11.23,measured,13.4,11.23,0.7427,34.3352,34.3352,42.2824,34.3352,34.3352,42.2824,
SAN_A02,11,Cecropia ficifolia,Urticaceae,731838.5913,9634353.86,31.9,27.31,16.02,False,O,5,22.95,22.95,feldpausch_regional,0.18,default,0.0,31.9,22.95,31.9,False,O,27.31,measured,31.9,27.31,0.266,444.3345,444.3345,200.8718,444.3345,444.3345,200.8718,
SAN_A02,12,Theobroma glaucum,Malvaceae,731839.7528,9634357.297,12.4,17.87,5.86,False,O,5,12.39,12.39,feldpausch_regional,0.18,default,0.0,12.4,12.39,12.4,False,O,17.87,measured,12.4,17.87,0.5297,46.4401,46.4401,41.1228,46.4401,46.4401,41.1228,
SAN_A02,13,Cecropia ficifolia,Urticaceae,731845.1877,9634354.514,15.2,18.64,11.36,False,O,5,14.28,14.28,feldpausch_regional,0.18,default,0.0,15.2,14.28,15.2,False,O,18.64,measured,15.2,18.64,0.266,72.007,72.007,32.5524,72.007,72.007,32.5524,
SAN_A02,14,Inga sp.,Fabaceae,731850.9465,9634352.614,31.3,17.53,8.05,False,O,5,22.69,22.69,feldpausch_regional,0.18,default,0.0,31.3,22.69,31.3,False,O,17.53,measured,31.3,17.53,0.5786,277.7758,277.7758,268.0839,277.7758,277.7758,268.0839,
SAN_A02,15,Abarema cochleata,Fabaceae,731857.5505,9634351.514,12.5,13.51,8.31,False,O,5,12.46,12.46,feldpausch_regional,0.18,default,0.0,12.5,12.46,12.5,False,O,13.51,measured,12.5,13.51,0.5668,35.9045,35.9045,33.9612,35.9045,35.9045,33.9612,
SAN_A02,16,Geissospermum sericeum,Apocynaceae,731844.7797,9634325.749,39.8,19.79,13.6,False,O,5,26.0,26.0,feldpausch_regional,0.18,default,0.0,39.8,26.0,39.8,False,O,19.79,measured,39.8,19.79,0.7823,499.7624,499.7624,647.4979,499.7624,499.7624,647.4979,
SAN_A02,17,Manilkara huberi,Sapotaceae,731843.8381,9634325.884,37.1,33.04,21.83,False,O,5,25.01,25.01,feldpausch_regional,0.18,default,0.0,37.1,25.01,37.1,False,O,33.04,measured,37.1,33.04,0.9214,718.5577,718.5577,1092.121,718.5577,718.5577,1092.121,
SAN_A02,18,Pouteria sp.,Sapotaceae,731850.7556,9634316.682,53.3,25.91,18.72,False,O,5,30.21,30.21,feldpausch_regional,0.18,default,0.0,53.3,30.21,53.3,False,O,25.91,measured,53.3,25.91,0.7187,1149.6785,1149.6785,1371.2227,1149.6785,1149.6785,1371.2227,
SAN_A02,19,Tachigali paniculata,Fabaceae,731839.2745,9634316.248,90.0,45.61,22.29,False,O,5,37.61,37.61,feldpausch_regional,0.18,default,0.0,90.0,37.61,90.0,False,O,45.61,measured,90.0,45.61,0.5545,5551.1722,5551.1722,5139.9275,5551.1722,5551.1722,5139.9275,
SAN_A02,21,,,731815.9014,9634310.222,47.5,4.8,,True,O,5,28.54,28.54,feldpausch_regional,0.18,default,0.0,47.5,28.54,47.5,True,O,4.8,measured,47.5,4.8,0.4713,177.1161,163.9465,163.9465,177.1161,163.9465,163.9465,
SAN_A02,22,Pterocarpus sp.,Fabaceae,731819.5891,9634316.951,55.1,30.87,19.34,False,O,5,30.7,30.7,feldpausch_regional,0.18,default,0.0,55.1,30.7,55.1,False,O,30.87,measured,55.1,30.87,0.5838,1455.3799,1455.3799,1417.042,1455.3799,1455.3799,1417.042,
SAN_A02,23,Cecropia ficifolia,Urticaceae,731812.3459,9634319.004,35.9,29.99,23.76,False,O,5,24.56,24.56,feldpausch_regional,0.18,default,0.0,35.9,24.56,35.9,False,O,29.99,measured,35.9,29.99,0.266,613.1039,613.1039,277.1679,613.1039,613.1039,277.1679,
SAN_A02,24,Inga alba,Fabaceae,731817.7518,9634324.455,41.8,33.89,18.09,False,O,5,26.7,26.7,feldpausch_regional,0.18,default,0.0,41.8,26.7,41.8,False,O,33.89,measured,41.8,33.89,0.5861,929.7082,929.7082,908.6978,929.7082,929.7082,908.6978,
SAN_A02,25,Alibertia edulis,Rubiaceae,731825.654,9634326.431,35.2,25.3,17.67,False,O,5,24.28,24.28,feldpausch_regional,0.18,default,0.0,35.2,24.28,35.2,False,O,25.3,measured,35.2,25.3,0.76,499.7555,499.7555,629.4425,499.7555,499.7555,629.4425,
SAN_A02,26,Pouteria gongrijpii,Sapotaceae,731825.7261,9634333.656,69.6,39.91,28.91,False,O,5,34.07,34.07,feldpausch_regional,0.18,default,0.0,69.6,34.07,69.6,False,O,39.91,measured,69.6,39.91,0.7994,2950.4597,2950.4597,3904.0186,2950.4597,2950.4597,3904.0186,
SAN_A02,27,Mezilaurus itauba,Lauraceae,731818.9606,9634331.531,42.2,34.99,24.43,False,O,5,26.83,26.83,feldpausch_regional,0.18,default,0.0,42.2,26.83,42.2,False,O,34.99,measured,42.2,34.99,0.7443,977.147,977.147,1205.8973,977.147,977.147,1205.8973,
SAN_A02,28,Geissospermum sericeum,Apocynaceae,731819.2636,9634334.594,60.0,30.82,24.58,False,O,5,31.94,31.94,feldpausch_regional,0.18,default,0.0,60.0,31.94,60.0,False,O,30.82,measured,60.0,30.82,0.7823,1715.9814,1715.9814,2223.2453,1715.9814,1715.9814,2223.2453,
SAN_A02,29,Apeiba membranacea,Malvaceae,731819.7344,9634339.705,43.9,25.42,18.85,False,O,5,27.4,27.4,feldpausch_regional,0.18,default,0.0,43.9,27.4,43.9,False,O,25.42,measured,43.9,25.42,0.2822,772.6855,772.6855,370.1228,772.6855,772.6855,370.1228,
SAN_A02,30,Tachigali paniculata,Fabaceae,731829.3352,9634340.365,58.7,24.34,15.21,False,O,5,31.62,31.62,feldpausch_regional,0.18,default,0.0,58.7,31.62,58.7,False,O,24.34,measured,58.7,24.34,0.5545,1305.8435,1305.8435,1209.1034,1305.8435,1305.8435,1209.1034,
SAN_A02,31,Inga alba,Fabaceae,731966.2857,9634331.606,21.1,18.7,13.06,False,O,6,17.78,17.78,feldpausch_regional,0.18,default,0.0,21.1,17.78,21.1,False,O,18.7,measured,21.1,18.7,0.5861,137.0179,137.0179,133.9215,137.0179,137.0179,133.9215,
SAN_A02,32,,,731967.5863,9634330.363,11.4,3.36,,True,O,6,11.67,11.67,feldpausch_regional,0.18,default,0.0,11.4,11.67,11.4,True,O,3.36,measured,11.4,3.36,0.4713,7.7134,7.0537,7.0537,7.7134,7.0537,7.0537,
SAN_A02,33,Cecropia ficifolia,Urticaceae,731970.128,9634331.867,29.5,25.13,17.96,False,O,6,21.91,21.91,feldpausch_regional,0.18,default,0.0,29.5,21.91,29.5,False,O,25.13,measured,29.5,25.13,0.266,351.6747,351.6747,158.9827,351.6747,351.6747,158.9827,
SAN_A02,34,Inga thibaudiana,Fabaceae,731970.0483,9634331.584,14.6,19.85,12.04,False,O,6,13.89,13.89,feldpausch_regional,0.18,default,0.0,14.6,13.89,14.6,False,O,19.85,measured,14.6,19.85,0.5786,70.7769,70.7769,68.3075,70.7769,70.7769,68.3075,
SAN_A02,35,Cecropia ficifolia,Urticaceae,731973.5328,9634330.92,41.0,29.24,16.44,False,O,6,26.42,26.42,feldpausch_regional,0.18,default,0.0,41.0,26.42,41.0,False,O,29.24,measured,41.0,29.24,0.266,775.1909,775.1909,350.4431,775.1909,775.1909,350.4431,
SAN_A02,36,Cecropia ficifolia,Urticaceae,731973.4811,9634330.729,16.2,15.96,11.17,False,O,6,14.91,14.91,feldpausch_regional,0.18,default,0.0,16.2,14.91,16.2,False,O,15.96,measured,16.2,15.96,0.266,70.08,70.08,31.6813,70.08,70.08,31.6813,
SAN_A02,37,Cordia scabrifolia,Boraginaceae,731974.8603,9634331.769,11.8,15.06,12.75,False,O,6,11.96,11.96,feldpausch_regional,0.18,default,0.0,11.8,11.96,11.8,False,O,15.06,measured,11.8,15.06,0.474,35.6723,35.6723,28.341,35.6723,35.6723,28.341,
SAN_A02,38,Cecropia ficifolia,Urticaceae,731975.0242,9634330.335,26.7,25.76,15.57,False,O,6,20.62,20.62,feldpausch_regional,0.18,default,0.0,26.7,20.62,26.7,False,O,25.76,measured,26.7,25.76,0.266,296.5472,296.5472,134.0611,296.5472,296.5472,134.0611,
SAN_A02,39,Ocotea canaliculata,Lauraceae,731980.9602,9634327.788,54.0,30.88,20.47,False,O,6,30.4,30.4,feldpausch_regional,0.18,default,0.0,54.0,30.4,54.0,False,O,30.88,measured,54.0,30.88,0.4793,1399.6464,1399.6464,1124.2038,1399.6464,1399.6464,1124.2038,
SAN_A02,40,Cordia scabrifolia,Boraginaceae,731982.3194,9634327.728,10.8,18.33,11.75,False,O,6,11.23,11.23,feldpausch_regional,0.18,default,0.0,10.8,11.23,10.8,False,O,18.33,measured,10.8,18.33,0.474,36.3539,36.3539,28.8825,36.3539,36.3539,28.8825,
SAN_A02,41,Eschweilera coriacea,Lecythidaceae,731983.0262,9634326.883,17.9,8.14,5.77,False,O,6,15.95,15.95,feldpausch_regional,0.18,default,0.0,17.9,15.95,17.9,False,O,8.14,measured,17.9,8.14,0.8521,44.1366,44.1366,62.1547,44.1366,44.1366,62.1547,
SAN_A02,42,Eschweilera ovata,Lecythidaceae,731984.5084,9634329.942,17.6,17.39,10.45,False,O,6,15.77,15.77,feldpausch_regional,0.18,default,0.0,17.6,15.77,17.6,False,O,17.39,measured,17.6,17.39,0.9,89.5847,89.5847,133.0757,89.5847,89.5847,133.0757,
SAN_A02,43,Schefflera morototoni,Araliaceae,731986.3564,9634326.647,11.9,16.24,13.22,False,O,6,12.03,12.03,feldpausch_regional,0.18,default,0.0,11.9,12.03,11.9,False,O,16.24,measured,11.9,16.24,0.4559,39.0356,39.0356,29.8591,39.0356,39.0356,29.8591,
SAN_A02,44,Hevea brasiliensis,Euphorbiaceae,731988.5847,9634328.357,30.9,26.73,18.57,False,O,6,22.52,22.52,feldpausch_regional,0.18,default,0.0,30.9,22.52,30.9,False,O,26.73,measured,30.9,26.73,0.4666,408.8939,408.8939,319.9247,408.8939,408.8939,319.9247,
SAN_A02,45,Tachigali myrmecophila,Fabaceae,731980.4134,9634292.228,37.8,25.77,19.19,False,O,6,25.28,25.28,feldpausch_regional,0.18,default,0.0,37.8,25.28,37.8,False,O,25.77,measured,37.8,25.77,0.476,584.7529,584.7529,466.4887,584.7529,584.7529,466.4887,
SAN_A02,46,Rinorea guianensis,Violaceae,731989.4903,9634327.165,25.0,17.48,9.9,False,O,6,19.8,19.8,feldpausch_regional,0.18,default,0.0,25.0,19.8,25.0,False,O,17.48,measured,25.0,17.48,0.78,178.6323,178.6323,230.7644,178.6323,178.6323,230.7644,
SAN_A02,47,Diplotropis sp.,Fabaceae,731990.2388,9634328.042,21.7,23.91,20.13,False,O,6,18.1,18.1,feldpausch_regional,0.18,default,0.0,21.7,18.1,21.7,False,O,23.91,measured,21.7,23.91,0.7378,183.9602,183.9602,225.0751,183.9602,183.9602,225.0751,
SAN_A02,48,Tapirira guianensis,Anacardiaceae,731992.9354,9634325.481,14.8,20.17,10.45,False,O,6,14.02,14.02,feldpausch_regional,0.18,default,0.0,14.8,14.02,14.8,False,O,20.17,measured,14.8,20.17,0.457,73.8252,73.8252,56.5988,73.8252,73.8252,56.5988,
SAN_A02,49,Tapirira guianensis,Anacardiaceae,731992.8917,9634325.285,13.5,19.86,13.85,False,O,6,13.15,13.15,feldpausch_regional,0.18,default,0.0,13.5,13.15,13.5,False,O,19.86,measured,13.5,19.86,0.457,60.7715,60.7715,46.5911,60.7715,60.7715,46.5911,
SAN_A02,50,Brosimum rubescens,Moraceae,731994.4684,9634324.16,16.9,18.29,10.63,False,O,6,15.35,15.35,feldpausch_regional,0.18,default,0.0,16.9,15.35,16.9,False,O,18.29,measured,16.9,18.29,0.8251,86.9393,86.9393,118.6514,86.9393,86.9393,118.6514,
SAN_A02,51,Brosimum rubescens,Moraceae,732001.7308,9634325.856,38.6,25.7,11.98,False,O,6,25.57,25.57,feldpausch_regional,0.18,default,0.0,38.6,25.57,38.6,False,O,25.7,measured,38.6,25.7,0.8251,607.5385,607.5385,829.1453,607.5385,607.5385,829.1453,
SAN_A02,52,Laetia procera,Salicaceae,732001.3673,9634324.064,14.6,20.43,15.15,False,O,6,13.89,13.89,feldpausch_regional,0.18,default,0.0,14.6,13.89,14.6,False,O,20.43,measured,14.6,20.43,0.6481,72.7946,72.7946,78.4849,72.7946,72.7946,78.4849,
SAN_A02,53,Miconia poeppigii,Melastomataceae,732004.6094,9634323.026,15.5,13.33,8.77,False,O,6,14.47,14.47,feldpausch_regional,0.18,default,0.0,15.5,14.47,15.5,False,O,13.33,measured,15.5,13.33,0.5967,53.929,53.929,53.6366,53.929,53.929,53.6366,
SAN_A02,54,Cecropia ficifolia,Urticaceae,731994.2153,9634297.361,40.0,29.5,17.45,False,O,6,26.07,26.07,feldpausch_regional,0.18,default,0.0,40.0,26.07,40.0,False,O,29.5,measured,40.0,29.5,0.266,745.1232,745.1232,336.8503,745.1232,745.1232,336.8503,
SAN_A02,55,,,731991.1386,9634282.468,93.0,36.39,,True,O,6,38.04,38.04,feldpausch_regional,0.18,default,0.0,93.0,38.04,93.0,True,O,36.39,measured,93.0,36.39,0.4713,4747.4226,3295.4042,3295.4042,4747.4226,3295.4042,3295.4042,
SAN_A02,56,,,731979.0873,9634282.248,122.8,13.42,,True,O,6,41.37,41.37,feldpausch_regional,0.18,default,0.0,122.8,41.37,122.8,True,O,13.42,measured,122.8,13.42,0.4713,3085.0511,2540.7256,2540.7256,3085.0511,2540.7256,2540.7256,
SAN_A02,57,Inga alba,Fabaceae,731978.6676,9634304.908,48.4,27.94,13.53,False,O,6,28.81,28.81,feldpausch_regional,0.18,default,0.0,48.4,28.81,48.4,False,O,27.94,measured,48.4,27.94,0.5861,1025.1698,1025.1698,1002.0021,1025.1698,1025.1698,1002.0021,
SAN_A02,58,Tachigali paniculata,Fabaceae,731978.4847,9634304.948,43.5,30.73,15.77,False,O,6,27.27,27.27,feldpausch_regional,0.18,default,0.0,43.5,27.27,43.5,False,O,30.73,measured,43.5,30.73,0.5545,913.3827,913.3827,845.717,913.3827,913.3827,845.717,
SAN_A02,59,Eschweilera coriacea,Lecythidaceae,731981.0032,9634305.42,40.1,19.25,11.41,False,O,6,26.11,26.11,feldpausch_regional,0.18,default,0.0,40.1,26.11,40.1,False,O,19.25,measured,40.1,19.25,0.8521,493.6315,493.6315,695.1488,493.6315,493.6315,695.1488,
SAN_A02,60,Pseudopiptadenia suaveolens,Fabaceae,731960.3893,9634291.813,63.0,50.8,31.74,False,O,6,32.64,32.64,feldpausch_regional,0.18,default,0.0,63.0,32.64,63.0,False,O,50.8,measured,63.0,50.8,0.6797,3073.9473,3073.9473,3471.9333,3073.9473,3073.9473,3471.9333,
SAN_A02,61,Manilkara bidentata,Sapotaceae,731964.7683,9634296.855,38.7,24.34,15.03,False,O,6,25.61,25.61,feldpausch_regional,0.18,default,0.0,38.7,25.61,38.7,False,O,24.34,measured,38.7,24.34,0.8729,579.0571,579.0571,834.917,579.0571,579.0571,834.917,
SAN_A02,62,Carapa guianensis,Meliaceae,731958.3855,9634302.337,41.4,29.0,18.98,False,O,6,26.56,26.56,feldpausch_regional,0.18,default,0.0,41.4,26.56,41.4,False,O,29.0,measured,41.4,29.0,0.53,783.6927,783.6927,694.326,783.6927,783.6927,694.326,
SAN_A02,63,Swartzia laevicarpa,Fabaceae,731966.819,9634311.522,50.9,25.68,10.41,False,O,6,29.54,29.54,feldpausch_regional,0.18,default,0.0,50.9,29.54,50.9,False,O,25.68,measured,50.9,25.68,0.6125,1041.6901,1041.6901,1062.8659,1041.6901,1041.6901,1062.8659,
SAN_A02,64,Inga sp.,Fabaceae,732109.1809,9634307.228,17.0,17.76,10.6,False,O,7,15.41,15.41,feldpausch_regional,0.18,default,0.0,17.0,15.41,17.0,False,O,17.76,measured,17.0,17.76,0.5786,85.4581,85.4581,82.4764,85.4581,85.4581,82.4764,
SAN_A02,65,Parkia paraensis,Fabaceae,732111.1632,9634295.626,59.5,30.11,20.36,False,O,7,31.81,31.81,feldpausch_regional,0.18,default,0.0,59.5,31.81,59.5,False,O,30.11,measured,59.5,30.11,0.415,1650.2111,1650.2111,1151.5395,1650.2111,1650.2111,1151.5395,
SAN_A02,66,,,732112.9167,9634305.974,27.0,8.2,,True,O,7,20.76,20.76,feldpausch_regional,0.18,default,0.0,27.0,20.76,27.0,True,O,8.2,measured,27.0,8.2,0.4713,99.1665,82.0893,82.0893,99.1665,82.0893,82.0893,
SAN_A02,67,Inga sp.,Fabaceae,732119.3942,9634303.545,17.5,28.77,21.92,False,O,7,15.71,15.71,feldpausch_regional,0.18,default,0.0,17.5,15.71,17.5,False,O,28.77,measured,17.5,28.77,0.5786,144.8092,144.8092,139.7567,144.8092,144.8092,139.7567,
SAN_A02,68,Fusaea longifolia,Annonaceae,732125.2382,9634302.873,12.0,5.86,3.87,False,O,7,12.11,12.11,feldpausch_regional,0.18,default,0.0,12.0,12.11,12.0,False,O,5.86,measured,12.0,5.86,0.7427,14.672,14.672,18.068,14.672,14.672,18.068,
SAN_A02,69,Vismia guianensis,Hypericaceae,732124.7751,9634302.482,21.6,22.7,16.78,False,O,7,18.05,18.05,feldpausch_regional,0.18,default,0.0,21.6,18.05,21.6,False,O,22.7,measured,21.6,22.7,0.475,173.2988,173.2988,137.9663,173.2988,173.2988,137.9663,
SAN_A02,70,Vismia guianensis,Hypericaceae,732125.0089,9634301.38,27.2,31.62,20.09,False,O,7,20.86,20.86,feldpausch_regional,0.18,default,0.0,27.2,20.86,27.2,False,O,31.62,measured,27.2,31.62,0.475,375.5796,375.5796,299.0056,375.5796,375.5796,299.0056,
SAN_A02,71,Rollinia exsucca,Annonaceae,732126.2805,9634303.101,28.6,33.3,22.63,False,O,7,21.5,21.5,feldpausch_regional,0.18,default,0.0,28.6,21.5,28.6,False,O,33.3,measured,28.6,33.3,0.3748,435.7052,435.7052,275.2257,435.7052,435.7052,275.2257,
SAN_A02,72,Inga sp.,Fabaceae,732128.9558,9634303.481,17.7,19.85,16.43,False,O,7,15.83,15.83,feldpausch_regional,0.18,default,0.0,17.7,15.83,17.7,False,O,19.85,measured,17.7,19.85,0.5786,103.0668,103.0668,99.4707,103.0668,103.0668,99.4707,
SAN_A02,73,Inga sp.,Fabaceae,732127.9112,9634299.254,17.0,31.82,21.76,False,O,7,15.41,15.41,feldpausch_regional,0.18,default,0.0,17.0,15.41,17.0,False,O,31.82,measured,17.0,31.82,0.5786,150.9845,150.9845,145.7165,150.9845,150.9845,145.7165,
SAN_A02,74,Minquartia guianensis,Olacaceae,732131.232,9634299.886,17.5,13.43,8.12,False,O,7,15.71,15.71,feldpausch_regional,0.18,default,0.0,17.5,15.71,17.5,False,O,13.43,measured,17.5,13.43,0.7867,68.8451,68.8451,89.684,68.8451,68.8451,89.684,
SAN_A02,75,Cordia scabrifolia,Boraginaceae,732133.3597,9634301.322,18.4,21.29,13.72,False,O,7,16.25,16.25,feldpausch_regional,0.18,default,0.0,18.4,16.25,18.4,False,O,21.29,measured,18.4,21.29,0.474,119.0377,119.0377,94.5733,119.0377,119.0377,94.5733,
SAN_A02,76,Inga alba,Fabaceae,732139.8711,9634297.722,14.5,19.05,12.3,False,O,7,13.82,13.82,feldpausch_regional,0.18,default,0.0,14.5,13.82,14.5,False,O,19.05,measured,14.5,19.05,0.5861,67.0855,67.0855,65.5694,67.0855,67.0855,65.5694,
SAN_A02,77,Inga thibaudiana,Fabaceae,732143.2944,9634297.756,23.0,24.32,14.94,False,O,7,18.79,18.79,feldpausch_regional,0.18,default,0.0,23.0,18.79,23.0,False,O,24.32,measured,23.0,24.32,0.5786,209.5337,209.5337,202.2229,209.5337,209.5337,202.2229,
SAN_A02,78,Inga alba,Fabaceae,732145.5303,9634297.232,13.5,12.26,10.7,False,O,7,13.15,13.15,feldpausch_regional,0.18,default,0.0,13.5,13.15,13.5,False,O,12.26,measured,13.5,12.26,0.5861,37.9524,37.9524,37.0947,37.9524,37.9524,37.0947,
SAN_A02,79,Inga alba,Fabaceae,732146.4966,9634296.963,20.5,23.12,17.57,False,O,7,17.45,17.45,feldpausch_regional,0.18,default,0.0,20.5,17.45,20.5,False,O,23.12,measured,20.5,23.12,0.5861,159.3149,159.3149,155.7145,159.3149,159.3149,155.7145,
SAN_A02,80,,,732138.5724,9634278.31,79.5,15.03,,True,O,7,35.94,35.94,feldpausch_regional,0.18,default,0.0,79.5,35.94,79.5,True,O,15.03,measured,79.5,15.03,0.4713,1474.6511,1168.2779,1168.2779,1474.6511,1168.2779,1168.2779,
SAN_A02,81,Goupia glabra,Goupiaceae,732104.6275,9634257.283,73.5,34.9,25.48,False,O,7,34.84,34.84,feldpausch_regional,0.18,default,0.0,73.5,34.84,73.5,False,O,34.9,measured,73.5,34.9,0.7272,2879.0632,2879.0632,3473.3013,2879.0632,2879.0632,3473.3013,
SAN_A02,82,Inga marginata,Fabaceae,732099.5788,9634264.322,39.5,23.57,17.25,False,O,7,25.89,25.89,feldpausch_regional,0.18,default,0.0,39.5,25.89,39.5,False,O,23.57,measured,39.5,23.57,0.5518,584.0381,584.0381,538.201,584.0381,584.0381,538.201,
SAN_A02,83,Apeiba petoumo,Malvaceae,732106.1223,9634266.632,41.7,20.47,12.97,False,O,7,26.66,26.66,feldpausch_regional,0.18,default,0.0,41.7,26.66,41.7,False,O,20.47,measured,41.7,20.47,0.2822,565.7405,565.7405,270.9945,565.7405,565.7405,270.9945,
SAN_A02,84,Minquartia guianensis,Olacaceae,732107.4569,9634281.366,36.3,21.88,11.04,False,O,7,24.71,24.71,feldpausch_regional,0.18,default,0.0,36.3,24.71,36.3,False,O,21.88,measured,36.3,21.88,0.7867,460.5583,460.5583,599.9657,460.5583,460.5583,599.9657,
SAN_A02,85,Diplotropis sp.,Fabaceae,732115.1912,9634285.135,48.3,26.0,16.73,False,O,7,28.78,28.78,feldpausch_regional,0.18,default,0.0,48.3,28.78,48.3,False,O,26.0,measured,48.3,26.0,0.7378,951.7864,951.7864,1164.5101,951.7864,951.7864,1164.5101,
SAN_A02,86,Cecropia ficifolia,Urticaceae,732127.3141,9634284.624,37.2,24.93,15.65,False,O,7,25.05,25.05,feldpausch_regional,0.18,default,0.0,37.2,25.05,37.2,False,O,24.93,measured,37.2,24.93,0.266,548.7335,548.7335,248.0678,548.7335,548.7335,248.0678,
