site,plot_id,area_ha,n_arvores,n_arvores_vivas,n_mortas,n_palmeiras,ano_lidar,gap_anos,n_m1,agc_m1_MgC_ha,agb_m1_Mg_ha,n_m2,agc_m2_MgC_ha,agb_m2_Mg_ha,n_m3,agc_m3_MgC_ha,agb_m3_Mg_ha,rho_w_m3_mean
ANA_A01_2015_2018_inventory_plots,1,0.2498,158,137,20,0,2017,2,138,94.5292,189.0584,138,94.5292,189.0584,138,102.8381,205.6762,0.6537
ANA_A01_2015_2018_inventory_plots,2,0.2445,137,122,15,0,2017,2,122,119.2621,238.5242,122,119.2621,238.5242,122,123.38,246.76,0.6786
ANA_A01_2015_2018_inventory_plots,3,0.2415,122,104,12,2,2017,2,109,143.3789,286.7578,109,143.2681,286.5362,109,141.1927,282.3854,0.6743
ANA_A01_2015_2018_inventory_plots,4,0.2326,124,93,30,0,2017,2,93,81.9431,163.8862,93,81.9431,163.8862,93,91.259,182.518,0.6539
ANA_A01_2015_2018_inventory_plots,5,0.2387,81,70,11,0,2017,2,70,105.4864,210.9728,70,105.4864,210.9728,70,132.1367,264.2734,0.6752
ANA_A01_2015_2018_inventory_plots,6,0.2619,105,87,16,1,2017,2,88,185.6924,371.3848,88,185.6924,371.3848,88,217.4596,434.9192,0.6837
ANA_A01_2015_2018_inventory_plots,7,0.2656,119,83,34,0,2017,2,85,111.8476,223.6952,85,111.8476,223.6952,85,123.9573,247.9146,0.6603
ANA_A01_2015_2018_inventory_plots,8,0.2735,140,132,8,0,2017,2,132,131.0511,262.1022,132,131.0511,262.1022,132,141.4518,282.9036,0.6845
ANA_A01_2015_2018_inventory_plots,9,0.3051,134,106,26,0,2017,2,108,118.6998,237.3996,108,118.6998,237.3996,108,142.4658,284.9316,0.714
ANA_A01_2015_2018_inventory_plots,10,0.2271,122,95,26,0,2017,2,96,114.9411,229.8822,96,114.9411,229.8822,96,142.9452,285.8904,0.6541
ANA_A01_2015_2018_inventory_plots,11,0.2315,132,102,27,0,2017,2,104,153.0073,306.0146,104,153.0073,306.0146,104,167.6562,335.3124,0.6562
ANA_A01_2015_2018_inventory_plots,12,0.2773,103,94,6,0,2017,2,97,278.2352,556.4704,97,278.2352,556.4704,97,346.0694,692.1388,0.7362
ANA_A01_2015_2018_inventory_plots,13,0.2662,104,91,11,0,2017,2,93,171.2603,342.5206,93,171.2603,342.5206,93,191.7818,383.5636,0.6373
ANA_A01_2015_2018_inventory_plots,14,0.2416,151,139,8,0,2017,2,143,128.0195,256.039,143,128.0195,256.039,143,131.0068,262.0136,0.661
ANA_A01_2015_2018_inventory_plots,15,0.2514,142,98,44,0,2017,2,98,101.644,203.288,98,101.644,203.288,98,111.2379,222.4758,0.6904
ANA_A01_2015_2018_inventory_plots,16,0.2383,104,68,36,0,2017,2,68,93.6328,187.2656,68,93.6328,187.2656,68,111.831,223.662,0.6968
ANA_A01_2015_2018_inventory_plots,17,0.2639,140,105,33,0,2017,2,107,152.8643,305.7286,107,152.8643,305.7286,107,169.2034,338.4068,0.7153
ANA_A01_2015_2018_inventory_plots,18,0.265,133,107,24,1,2017,2,109,160.4556,320.9112,109,160.1901,320.3802,109,171.6691,343.3382,0.6614
ANA_A01_2015_2018_inventory_plots,19,0.23,101,90,10,1,2017,2,91,118.4682,236.9364,91,118.4211,236.8422,91,132.7282,265.4564,0.6671
ANA_A01_2015_2018_inventory_plots,20,0.2426,126,103,22,0,2017,2,104,153.665,307.33,104,153.665,307.33,104,181.8533,363.7066,0.6788
ANA_A01_2015_2018_inventory_plots,21,0.2423,125,103,21,0,2017,2,103,189.9134,379.8268,103,189.9134,379.8268,103,231.0212,462.0424,0.7072
ANA_A01_2015_2018_inventory_plots,22,0.2282,103,83,20,0,2017,2,83,149.2931,298.5862,83,149.2931,298.5862,83,163.3944,326.7888,0.6572
ANA_A01_2015_2018_inventory_plots,23,0.2488,122,110,9,0,2017,2,113,173.1437,346.2874,113,173.1437,346.2874,113,206.1058,412.2116,0.677
ANA_A01_2015_2018_inventory_plots,24,0.26,102,83,19,0,2017,2,83,301.8271,603.6542,83,301.8271,603.6542,83,372.3551,744.7102,0.6852
ANA_A01_2015_2018_inventory_plots,25,0.2452,99,93,6,0,2017,2,93,164.1328,328.2656,93,164.1328,328.2656,93,176.0932,352.1864,0.662
ANA_A01_2015_2018_inventory_plots,26,0.2386,132,102,26,1,2017,2,104,95.9936,191.9872,104,95.9558,191.9116,104,98.5675,197.135,0.6778
ANA_A01_2015_2018_inventory_plots,27,0.287,143,126,16,0,2017,2,127,153.2092,306.4184,127,153.2092,306.4184,127,171.1721,342.3442,0.6718
ANA_A01_2015_2018_inventory_plots,28,0.2596,105,96,8,0,2017,2,97,199.949,399.898,97,199.949,399.898,97,225.9046,451.8092,0.7136
ANA_A01_2015_2018_inventory_plots,29,0.2659,141,111,28,0,2017,2,113,119.3106,238.6212,113,119.3106,238.6212,113,139.7256,279.4512,0.7147
ANA_A01_2015_2018_inventory_plots,30,0.2262,109,83,26,0,2017,2,83,198.558,397.116,83,198.558,397.116,83,224.5651,449.1302,0.6933
ANA_A01_2015_2018_inventory_plots,31,0.2198,120,86,31,1,2017,2,88,148.8639,297.7278,88,148.7981,297.5962,88,161.7387,323.4774,0.66
ANA_A01_2015_2018_inventory_plots,32,0.262,138,131,7,0,2017,2,131,193.5814,387.1628,131,193.5814,387.1628,131,228.748,457.496,0.6865
AND_A01_2013_2018_inventory_plots,1,0.2636,37,30,5,2,2013,0,20,59.2537,118.5074,20,59.2034,118.4068,20,57.8316,115.6632,0.5946
AND_A01_2013_2018_inventory_plots,2,0.2525,42,39,2,1,2013,0,31,48.8566,97.7132,31,48.7662,97.5324,31,60.4695,120.939,0.6581
AND_A01_2013_2018_inventory_plots,3,0.2276,26,20,3,3,2013,0,21,38.772,77.544,21,36.8599,73.7198,21,36.0408,72.0816,0.5617
AND_A01_2013_2018_inventory_plots,4,0.2294,48,45,2,1,2013,0,23,90.0105,180.021,23,88.5802,177.1604,23,96.8838,193.7676,0.5951
AND_A01_2013_2018_inventory_plots,5,0.2329,37,37,0,0,2013,0,14,32.8688,65.7376,14,32.8688,65.7376,14,29.9234,59.8468,0.5947
AND_A01_2013_2018_inventory_plots,6,0.233,66,65,1,0,2013,0,27,43.1682,86.3364,27,43.0336,86.0672,27,42.2624,84.5248,0.5644
AND_A01_2013_2018_inventory_plots,7,0.2229,41,35,1,5,2013,0,13,9.9015,19.803,13,8.5433,17.0866,13,9.421,18.842,0.6075
AND_A01_2013_2018_inventory_plots,8,0.2376,39,34,5,0,2013,0,27,132.4303,264.8606,27,126.5439,253.0878,27,132.3144,264.6288,0.659
AND_A01_2013_2018_inventory_plots,9,0.2287,61,59,0,1,2013,0,30,112.0605,224.121,30,112.0605,224.121,30,125.1935,250.387,0.698
AND_A01_2013_2018_inventory_plots,10,0.2444,63,59,3,1,2013,0,21,30.7565,61.513,21,30.5732,61.1464,21,38.3012,76.6024,0.654
AND_A01_2013_2018_inventory_plots,11,0.2485,43,40,0,3,2013,0,10,39.6689,79.3378,10,39.6689,79.3378,10,44.3149,88.6298,0.6407
AND_A01_2013_2018_inventory_plots,12,0.2353,34,31,2,0,2013,0,16,67.4625,134.925,16,63.751,127.502,16,78.5614,157.1228,0.6725
AND_A01_2013_2018_inventory_plots,13,0.2468,36,34,2,0,2013,0,14,41.8838,83.7676,14,40.0283,80.0566,14,51.882,103.764,0.6569
AND_A01_2013_2018_inventory_plots,14,0.2441,32,29,3,0,2013,0,13,20.2507,40.5014,13,16.0272,32.0544,13,16.4749,32.9498,0.606
AND_A01_2013_2018_inventory_plots,15,0.2394,46,42,4,0,2013,0,19,49.6319,99.2638,19,47.8752,95.7504,19,49.711,99.422,0.6281
AND_A01_2013_2018_inventory_plots,16,0.245,35,35,0,0,2013,0,19,100.749,201.498,19,100.749,201.498,19,123.8012,247.6024,0.6878
AND_A01_2013_2018_inventory_plots,17,0.2482,33,30,3,0,2013,0,13,32.7329,65.4658,13,28.1215,56.243,13,28.2141,56.4282,0.6969
AND_A01_2013_2018_inventory_plots,18,0.2449,34,31,3,0,2013,0,14,43.9803,87.9606,14,41.5823,83.1646,14,49.9004,99.8008,0.6552
AND_A01_2013_2018_inventory_plots,19,0.2431,35,32,2,1,2013,0,14,45.945,91.89,14,42.4912,84.9824,14,44.7283,89.4566,0.6173
AND_A01_2013_2018_inventory_plots,20,0.2645,36,33,3,0,2013,0,18,45.8887,91.7774,18,44.9623,89.9246,18,42.5577,85.1154,0.6073
CAU_A01_2014_2018_inventory,T01_1,0.25,49,47,2,0,2014,0,23,70.1734,140.3468,23,70.1734,140.3468,23,84.9577,169.9154,0.7627
CAU_A01_2014_2018_inventory,T01_2,0.25,42,42,0,0,2014,0,10,34.9819,69.9638,10,34.9819,69.9638,10,44.836,89.672,0.7384
CAU_A01_2014_2018_inventory,T01_3,0.25,43,43,0,0,2014,0,21,56.8004,113.6008,21,56.8004,113.6008,21,71.3091,142.6182,0.7919
CAU_A01_2014_2018_inventory,T01_4,0.25,29,27,1,1,2014,0,11,27.51,55.02,11,27.51,55.02,11,35.7765,71.553,0.7601
CAU_A01_2014_2018_inventory,T01_5,0.025,20,17,1,0,2014,0,18,145.9735,291.947,18,145.9735,291.947,18,160.0984,320.1968,0.6841
CAU_A01_2014_2018_inventory,T01_6,0.025,25,21,2,0,2014,0,23,205.708,411.416,23,205.708,411.416,23,264.4295,528.859,0.7444
CAU_A01_2014_2018_inventory,T01_7,0.025,12,12,0,0,2014,0,11,50.1286,100.2572,11,50.1286,100.2572,11,56.3829,112.7658,0.7076
CAU_A01_2014_2018_inventory,T01_8,0.025,16,16,0,0,2014,0,13,213.4251,426.8502,13,213.4251,426.8502,13,292.5881,585.1762,0.8085
CAU_A01_2014_2018_inventory,T02_1,0.25,52,51,1,0,2014,0,28,94.6964,189.3928,28,94.6964,189.3928,28,121.1755,242.351,0.7628
CAU_A01_2014_2018_inventory,T02_2,0.25,47,45,1,1,2014,0,22,94.3153,188.6306,22,94.3153,188.6306,22,115.9601,231.9202,0.7458
CAU_A01_2014_2018_inventory,T02_3,0.25,49,48,0,1,2014,0,16,49.7274,99.4548,16,49.7274,99.4548,16,63.2432,126.4864,0.7136
CAU_A01_2014_2018_inventory,T02_4,0.25,36,35,0,0,2014,0,17,57.1559,114.3118,17,57.1559,114.3118,17,74.2898,148.5796,0.7541
CAU_A01_2014_2018_inventory,T02_5,0.025,25,23,2,0,2014,0,17,166.8226,333.6452,17,166.8226,333.6452,17,144.0606,288.1212,0.6238
CAU_A01_2014_2018_inventory,T02_6,0.025,14,13,1,0,2014,0,9,80.5855,161.171,9,80.5855,161.171,9,119.9842,239.9684,0.7688
CAU_A01_2014_2018_inventory,T02_7,0.025,15,14,1,0,2014,0,12,68.1301,136.2602,12,68.1301,136.2602,12,85.7589,171.5178,0.7418
CAU_A01_2014_2018_inventory,T02_8,0.025,18,18,0,0,2014,0,15,123.0456,246.0912,15,123.0456,246.0912,15,129.1441,258.2882,0.751
CAU_A01_2014_2018_inventory,T03_1,0.25,33,33,0,0,2014,0,18,62.0775,124.155,18,62.0775,124.155,18,87.1023,174.2046,0.7341
CAU_A01_2014_2018_inventory,T03_2,0.25,32,31,1,0,2014,0,8,28.7974,57.5948,8,28.7974,57.5948,8,36.2496,72.4992,0.7085
CAU_A01_2014_2018_inventory,T03_3,0.25,33,32,0,1,2014,0,12,50.7284,101.4568,12,50.7284,101.4568,12,68.6431,137.2862,0.7303
CAU_A01_2014_2018_inventory,T03_4,0.25,32,30,1,0,2014,0,13,80.5361,161.0722,13,80.5361,161.0722,13,91.4516,182.9032,0.7055
CAU_A01_2014_2018_inventory,T03_5,0.025,10,9,0,0,2014,0,9,286.8165,573.633,9,286.8165,573.633,9,186.2372,372.4744,0.6946
CAU_A01_2014_2018_inventory,T03_6,0.025,13,12,1,0,2014,0,9,27.4966,54.9932,9,27.4966,54.9932,9,36.8729,73.7458,0.7574
CAU_A01_2014_2018_inventory,T03_7,0.025,14,13,0,0,2014,0,14,226.1029,452.2058,14,226.1029,452.2058,14,301.6242,603.2484,0.7468
CAU_A01_2014_2018_inventory,T03_8,0.025,6,6,0,0,2014,0,3,13.7447,27.4894,3,13.7447,27.4894,3,17.8244,35.6488,0.7063
CAU_A01_2014_2018_inventory,T04_1,0.25,51,51,0,0,2014,0,18,67.1071,134.2142,18,67.1071,134.2142,18,88.0005,176.001,0.7144
CAU_A01_2014_2018_inventory,T04_2,0.25,35,35,0,0,2014,0,13,39.4995,78.999,13,39.4995,78.999,13,44.3923,88.7846,0.6925
CAU_A01_2014_2018_inventory,T04_3,0.25,48,44,4,0,2014,0,19,77.3951,154.7902,19,77.3951,154.7902,19,91.1741,182.3482,0.7609
CAU_A01_2014_2018_inventory,T04_4,0.25,39,39,0,0,2014,0,19,75.7226,151.4452,19,75.7226,151.4452,19,93.769,187.538,0.7581
CAU_A01_2014_2018_inventory,T04_5,0.025,16,16,0,0,2014,0,14,47.5387,95.0774,14,47.5387,95.0774,14,61.1419,122.2838,0.7416
CAU_A01_2014_2018_inventory,T04_6,0.025,13,13,0,0,2014,0,10,40.1588,80.3176,10,40.1588,80.3176,10,46.4391,92.8782,0.6762
CAU_A01_2014_2018_inventory,T04_7,0.025,13,12,1,0,2014,0,8,23.0139,46.0278,8,23.0139,46.0278,8,30.9201,61.8402,0.7373
CAU_A01_2014_2018_inventory,T04_8,0.025,7,7,0,0,2014,0,6,30.059,60.118,6,30.059,60.118,6,35.8751,71.7502,0.7656
CAU_A01_2014_2018_inventory,T05_1,0.25,44,40,3,1,2014,0,21,61.0351,122.0702,21,61.0351,122.0702,21,80.1673,160.3346,0.7492
CAU_A01_2014_2018_inventory,T05_2,0.25,26,25,1,0,2014,0,15,66.667,133.334,15,66.667,133.334,15,80.1379,160.2758,0.7114
CAU_A01_2014_2018_inventory,T05_3,0.25,35,33,2,0,2014,0,14,29.1563,58.3126,14,29.1563,58.3126,14,36.7793,73.5586,0.7087
CAU_A01_2014_2018_inventory,T05_4,0.25,19,17,2,0,2014,0,11,41.6372,83.2744,11,41.6372,83.2744,11,48.3494,96.6988,0.7263
CAU_A01_2014_2018_inventory,T05_5,0.025,11,8,1,0,2014,0,7,31.0807,62.1614,7,31.0807,62.1614,7,33.8814,67.7628,0.687
CAU_A01_2014_2018_inventory,T05_6,0.025,19,18,1,0,2014,0,15,41.6264,83.2528,15,41.6264,83.2528,15,46.3236,92.6472,0.6788
CAU_A01_2014_2018_inventory,T05_7,0.025,16,15,1,0,2014,0,9,24.8253,49.6506,9,24.8253,49.6506,9,23.2175,46.435,0.6036
CAU_A01_2014_2018_inventory,T05_8,0.025,9,9,0,0,2014,0,8,63.8954,127.7908,8,63.8954,127.7908,8,71.8365,143.673,0.6341
CAU_A01_2014_2018_inventory,T06_1,0.25,45,41,2,0,2014,0,21,61.5759,123.1518,21,61.5759,123.1518,21,81.8311,163.6622,0.7367
CAU_A01_2014_2018_inventory,T06_2,0.25,45,44,1,0,2014,0,17,47.9179,95.8358,17,47.9179,95.8358,17,61.5315,123.063,0.7246
CAU_A01_2014_2018_inventory,T06_3,0.25,40,40,0,0,2014,0,24,132.9945,265.989,24,132.9945,265.989,24,135.973,271.946,0.7344
CAU_A01_2014_2018_inventory,T06_4,0.25,32,29,1,0,2014,0,14,33.5317,67.0634,14,33.5317,67.0634,14,39.5117,79.0234,0.7195
CAU_A01_2014_2018_inventory,T06_5,0.025,12,11,0,0,2014,0,9,35.698,71.396,9,35.698,71.396,9,42.857,85.714,0.7378
CAU_A01_2014_2018_inventory,T06_6,0.025,10,9,1,0,2014,0,8,79.3205,158.641,8,79.3205,158.641,8,101.4582,202.9164,0.7877
CAU_A01_2014_2018_inventory,T06_7,0.025,11,11,0,0,2014,0,9,49.2811,98.5622,9,49.2811,98.5622,9,59.4777,118.9554,0.7548
CAU_A01_2014_2018_inventory,T06_8,0.025,21,20,1,0,2014,0,16,171.2447,342.4894,16,171.2447,342.4894,16,227.4613,454.9226,0.7915
CAU_A01_2014_2018_inventory,T07_1,0.25,39,37,1,0,2014,0,19,96.9424,193.8848,19,96.9424,193.8848,19,133.4062,266.8124,0.7949
CAU_A01_2014_2018_inventory,T07_2,0.25,34,31,2,0,2014,0,15,65.5771,131.1542,15,65.5771,131.1542,15,89.4204,178.8408,0.7707
CAU_A01_2014_2018_inventory,T07_3,0.25,26,25,0,0,2014,0,11,61.2035,122.407,11,61.2035,122.407,11,74.2835,148.567,0.7398
CAU_A01_2014_2018_inventory,T07_4,0.25,39,37,0,0,2014,0,14,40.8846,81.7692,14,40.8846,81.7692,14,54.189,108.378,0.7234
CAU_A01_2014_2018_inventory,T07_5,0.025,8,8,0,0,2014,0,6,266.1288,532.2576,6,266.1288,532.2576,6,369.5353,739.0706,0.6817
CAU_A01_2014_2018_inventory,T07_6,0.025,10,8,1,0,2014,0,7,80.8781,161.7562,7,80.8781,161.7562,7,99.0114,198.0228,0.7645
CAU_A01_2014_2018_inventory,T07_7,0.025,10,9,1,0,2014,0,4,19.7998,39.5996,4,19.7998,39.5996,4,25.7688,51.5376,0.7443
CAU_A01_2014_2018_inventory,T07_8,0.025,13,12,0,0,2014,0,11,775.8679,1551.7358,11,775.8679,1551.7358,11,1013.4126,2026.8252,0.7344
CAU_A01_2014_2018_inventory,T08_1,0.25,45,44,1,0,2014,0,24,104.2262,208.4524,24,104.2262,208.4524,24,121.0822,242.1644,0.7117
CAU_A01_2014_2018_inventory,T08_2,0.25,35,34,0,1,2014,0,16,45.1219,90.2438,16,45.1219,90.2438,16,52.5271,105.0542,0.6928
CAU_A01_2014_2018_inventory,T08_3,0.25,14,13,0,1,2014,0,6,25.3717,50.7434,6,25.3717,50.7434,6,27.6321,55.2642,0.7024
CAU_A01_2014_2018_inventory,T08_4,0.25,35,33,0,0,2014,0,17,67.0058,134.0116,17,67.0058,134.0116,17,81.4904,162.9808,0.7338
CAU_A01_2014_2018_inventory,T08_5,0.025,12,10,1,1,2014,0,10,101.1058,202.2116,10,101.1058,202.2116,10,131.2949,262.5898,0.7902
CAU_A01_2014_2018_inventory,T08_6,0.025,13,13,0,0,2014,0,12,101.0897,202.1794,12,101.0897,202.1794,12,127.2836,254.5672,0.7131
CAU_A01_2014_2018_inventory,T08_7,0.025,14,13,0,0,2014,0,12,77.5566,155.1132,12,77.5566,155.1132,12,81.2162,162.4324,0.6871
CAU_A01_2014_2018_inventory,T08_8,0.025,13,11,0,0,2014,0,11,189.2816,378.5632,11,189.2816,378.5632,11,266.5548,533.1096,0.7595
CAU_A01_2014_2018_inventory,T09_1,0.25,33,30,2,1,2014,0,16,76.8395,153.679,16,76.8395,153.679,16,89.5116,179.0232,0.7672
CAU_A01_2014_2018_inventory,T09_2,0.25,33,30,2,0,2014,0,11,32.0338,64.0676,11,32.0338,64.0676,11,37.6896,75.3792,0.7139
CAU_A01_2014_2018_inventory,T09_3,0.25,41,39,1,1,2014,0,18,78.8978,157.7956,18,78.8978,157.7956,18,101.2272,202.4544,0.7562
CAU_A01_2014_2018_inventory,T09_4,0.25,39,39,0,0,2014,0,12,125.0786,250.1572,12,125.0786,250.1572,12,179.4798,358.9596,0.7593
CAU_A01_2014_2018_inventory,T09_5,0.025,13,12,0,0,2014,0,10,69.2512,138.5024,10,69.2512,138.5024,10,93.8242,187.6484,0.7626
CAU_A01_2014_2018_inventory,T09_6,0.025,11,11,0,0,2014,0,9,49.4097,98.8194,9,49.4097,98.8194,9,61.7891,123.5782,0.7056
CAU_A01_2014_2018_inventory,T09_7,0.025,6,6,0,0,2014,0,2,51.7559,103.5118,2,51.7559,103.5118,2,60.144,120.288,0.6365
CAU_A01_2014_2018_inventory,T09_8,0.025,17,17,0,0,2014,0,14,168.1483,336.2966,14,168.1483,336.2966,14,183.4422,366.8844,0.781
CAU_A01_2014_2018_inventory,T10_1,0.25,40,38,0,0,2014,0,15,69.7632,139.5264,15,69.7632,139.5264,15,89.9679,179.9358,0.7487
CAU_A01_2014_2018_inventory,T10_2,0.25,40,39,1,0,2014,0,14,39.7778,79.5556,14,39.7778,79.5556,14,49.2844,98.5688,0.737
CAU_A01_2014_2018_inventory,T10_3,0.25,41,41,0,0,2014,0,21,76.0744,152.1488,21,76.0744,152.1488,21,92.7737,185.5474,0.7639
CAU_A01_2014_2018_inventory,T10_4,0.25,32,30,2,0,2014,0,14,45.4867,90.9734,14,45.4867,90.9734,14,54.479,108.958,0.7107
CAU_A01_2014_2018_inventory,T10_5,0.025,19,17,0,0,2014,0,15,197.8638,395.7276,15,197.8638,395.7276,15,238.7708,477.5416,0.7377
CAU_A01_2014_2018_inventory,T10_6,0.025,20,20,0,0,2014,0,17,95.8252,191.6504,17,95.8252,191.6504,17,133.0019,266.0038,0.7775
CAU_A01_2014_2018_inventory,T10_7,0.025,18,18,0,0,2014,0,16,385.3855,770.771,16,385.3855,770.771,16,458.2609,916.5218,0.7111
CAU_A01_2014_2018_inventory,T10_8,0.025,14,13,1,0,2014,0,12,37.5354,75.0708,12,37.5354,75.0708,12,44.5118,89.0236,0.726
CAU_A01_2014_2018_inventory,T11_1,0.25,32,32,0,0,2014,0,15,65.4973,130.9946,15,65.4973,130.9946,15,72.7836,145.5672,0.713
CAU_A01_2014_2018_inventory,T11_2,0.25,40,39,1,0,2014,0,16,90.068,180.136,16,90.068,180.136,16,101.3289,202.6578,0.7085
CAU_A01_2014_2018_inventory,T11_3,0.25,42,41,1,0,2014,0,20,79.1083,158.2166,20,79.1083,158.2166,20,91.6411,183.2822,0.7485
CAU_A01_2014_2018_inventory,T11_4,0.25,29,28,0,0,2014,0,16,53.9913,107.9826,16,53.9913,107.9826,16,59.5455,119.091,0.6783
CAU_A01_2014_2018_inventory,T11_5,0.025,18,17,1,0,2014,0,14,311.9201,623.8402,14,302.4346,604.8692,14,371.9039,743.8078,0.7023
CAU_A01_2014_2018_inventory,T11_6,0.025,13,13,0,0,2014,0,12,97.6007,195.2014,12,97.6007,195.2014,12,103.131,206.262,0.73
CAU_A01_2014_2018_inventory,T11_7,0.025,12,12,0,0,2014,0,10,89.294,178.588,10,89.294,178.588,10,116.0027,232.0054,0.7551
CAU_A01_2014_2018_inventory,T11_8,0.025,14,13,1,0,2014,0,13,90.8524,181.7048,13,90.8524,181.7048,13,84.7693,169.5386,0.7146
CAU_A01_2014_2018_inventory,T12_1,0.25,43,42,1,0,2014,0,17,72.1632,144.3264,17,72.1632,144.3264,17,91.6146,183.2292,0.774
CAU_A01_2014_2018_inventory,T12_2,0.25,34,34,0,0,2014,0,12,60.7256,121.4512,12,60.7256,121.4512,12,77.7056,155.4112,0.7052
CAU_A01_2014_2018_inventory,T12_3,0.25,35,34,0,1,2014,0,9,39.7829,79.5658,9,39.7829,79.5658,9,53.0211,106.0422,0.6925
CAU_A01_2014_2018_inventory,T12_4,0.25,38,38,0,0,2014,0,14,35.8425,71.685,14,35.8425,71.685,14,44.822,89.644,0.7207
CAU_A01_2014_2018_inventory,T12_5,0.025,13,12,1,0,2014,0,7,94.5748,189.1496,7,94.5748,189.1496,7,131.1992,262.3984,0.7984
CAU_A01_2014_2018_inventory,T12_6,0.025,15,15,0,0,2014,0,13,71.3723,142.7446,13,71.3723,142.7446,13,97.8743,195.7486,0.7462
CAU_A01_2014_2018_inventory,T12_7,0.025,13,11,2,0,2014,0,8,67.823,135.646,8,67.823,135.646,8,90.9918,181.9836,0.7168
CAU_A01_2014_2018_inventory,T12_8,0.025,11,11,0,0,2014,0,8,22.9966,45.9932,8,22.9966,45.9932,8,26.4934,52.9868,0.715
CAU_A01_2014_2018_inventory,T13_1,0.25,48,47,1,0,2014,0,19,66.4517,132.9034,19,66.4517,132.9034,19,86.6513,173.3026,0.7744
CAU_A01_2014_2018_inventory,T13_2,0.25,38,38,0,0,2014,0,15,40.8268,81.6536,15,40.8268,81.6536,15,54.1734,108.3468,0.7364
CAU_A01_2014_2018_inventory,T13_3,0.25,43,42,0,0,2014,0,22,76.4814,152.9628,22,76.4814,152.9628,22,99.074,198.148,0.7513
CAU_A01_2014_2018_inventory,T13_4,0.25,39,37,2,0,2014,0,12,34.5806,69.1612,12,34.5806,69.1612,12,44.3706,88.7412,0.7635
CAU_A01_2014_2018_inventory,T13_5,0.025,17,15,0,0,2014,0,13,182.9077,365.8154,13,182.9077,365.8154,13,259.4234,518.8468,0.7629
CAU_A01_2014_2018_inventory,T13_6,0.025,22,21,0,0,2014,0,19,69.5913,139.1826,19,69.5913,139.1826,19,95.4772,190.9544,0.7689
CAU_A01_2014_2018_inventory,T13_7,0.025,14,13,1,0,2014,0,12,248.6314,497.2628,12,248.6314,497.2628,12,322.7981,645.5962,0.7643
CAU_A01_2014_2018_inventory,T13_8,0.025,12,11,1,0,2014,0,11,97.8838,195.7676,11,97.8838,195.7676,11,132.3478,264.6956,0.788
CAU_A01_2014_2018_inventory,T14_1,0.25,32,31,1,0,2014,0,12,31.281,62.562,12,31.281,62.562,12,42.111,84.222,0.7952
CAU_A01_2014_2018_inventory,T14_2,0.25,40,38,2,0,2014,0,18,44.9981,89.9962,18,44.9981,89.9962,18,57.275,114.55,0.7426
CAU_A01_2014_2018_inventory,T14_3,0.25,35,34,0,0,2014,0,18,84.7713,169.5426,18,84.7713,169.5426,18,101.266,202.532,0.7478
CAU_A01_2014_2018_inventory,T14_4,0.25,39,39,0,0,2014,0,21,87.8176,175.6352,21,87.8176,175.6352,21,115.3391,230.6782,0.7532
CAU_A01_2014_2018_inventory,T14_5,0.025,19,17,1,0,2014,0,12,221.3378,442.6756,12,221.3378,442.6756,12,307.5076,615.0152,0.7631
CAU_A01_2014_2018_inventory,T14_6,0.025,14,13,1,0,2014,0,8,74.45,148.9,8,74.45,148.9,8,102.4803,204.9606,0.7448
CAU_A01_2014_2018_inventory,T14_7,0.025,12,12,0,0,2014,0,10,90.7556,181.5112,10,90.7556,181.5112,10,125.5192,251.0384,0.7561
CAU_A01_2014_2018_inventory,T14_8,0.025,9,8,1,0,2014,0,7,32.1409,64.2818,7,32.1409,64.2818,7,36.3682,72.7364,0.7131
CAU_A01_2014_2018_inventory,T15_1,0.25,39,37,1,0,2014,0,19,58.5854,117.1708,19,58.5854,117.1708,19,73.4427,146.8854,0.7307
CAU_A01_2014_2018_inventory,T15_2,0.25,41,41,0,0,2014,0,16,72.7381,145.4762,16,72.7381,145.4762,16,87.9175,175.835,0.7346
CAU_A01_2014_2018_inventory,T15_3,0.25,35,31,2,1,2014,0,16,59.2231,118.4462,16,59.2231,118.4462,16,73.5328,147.0656,0.762
CAU_A01_2014_2018_inventory,T15_4,0.25,47,46,1,0,2014,0,27,87.6103,175.2206,27,87.6103,175.2206,27,106.8863,213.7726,0.7328
CAU_A01_2014_2018_inventory,T15_5,0.025,9,9,0,0,2014,0,8,97.7802,195.5604,8,97.7802,195.5604,8,104.0834,208.1668,0.7152
CAU_A01_2014_2018_inventory,T15_6,0.025,15,14,0,0,2014,0,11,123.0585,246.117,11,123.0585,246.117,11,166.136,332.272,0.7846
CAU_A01_2014_2018_inventory,T15_7,0.025,21,21,0,0,2014,0,14,225.5865,451.173,14,225.5865,451.173,14,196.0612,392.1224,0.6889
CAU_A01_2014_2018_inventory,T15_8,0.025,15,15,0,0,2014,0,8,102.5784,205.1568,8,102.5784,205.1568,8,125.9916,251.9832,0.7284
CAU_A01_2014_2018_inventory,T16_1,0.25,37,36,1,0,2014,0,8,12.3148,24.6296,8,12.3148,24.6296,8,12.6206,25.2412,0.6634
CAU_A01_2014_2018_inventory,T16_2,0.25,42,42,0,0,2014,0,14,57.5638,115.1276,14,57.5638,115.1276,14,70.9298,141.8596,0.7256
CAU_A01_2014_2018_inventory,T16_3,0.25,34,33,1,0,2014,0,16,77.821,155.642,16,77.821,155.642,16,95.3279,190.6558,0.6829
CAU_A01_2014_2018_inventory,T16_4,0.25,42,41,1,0,2014,0,25,104.9959,209.9918,25,104.9959,209.9918,25,138.5971,277.1942,0.774
CAU_A01_2014_2018_inventory,T16_5,0.025,19,18,0,0,2014,0,14,57.7448,115.4896,14,57.7448,115.4896,14,73.7249,147.4498,0.7067
CAU_A01_2014_2018_inventory,T16_6,0.025,19,19,0,0,2014,0,11,526.0951,1052.1902,11,526.0951,1052.1902,11,637.7376,1275.4752,0.7302
CAU_A01_2014_2018_inventory,T16_7,0.025,13,13,0,0,2014,0,11,119.0377,238.0754,11,119.0377,238.0754,11,142.5369,285.0738,0.5912
CAU_A01_2014_2018_inventory,T16_8,0.025,15,12,2,1,2014,0,11,113.2764,226.5528,12,115.039,230.078,12,149.8285,299.657,0.7206
CAU_A01_2014_2018_inventory,T17_1,0.25,35,33,1,0,2014,0,15,47.2932,94.5864,15,47.2932,94.5864,15,59.3053,118.6106,0.7492
CAU_A01_2014_2018_inventory,T17_2,0.25,39,38,0,1,2014,0,7,19.3443,38.6886,7,19.3443,38.6886,7,19.9666,39.9332,0.6351
CAU_A01_2014_2018_inventory,T17_3,0.25,47,46,0,1,2014,0,11,56.8527,113.7054,11,56.8527,113.7054,11,71.702,143.404,0.7045
CAU_A01_2014_2018_inventory,T17_4,0.25,46,45,0,1,2014,0,16,39.976,79.952,16,39.976,79.952,16,47.7548,95.5096,0.6909
CAU_A01_2014_2018_inventory,T17_5,0.025,17,11,6,0,2014,0,11,37.8407,75.6814,11,37.8407,75.6814,11,43.4734,86.9468,0.7005
CAU_A01_2014_2018_inventory,T17_6,0.025,3,3,0,0,2014,0,2,9.8516,19.7032,2,9.8516,19.7032,2,9.7952,19.5904,0.7689
CAU_A01_2014_2018_inventory,T17_7,0.025,11,9,0,2,2014,0,8,47.0077,94.0154,8,44.7163,89.4326,8,56.2163,112.4326,0.7158
CAU_A01_2014_2018_inventory,T17_8,0.025,17,17,0,0,2014,0,15,40.9948,81.9896,15,40.9948,81.9896,15,44.9171,89.8342,0.657
CAU_A01_2014_2018_inventory,T18_1,0.25,37,36,1,0,2014,0,14,37.052,74.104,14,37.052,74.104,14,41.5095,83.019,0.7145
CAU_A01_2014_2018_inventory,T18_2,0.25,49,48,0,0,2014,0,18,49.6321,99.2642,18,49.6321,99.2642,18,52.322,104.644,0.7197
CAU_A01_2014_2018_inventory,T18_3,0.25,40,38,2,0,2014,0,10,30.7544,61.5088,10,30.7544,61.5088,10,32.4812,64.9624,0.645
CAU_A01_2014_2018_inventory,T18_4,0.25,35,35,0,0,2014,0,18,56.6894,113.3788,18,56.6894,113.3788,18,72.6932,145.3864,0.7731
CAU_A01_2014_2018_inventory,T18_5,0.025,17,16,1,0,2014,0,14,60.7458,121.4916,14,60.7458,121.4916,14,83.0399,166.0798,0.801
CAU_A01_2014_2018_inventory,T18_6,0.025,19,15,0,0,2014,0,16,127.209,254.418,16,127.209,254.418,16,148.1566,296.3132,0.723
CAU_A01_2014_2018_inventory,T18_7,0.025,26,25,1,0,2014,0,23,244.4283,488.8566,23,244.4283,488.8566,23,265.2006,530.4012,0.7654
CAU_A01_2014_2018_inventory,T18_8,0.025,11,11,0,0,2014,0,8,57.5932,115.1864,8,57.5932,115.1864,8,77.6746,155.3492,0.7661
CAU_A01_2014_2018_inventory,T19_1,0.25,35,35,0,0,2014,0,13,103.9095,207.819,13,103.9095,207.819,13,120.6563,241.3126,0.6937
CAU_A01_2014_2018_inventory,T19_2,0.25,36,36,0,0,2014,0,14,24.4557,48.9114,14,24.4557,48.9114,14,30.3992,60.7984,0.754
CAU_A01_2014_2018_inventory,T19_3,0.25,45,45,0,0,2014,0,14,38.9201,77.8402,14,38.9201,77.8402,14,47.4539,94.9078,0.7111
CAU_A01_2014_2018_inventory,T19_4,0.25,27,27,0,0,2014,0,12,45.7755,91.551,12,45.7755,91.551,12,56.9841,113.9682,0.6883
CAU_A01_2014_2018_inventory,T19_5,0.025,20,20,0,0,2014,0,16,68.2312,136.4624,16,68.2312,136.4624,16,82.1975,164.395,0.7323
CAU_A01_2014_2018_inventory,T19_6,0.025,12,12,0,0,2014,0,8,53.901,107.802,8,53.901,107.802,8,64.5606,129.1212,0.6931
CAU_A01_2014_2018_inventory,T19_7,0.025,15,14,1,0,2014,0,10,53.0504,106.1008,10,53.0504,106.1008,10,58.0752,116.1504,0.708
CAU_A01_2014_2018_inventory,T19_8,0.025,28,24,0,0,2014,0,19,255.6201,511.2402,19,255.6201,511.2402,19,235.6158,471.2316,0.7222
CAU_A01_2014_2018_inventory,T20_1,0.25,41,39,0,0,2014,0,15,49.9209,99.8418,15,49.9209,99.8418,15,59.0862,118.1724,0.7138
CAU_A01_2014_2018_inventory,T20_2,0.25,39,35,1,2,2014,0,9,89.1499,178.2998,9,89.1499,178.2998,9,122.6365,245.273,0.7209
CAU_A01_2014_2018_inventory,T20_3,0.25,48,47,0,1,2014,0,19,82.3224,164.6448,19,82.3224,164.6448,19,106.7367,213.4734,0.74
CAU_A01_2014_2018_inventory,T20_4,0.25,46,44,1,0,2014,0,15,64.8206,129.6412,15,64.8206,129.6412,15,70.9833,141.9666,0.6624
CAU_A01_2014_2018_inventory,T20_5,0.025,13,12,1,0,2014,0,12,35.4589,70.9178,12,35.4589,70.9178,12,48.8697,97.7394,0.7467
CAU_A01_2014_2018_inventory,T20_6,0.025,8,7,1,0,2014,0,7,108.5004,217.0008,7,108.5004,217.0008,7,132.5498,265.0996,0.7761
CAU_A01_2014_2018_inventory,T20_7,0.025,14,14,0,0,2014,0,7,54.8626,109.7252,7,54.8626,109.7252,7,60.1897,120.3794,0.6993
CAU_A01_2014_2018_inventory,T20_8,0.025,9,6,1,1,2014,0,4,32.5943,65.1886,4,32.5943,65.1886,4,42.4849,84.9698,0.6053
CAU_A01_2014_2018_inventory,T21_1,0.25,28,28,0,0,2014,0,8,32.7914,65.5828,8,32.7914,65.5828,8,45.0518,90.1036,0.7333
CAU_A01_2014_2018_inventory,T21_2,0.25,32,32,0,0,2014,0,18,55.5222,111.0444,18,55.5222,111.0444,18,66.8766,133.7532,0.7155
CAU_A01_2014_2018_inventory,T21_3,0.25,37,35,1,0,2014,0,8,38.2942,76.5884,8,38.2942,76.5884,8,48.9146,97.8292,0.7774
CAU_A01_2014_2018_inventory,T21_4,0.25,28,28,0,0,2014,0,11,71.4822,142.9644,11,71.4822,142.9644,11,86.9675,173.935,0.7031
CAU_A01_2014_2018_inventory,T21_5,0.025,8,7,1,0,2014,0,5,13.6593,27.3186,5,13.6593,27.3186,5,14.7853,29.5706,0.6783
CAU_A01_2014_2018_inventory,T21_6,0.025,19,15,2,1,2014,0,12,37.8352,75.6704,12,36.4488,72.8976,12,41.9458,83.8916,0.6978
CAU_A01_2014_2018_inventory,T21_7,0.025,15,14,1,0,2014,0,9,50.1683,100.3366,9,50.1683,100.3366,9,69.7628,139.5256,0.7984
CAU_A01_2014_2018_inventory,T21_8,0.025,15,12,3,0,2014,0,11,134.689,269.378,11,134.689,269.378,11,172.6908,345.3816,0.7973
CAU_A01_2014_2018_inventory,T22_1,0.25,32,32,0,0,2014,0,11,41.6209,83.2418,11,41.6209,83.2418,11,56.1556,112.3112,0.7342
CAU_A01_2014_2018_inventory,T22_2,0.25,30,29,0,1,2014,0,15,71.495,142.99,15,71.495,142.99,15,79.9148,159.8296,0.6295
CAU_A01_2014_2018_inventory,T22_3,0.25,38,35,2,0,2014,0,13,44.8054,89.6108,13,44.8054,89.6108,13,56.8093,113.6186,0.7553
CAU_A01_2014_2018_inventory,T22_4,0.25,47,46,1,0,2014,0,26,139.5277,279.0554,26,139.5277,279.0554,26,177.3654,354.7308,0.7168
CAU_A01_2014_2018_inventory,T22_5,0.025,12,10,2,0,2014,0,8,229.8953,459.7906,8,229.8953,459.7906,8,286.6221,573.2442,0.7486
CAU_A01_2014_2018_inventory,T22_6,0.025,16,14,1,1,2014,0,12,38.8145,77.629,12,38.2606,76.5212,12,42.2691,84.5382,0.6556
CAU_A01_2014_2018_inventory,T22_7,0.025,19,18,1,0,2014,0,15,71.2213,142.4426,15,71.2213,142.4426,15,87.3438,174.6876,0.7786
CAU_A01_2014_2018_inventory,T22_8,0.025,10,9,1,0,2014,0,6,48.822,97.644,6,48.822,97.644,6,54.7451,109.4902,0.7453
DUC_A01_2009_2011_inventory_plots,T01,0.9693,193,170,13,6,2008,-1,193,71.581,143.162,193,70.8415,141.683,193,79.4014,158.8028,0.666
DUC_A01_2009_2011_inventory_plots,T02,0.9435,169,155,10,1,2008,-1,169,57.9111,115.8222,169,57.6034,115.2068,169,69.23,138.46,0.6719
DUC_A01_2009_2011_inventory_plots,T03,0.9728,163,148,8,4,2008,-1,163,75.0088,150.0176,163,74.5492,149.0984,163,86.0695,172.139,0.6581
DUC_A01_2009_2011_inventory_plots,T04,0.9781,188,178,8,1,2008,-1,188,96.3335,192.667,188,95.4048,190.8096,188,105.8245,211.649,0.6743
DUC_A01_2009_2011_inventory_plots,T05,0.9619,194,170,13,7,2008,-1,194,76.6746,153.3492,193,75.8344,151.6688,193,84.361,168.722,0.6692
DUC_A01_2016_inventory_plots,P02,0.2484,54,43,5,6,2017,1,54,98.0298,196.0596,54,94.8822,189.7644,54,107.2047,214.4094,0.6717
DUC_A01_2016_inventory_plots,P04,0.2117,77,73,3,0,2017,1,77,126.9102,253.8204,77,126.2858,252.5716,77,145.5847,291.1694,0.7033
DUC_A01_2016_inventory_plots,P05,0.2524,60,38,6,16,2017,1,60,86.2365,172.473,60,73.2578,146.5156,60,81.3763,162.7526,0.6574
DUC_A01_2016_inventory_plots,P07,0.2095,81,70,5,6,2017,1,81,179.3828,358.7656,81,168.4533,336.9066,81,188.9248,377.8496,0.7006
DUC_A01_2016_inventory_plots,P08,0.2583,66,59,6,1,2017,1,66,104.6282,209.2564,66,99.6929,199.3858,66,113.5026,227.0052,0.7022
DUC_A01_2016_inventory_plots,P09,0.2174,77,69,4,3,2017,1,77,124.9537,249.9074,77,121.2867,242.5734,77,136.2733,272.5466,0.6751
DUC_A01_2016_inventory_plots,P10,0.259,86,79,7,0,2017,1,86,89.627,179.254,86,88.1126,176.2252,86,89.6005,179.201,0.6425
DUC_A01_2016_inventory_plots,P11,0.2457,62,56,2,3,2017,1,62,83.404,166.808,62,82.9808,165.9616,62,98.6349,197.2698,0.6633
DUC_A01_2016_inventory_plots,P12,0.2541,68,65,2,0,2017,1,67,111.7618,223.5236,67,111.735,223.47,67,139.47,278.94,0.7185
DUC_A01_2016_inventory_plots,P13,0.2374,62,53,9,0,2017,1,62,104.4643,208.9286,62,98.7493,197.4986,62,115.8803,231.7606,0.6689
DUC_A01_2016_inventory_plots,P14,0.254,64,56,5,3,2017,1,64,99.8488,199.6976,64,96.8236,193.6472,64,101.7219,203.4438,0.6275
DUC_A01_2016_inventory_plots,P15,0.1825,63,56,4,3,2017,1,63,120.2228,240.4456,63,117.4264,234.8528,63,125.9544,251.9088,0.6354
DUC_A01_2016_inventory_plots,P16,0.1731,68,57,1,10,2017,1,68,83.3815,166.763,68,80.2113,160.4226,68,90.2298,180.4596,0.6404
DUC_A01_2016_inventory_plots,P17,0.2306,54,48,2,4,2017,1,54,77.8461,155.6922,54,76.8853,153.7706,54,92.5694,185.1388,0.6843
DUC_A01_2016_inventory_plots,P18,0.2777,82,76,6,0,2017,1,82,91.1407,182.2814,82,89.1318,178.2636,82,100.0367,200.0734,0.6375
DUC_A01_2016_inventory_plots,P19,0.2161,83,77,4,0,2017,1,83,111.6949,223.3898,83,110.1403,220.2806,83,133.9972,267.9944,0.6897
DUC_A01_2016_inventory_plots,P20,0.1935,61,52,8,0,2017,1,61,104.861,209.722,61,95.5163,191.0326,61,105.2236,210.4472,0.6259
FNA_A01_2013_inventory_plots,T01_1,0.252,32,26,6,0,2013,0,32,11.1379,22.2758,32,10.9821,21.9642,32,14.2388,28.4776,0.7706
FNA_A01_2013_inventory_plots,T01_2,0.2425,14,6,8,0,2013,0,14,2.1762,4.3524,14,2.1558,4.3116,14,2.8227,5.6454,0.9037
FNA_A01_2013_inventory_plots,T01_3,0.2494,8,6,2,0,2013,0,8,9.5414,19.0828,8,8.9796,17.9592,8,11.5232,23.0464,0.7564
FNA_A01_2013_inventory_plots,T01_4,0.2497,14,12,2,0,2013,0,14,17.8748,35.7496,14,13.6909,27.3818,14,15.0212,30.0424,0.7989
FNA_A01_2013_inventory_plots,T02_1,0.2497,17,13,4,0,2013,0,17,3.9134,7.8268,17,3.8983,7.7966,17,5.1809,10.3618,0.8217
FNA_A01_2013_inventory_plots,T02_2,0.2504,22,22,0,0,2013,0,22,13.0072,26.0144,22,13.0072,26.0144,22,17.359,34.718,0.8064
FNA_A01_2013_inventory_plots,T02_3,0.2544,12,12,0,0,2013,0,12,9.0223,18.0446,12,9.0223,18.0446,12,12.0409,24.0818,0.8064
FNA_A01_2013_inventory_plots,T02_4,0.2506,12,11,1,0,2013,0,12,11.2659,22.5318,12,10.3247,20.6494,12,12.9515,25.903,0.7787
FNA_A01_2013_inventory_plots,T03_1,0.2491,12,12,0,0,2013,0,12,4.0116,8.0232,12,4.0116,8.0232,12,5.3537,10.7074,0.8064
FNA_A01_2013_inventory_plots,T03_2,0.2416,12,12,0,0,2013,0,12,11.3147,22.6294,12,11.3147,22.6294,12,15.1003,30.2006,0.8064
FNA_A01_2013_inventory_plots,T03_3,0.246,12,12,0,0,2013,0,12,4.1451,8.2902,12,4.1451,8.2902,12,5.5319,11.0638,0.8064
FNA_A01_2013_inventory_plots,T03_4,0.255,9,9,0,0,2013,0,9,5.6403,11.2806,9,5.6403,11.2806,9,7.5274,15.0548,0.8064
FNA_A01_2013_inventory_plots,T04_1,0.253,31,14,17,0,2013,0,31,17.7767,35.5534,31,16.0553,32.1106,31,20.0072,40.0144,0.8372
FNA_A01_2013_inventory_plots,T04_2,0.2551,14,12,1,1,2013,0,14,15.0488,30.0976,13,14.8694,29.7388,13,19.7741,39.5482,0.7715
FNA_A01_2013_inventory_plots,T04_3,0.2541,16,14,2,0,2013,0,16,13.2146,26.4292,16,12.4945,24.989,16,16.0229,32.0458,0.7993
FNA_A01_2013_inventory_plots,T04_4,0.2432,12,11,1,0,2013,0,12,6.7386,13.4772,12,6.729,13.458,12,8.9688,17.9376,0.8266
FNA_A01_2013_inventory_plots,T05_1,0.2562,8,8,0,0,2013,0,8,6.2623,12.5246,8,6.2623,12.5246,8,8.3575,16.715,0.8064
FNA_A01_2013_inventory_plots,T05_2,0.2491,5,5,0,0,2013,0,5,5.928,11.856,5,5.928,11.856,5,7.9113,15.8226,0.8064
FNA_A01_2013_inventory_plots,T05_3,0.2456,7,6,1,0,2013,0,7,9.3775,18.755,7,9.2189,18.4378,7,12.132,24.264,0.7766
FNA_A01_2013_inventory_plots,T05_4,0.2441,10,7,3,0,2013,0,10,8.0198,16.0396,10,8.0021,16.0042,10,10.6544,21.3088,0.804
FN_A01_2015_inventory_plots,unknown,,683,551,128,1,2017,2,683,,,683,,,683,,,0.6481
FST_A01_2013_inventory_plots,1_1,0.025,16,1,15,0,2013,0,16,443.8846,887.7692,16,307.6224,615.2448,16,314.0057,628.0114,0.6079
FST_A01_2013_inventory_plots,1_10,0.216,22,0,22,0,2013,0,22,175.1196,350.2392,22,120.0079,240.0158,22,120.0079,240.0158,0.7479
FST_A01_2013_inventory_plots,1_2,0.0248,5,0,5,0,2013,0,5,58.0227,116.0454,5,38.7511,77.5022,5,38.7511,77.5022,0.6978
FST_A01_2013_inventory_plots,1_3,0.0225,14,2,10,2,2013,0,14,115.2144,230.4288,12,83.7981,167.5962,12,84.8794,169.7588,0.6776
FST_A01_2013_inventory_plots,1_4,0.0265,8,0,8,0,2013,0,8,87.0851,174.1702,8,59.671,119.342,8,59.671,119.342,0.6933
FST_A01_2013_inventory_plots,1_5,0.0236,12,3,9,0,2013,0,12,62.8892,125.7784,12,47.6909,95.3818,12,50.0264,100.0528,0.6582
FST_A01_2013_inventory_plots,1_6,0.244,14,0,14,0,2013,0,14,75.3472,150.6944,14,51.2865,102.573,14,51.2865,102.573,0.7112
FST_A01_2013_inventory_plots,1_7,0.2539,19,2,17,0,2013,0,19,126.5826,253.1652,19,90.237,180.474,19,92.0049,184.0098,0.7322
FST_A01_2013_inventory_plots,1_8,0.2604,18,3,15,0,2013,0,18,107.4926,214.9852,18,78.7902,157.5804,18,81.3947,162.7894,0.6728
FST_A01_2013_inventory_plots,1_9,0.253,8,0,8,0,2013,0,8,54.1998,108.3996,8,36.485,72.97,8,36.485,72.97,0.6851
FST_A01_2013_inventory_plots,2_1,0.0235,13,4,9,0,2013,0,13,144.6623,289.3246,13,103.2728,206.5456,13,104.5728,209.1456,0.7134
FST_A01_2013_inventory_plots,2_10,0.2517,11,1,10,0,2013,0,11,74.1708,148.3416,11,51.3487,102.6974,11,51.6044,103.2088,0.701
FST_A01_2013_inventory_plots,2_2,0.0265,10,0,10,0,2013,0,10,406.4995,812.999,10,276.4385,552.877,10,276.4385,552.877,0.7108
FST_A01_2013_inventory_plots,2_3,0.0251,11,1,9,1,2013,0,11,106.8754,213.7508,10,83.2485,166.497,10,88.0157,176.0314,0.6788
FST_A01_2013_inventory_plots,2_4,0.021,5,1,4,0,2013,0,5,41.4987,82.9974,5,32.6432,65.2864,5,34.6408,69.2816,0.6494
FST_A01_2013_inventory_plots,2_5,0.0235,11,0,11,0,2013,0,11,291.7655,583.531,11,201.2492,402.4984,11,201.2492,402.4984,0.7293
FST_A01_2013_inventory_plots,2_6,0.2458,9,0,9,0,2013,0,9,69.6219,139.2438,9,47.3042,94.6084,9,47.3042,94.6084,0.7254
FST_A01_2013_inventory_plots,2_7,0.2094,19,1,18,0,2013,0,19,118.8035,237.607,19,81.3651,162.7302,19,82.13,164.26,0.7682
FST_A01_2013_inventory_plots,2_8,0.2293,15,2,13,0,2013,0,15,106.9894,213.9788,15,74.1092,148.2184,15,74.5034,149.0068,0.7222
FST_A01_2013_inventory_plots,2_9,0.2435,13,1,12,0,2013,0,13,130.1886,260.3772,13,89.6141,179.2282,13,89.7554,179.5108,0.7209
FST_A01_2013_inventory_plots,3_1,0.0264,10,0,9,1,2013,0,10,144.4059,288.8118,9,92.6262,185.2524,9,92.6262,185.2524,0.7184
FST_A01_2013_inventory_plots,3_10,0.2466,22,1,21,0,2013,0,22,147.9952,295.9904,22,110.4017,220.8034,22,115.157,230.314,0.7142
FST_A01_2013_inventory_plots,3_2,0.0233,3,0,3,0,2013,0,3,8.2543,16.5086,3,6.1174,12.2348,3,6.1174,12.2348,0.6629
FST_A01_2013_inventory_plots,3_3,0.0257,12,1,10,1,2013,0,12,116.3137,232.6274,11,91.7838,183.5676,11,98.216,196.432,0.6252
FST_A01_2013_inventory_plots,3_4,0.0273,11,1,10,0,2013,0,11,158.0385,316.077,11,112.4124,224.8248,11,114.2299,228.4598,0.6679
FST_A01_2013_inventory_plots,3_5,0.0255,14,1,13,0,2013,0,14,365.0187,730.0374,14,242.6467,485.2934,14,242.9833,485.9666,0.6923
FST_A01_2013_inventory_plots,3_6,0.239,13,2,11,0,2013,0,13,85.5946,171.1892,13,61.304,122.608,13,62.6458,125.2916,0.6794
FST_A01_2013_inventory_plots,3_7,0.2561,17,3,14,0,2013,0,17,134.4407,268.8814,17,93.3201,186.6402,17,94.7012,189.4024,0.6821
FST_A01_2013_inventory_plots,3_8,0.2473,18,2,16,0,2013,0,18,103.6322,207.2644,18,72.0946,144.1892,18,72.8307,145.6614,0.753
FST_A01_2013_inventory_plots,3_9,0.2646,21,2,19,0,2013,0,21,121.731,243.462,21,86.5791,173.1582,21,87.8379,175.6758,0.7322
FST_A01_2013_inventory_plots,4_1,0.0267,5,0,5,0,2013,0,5,17.9891,35.9782,5,12.6038,25.2076,5,12.6038,25.2076,0.6135
FST_A01_2013_inventory_plots,4_10,0.2481,12,2,10,0,2013,0,12,68.0721,136.1442,12,47.7455,95.491,12,48.6111,97.2222,0.7174
FST_A01_2013_inventory_plots,4_2,0.0211,12,1,11,0,2013,0,12,385.6477,771.2954,12,291.9627,583.9254,12,307.2607,614.5214,0.7524
FST_A01_2013_inventory_plots,4_3,0.0245,13,2,11,0,2013,0,13,149.6969,299.3938,13,103.9554,207.9108,13,104.3813,208.7626,0.6028
FST_A01_2013_inventory_plots,4_4,0.0219,8,0,7,1,2013,0,8,124.1946,248.3892,7,82.9517,165.9034,7,82.9517,165.9034,0.6208
FST_A01_2013_inventory_plots,4_5,0.0253,12,0,10,2,2013,0,12,47.5468,95.0936,10,29.1559,58.3118,10,29.1559,58.3118,0.7512
FST_A01_2013_inventory_plots,4_6,0.2436,17,3,14,0,2013,0,17,60.2123,120.4246,17,42.4628,84.9256,17,43.2538,86.5076,0.6747
FST_A01_2013_inventory_plots,4_7,0.2202,11,0,11,0,2013,0,11,87.888,175.776,11,59.0935,118.187,11,59.0935,118.187,0.7476
FST_A01_2013_inventory_plots,4_8,0.2226,13,2,11,0,2013,0,13,73.8034,147.6068,13,51.9032,103.8064,13,52.4758,104.9516,0.6817
FST_A01_2013_inventory_plots,4_9,0.2304,11,1,10,0,2013,0,11,56.793,113.586,11,39.1022,78.2044,11,39.1908,78.3816,0.6679
HUM_A01_2014_inventory_plots,1,0.2402,27,26,0,1,2013,-1,27,88.003,176.006,27,87.7819,175.5638,27,94.5589,189.1178,0.621
HUM_A01_2014_inventory_plots,2,0.2553,35,30,2,3,2013,-1,35,130.2057,260.4114,35,129.4142,258.8284,35,105.8735,211.747,0.5857
HUM_A01_2014_inventory_plots,3,0.2318,27,23,1,3,2013,-1,27,74.6145,149.229,27,74.2385,148.477,27,82.4946,164.9892,0.5992
HUM_A01_2014_inventory_plots,4,0.2365,20,18,1,1,2013,-1,20,65.9607,131.9214,20,65.9109,131.8218,20,58.5473,117.0946,0.5616
HUM_A01_2014_inventory_plots,5,0.2533,16,12,3,1,2013,-1,16,56.3036,112.6072,16,56.0683,112.1366,16,59.9603,119.9206,0.57
HUM_A01_2014_inventory_plots,6,0.2622,31,31,0,0,2013,-1,31,81.4416,162.8832,31,81.4416,162.8832,31,86.3519,172.7038,0.6456
HUM_A01_2014_inventory_plots,7,0.2424,33,32,1,0,2013,-1,33,60.2767,120.5534,33,60.2118,120.4236,33,65.1179,130.2358,0.6139
HUM_A01_2014_inventory_plots,8,0.2586,24,22,1,1,2013,-1,24,50.3061,100.6122,24,50.1775,100.355,24,59.3417,118.6834,0.5465
HUM_A01_2014_inventory_plots,9,0.2685,19,18,1,0,2013,-1,19,30.5134,61.0268,19,30.4986,60.9972,19,29.6258,59.2516,0.585
HUM_A01_2014_inventory_plots,10,0.2458,19,16,3,0,2013,-1,19,29.7833,59.5666,19,29.4962,58.9924,19,25.4621,50.9242,0.4651
JAM_A01_2011_inventory_plots,T07,0.9951,142,7,125,7,2011,0,142,84.6795,169.359,135,56.7358,113.4716,135,56.7457,113.4914,0.6305
JAM_A01_2011_inventory_plots,T08,1.005,135,16,111,5,2011,0,135,36.6899,73.3798,130,27.1532,54.3064,130,27.5499,55.0998,0.6479
JAM_A02_2011_inventory_plots,T01,1.013,108,1,103,4,2011,0,108,64.3411,128.6822,104,43.7105,87.421,104,43.7107,87.4214,0.6084
JAM_A02_2011_inventory_plots,T02,0.9981,146,12,128,5,2011,0,146,65.2774,130.5548,141,44.286,88.572,141,44.4201,88.8402,0.6423
JAM_A02_2011_inventory_plots,T04,0.9941,149,11,129,9,2011,0,149,77.4457,154.8914,140,52.8592,105.7184,140,53.0389,106.0778,0.6543
JAM_A02_2011_inventory_plots,T05,0.9877,156,18,124,11,2011,0,156,95.0362,190.0724,145,64.0148,128.0296,145,64.2806,128.5612,0.6236
JAM_A02_2011_inventory_plots,T06,1.0114,164,12,133,11,2011,0,164,74.609,149.218,153,50.4718,100.9436,153,50.6592,101.3184,0.6229
JAM_A02_2013_inventory_plots,0,0.2505,11,1,10,0,2013,0,11,57.7883,115.5766,11,40.7563,81.5126,11,40.8537,81.7074,0.7358
JAM_A02_2013_inventory_plots,1,0.2483,7,0,7,0,2013,0,7,45.2015,90.403,7,31.3756,62.7512,7,31.3756,62.7512,0.575
JAM_A02_2013_inventory_plots,10,0.2669,13,2,11,0,2013,0,13,59.2297,118.4594,13,42.8083,85.6166,13,43.0699,86.1398,0.6918
JAM_A02_2013_inventory_plots,11,0.2576,15,2,13,0,2013,0,15,84.8051,169.6102,15,61.5115,123.023,15,61.9382,123.8764,0.6795
JAM_A02_2013_inventory_plots,12,0.1903,6,0,6,0,2013,0,6,36.8821,73.7642,6,25.6905,51.381,6,25.6905,51.381,0.6205
JAM_A02_2013_inventory_plots,13,0.2559,13,2,11,0,2013,0,13,50.883,101.766,13,37.8792,75.7584,13,38.2681,76.5362,0.6759
JAM_A02_2013_inventory_plots,14,0.2358,11,1,10,0,2013,0,11,46.2635,92.527,11,34.071,68.142,11,34.3616,68.7232,0.6847
JAM_A02_2013_inventory_plots,15,0.2592,11,0,11,0,2013,0,11,48.2737,96.5474,11,33.6213,67.2426,11,33.6213,67.2426,0.5949
JAM_A02_2013_inventory_plots,16,0.2374,7,0,7,0,2013,0,7,26.3013,52.6026,7,18.3926,36.7852,7,18.3926,36.7852,0.6068
JAM_A02_2013_inventory_plots,17,0.2667,5,1,4,0,2013,0,5,28.5214,57.0428,5,20.4377,40.8754,5,20.5446,41.0892,0.5759
JAM_A02_2013_inventory_plots,18,0.2364,10,0,10,0,2013,0,10,74.1088,148.2176,10,51.3481,102.6962,10,51.3481,102.6962,0.612
JAM_A02_2013_inventory_plots,19,0.2867,15,0,15,0,2013,0,15,42.1405,84.281,15,29.4679,58.9358,15,29.4679,58.9358,0.65
JAM_A02_2013_inventory_plots,2,0.2647,10,2,8,0,2013,0,10,78.7455,157.491,10,59.5113,119.0226,10,60.3133,120.6266,0.6278
JAM_A02_2013_inventory_plots,20,0.2367,7,0,7,0,2013,0,7,64.3809,128.7618,7,44.5656,89.1312,7,44.5656,89.1312,0.6823
JAM_A02_2013_inventory_plots,21,0.239,11,1,10,0,2013,0,11,52.8433,105.6866,11,38.399,76.798,11,38.6559,77.3118,0.6346
JAM_A02_2013_inventory_plots,22,0.2877,13,3,10,0,2013,0,13,53.1171,106.2342,13,41.7624,83.5248,13,42.5389,85.0778,0.6233
JAM_A02_2013_inventory_plots,23,0.2604,8,0,8,0,2013,0,8,37.299,74.598,8,25.9613,51.9226,8,25.9613,51.9226,0.6113
JAM_A02_2013_inventory_plots,24,0.0222,5,0,3,1,2013,0,5,53.3956,106.7912,4,32.4643,64.9286,4,32.4643,64.9286,0.5261
JAM_A02_2013_inventory_plots,25,0.0229,14,1,10,3,2013,0,14,143.2558,286.5116,11,90.7128,181.4256,11,91.4274,182.8548,0.545
JAM_A02_2013_inventory_plots,26,0.0245,10,0,10,0,2013,0,10,75.2518,150.5036,10,53.3862,106.7724,10,53.3862,106.7724,0.6133
JAM_A02_2013_inventory_plots,27,0.0254,13,2,10,1,2013,0,13,107.1998,214.3996,12,100.3335,200.667,12,104.6128,209.2256,0.6206
JAM_A02_2013_inventory_plots,28,0.0235,5,0,5,0,2013,0,5,12.6795,25.359,5,9.2708,18.5416,5,9.2708,18.5416,0.5772
JAM_A02_2013_inventory_plots,29,0.0217,10,1,8,1,2013,0,10,218.3867,436.7734,9,145.646,291.292,9,145.7173,291.4346,0.6054
JAM_A02_2013_inventory_plots,3,0.2373,10,1,9,0,2013,0,10,78.9031,157.8062,10,55.571,111.142,10,55.7182,111.4364,0.6581
JAM_A02_2013_inventory_plots,30,0.0271,9,1,8,0,2013,0,9,74.9818,149.9636,9,55.4388,110.8776,9,55.856,111.712,0.6374
JAM_A02_2013_inventory_plots,31,0.0243,13,1,12,0,2013,0,13,117.7413,235.4826,13,86.6445,173.289,13,87.171,174.342,0.658
JAM_A02_2013_inventory_plots,32,0.026,9,0,8,1,2013,0,9,35.4824,70.9648,8,16.0966,32.1932,8,16.0966,32.1932,0.6025
JAM_A02_2013_inventory_plots,33,0.0249,9,0,9,0,2013,0,9,57.5932,115.1864,9,41.1964,82.3928,9,41.1964,82.3928,0.6884
JAM_A02_2013_inventory_plots,34,0.025,9,1,6,2,2013,0,9,28.284,56.568,7,18.6034,37.2068,7,18.8889,37.7778,0.5917
JAM_A02_2013_inventory_plots,35,0.026,12,0,12,0,2013,0,12,42.7463,85.4926,12,30.9953,61.9906,12,30.9953,61.9906,0.579
JAM_A02_2013_inventory_plots,36,0.0214,12,1,11,0,2013,0,12,175.7063,351.4126,12,123.1572,246.3144,12,123.2162,246.4324,0.707
JAM_A02_2013_inventory_plots,37,0.0239,9,0,9,0,2013,0,9,79.3471,158.6942,9,56.1323,112.2646,9,56.1323,112.2646,0.5775
JAM_A02_2013_inventory_plots,38,0.0254,13,0,12,0,2013,0,13,140.3792,280.7584,13,98.7537,197.5074,13,98.7537,197.5074,0.6393
JAM_A02_2013_inventory_plots,39,0.0269,15,0,14,1,2013,0,15,679.691,1359.382,14,470.2388,940.4776,14,470.2388,940.4776,0.6873
JAM_A02_2013_inventory_plots,4,0.2311,10,0,10,0,2013,0,10,65.273,130.546,10,45.334,90.668,10,45.334,90.668,0.631
JAM_A02_2013_inventory_plots,40,0.0265,9,1,7,1,2013,0,9,420.5446,841.0892,8,284.709,569.418,8,284.759,569.518,0.6914
JAM_A02_2013_inventory_plots,41,0.0236,11,0,11,0,2013,0,11,219.5428,439.0856,11,152.9319,305.8638,11,152.9319,305.8638,0.6115
JAM_A02_2013_inventory_plots,42,0.026,14,0,13,1,2013,0,14,226.4398,452.8796,13,152.5147,305.0294,13,152.5147,305.0294,0.6203
JAM_A02_2013_inventory_plots,43,0.0279,8,1,7,0,2013,0,8,49.7606,99.5212,8,36.2953,72.5906,8,36.447,72.894,0.6765
JAM_A02_2013_inventory_plots,44,0.0216,7,0,7,0,2013,0,7,121.6778,243.3556,7,85.5288,171.0576,7,85.5288,171.0576,0.5691
JAM_A02_2013_inventory_plots,45,0.0257,6,0,5,1,2013,0,6,77.4058,154.8116,5,53.1842,106.3684,5,53.1842,106.3684,0.5634
JAM_A02_2013_inventory_plots,46,0.0257,8,0,8,0,2013,0,8,140.9776,281.9552,8,98.9883,197.9766,8,98.9883,197.9766,0.6846
JAM_A02_2013_inventory_plots,47,0.0234,4,1,2,1,2013,0,4,34.6904,69.3808,3,17.7319,35.4638,3,17.7834,35.5668,0.5469
JAM_A02_2013_inventory_plots,5,0.2458,14,0,14,0,2013,0,14,52.2542,104.5084,14,36.5098,73.0196,14,36.5098,73.0196,0.5993
JAM_A02_2013_inventory_plots,6,0.2417,9,0,9,0,2013,0,9,85.1246,170.2492,9,58.9381,117.8762,9,58.9381,117.8762,0.6434
JAM_A02_2013_inventory_plots,7,0.2611,11,1,10,0,2013,0,11,85.8935,171.787,11,60.6716,121.3432,11,60.8549,121.7098,0.6331
JAM_A02_2013_inventory_plots,8,0.2585,9,1,8,0,2013,0,9,33.4468,66.8936,9,24.6883,49.3766,9,24.905,49.81,0.6069
JAM_A02_2013_inventory_plots,9,0.2801,11,0,11,0,2013,0,11,31.8386,63.6772,11,22.2948,44.5896,11,22.2948,44.5896,0.5397
JAM_A03_2013_inventory_plots,0,0.2347,8,1,7,0,2013,0,8,58.3283,116.6566,8,41.3322,82.6644,8,41.4981,82.9962,0.5548
JAM_A03_2013_inventory_plots,1,0.2619,10,1,9,0,2013,0,10,50.2422,100.4844,10,37.6726,75.3452,10,38.1695,76.339,0.6471
JAM_A03_2013_inventory_plots,2,0.2501,9,0,9,0,2013,0,9,68.8696,137.7392,9,47.7134,95.4268,9,47.7134,95.4268,0.5506
JAM_A03_2013_inventory_plots,3,0.2238,9,0,9,0,2013,0,9,97.6361,195.2722,9,67.5411,135.0822,9,67.5411,135.0822,0.6959
JAM_A03_2013_inventory_plots,4,0.0249,16,0,14,2,2013,0,16,55.9018,111.8036,14,31.6955,63.391,14,31.6955,63.391,0.5585
JAM_A03_2013_inventory_plots,5,0.0231,17,1,16,0,2013,0,17,173.1708,346.3416,17,126.6428,253.2856,17,127.3521,254.7042,0.7158
JAM_A03_2013_inventory_plots,6,0.0242,11,1,9,1,2013,0,11,59.8575,119.715,10,39.7481,79.4962,10,40.4191,80.8382,0.66
JAM_A03_2013_inventory_plots,7,0.0247,13,1,12,0,2013,0,13,48.2341,96.4682,13,35.2843,70.5686,13,35.3748,70.7496,0.6553
PAR_A01_2013_2018_inventory_plots,T01_1,1.0095,36,29,7,0,2013,0,36,19.0551,38.1102,36,18.7881,37.5762,36,23.3347,46.6694,0.652
PAR_A01_2013_2018_inventory_plots,T01_2,0.2019,23,20,3,0,2013,0,23,11.7617,23.5234,23,11.6933,23.3866,23,13.8766,27.7532,0.5834
PAR_A01_2013_2018_inventory_plots,T02_1,0.9686,31,26,5,0,2013,0,31,14.7807,29.5614,31,14.037,28.074,31,16.2037,32.4074,0.6146
PAR_A01_2013_2018_inventory_plots,T02_2,0.1937,11,7,4,0,2013,0,11,10.0308,20.0616,11,8.5039,17.0078,11,7.0697,14.1394,0.5131
PAR_A01_2013_2018_inventory_plots,T03_1,0.9649,33,26,7,0,2013,0,33,19.8581,39.7162,33,19.6012,39.2024,33,22.7449,45.4898,0.6343
PAR_A01_2013_2018_inventory_plots,T03_2,0.193,26,23,3,0,2013,0,26,15.901,31.802,26,15.5561,31.1122,26,16.239,32.478,0.5255
PAR_A01_2013_2018_inventory_plots,T04_1,0.9791,36,29,7,0,2013,0,36,23.8947,47.7894,36,23.0093,46.0186,36,29.0496,58.0992,0.6322
PAR_A01_2013_2018_inventory_plots,T04_2,0.1958,25,20,5,0,2013,0,25,20.1693,40.3386,25,18.7593,37.5186,25,20.8564,41.7128,0.4148
PAR_A01_2013_2018_inventory_plots,T05_1,0.9808,30,24,6,0,2013,0,30,11.0085,22.017,30,10.584,21.168,30,11.9869,23.9738,0.4823
PAR_A01_2013_2018_inventory_plots,T05_2,0.1962,24,21,3,0,2013,0,24,24.2119,48.4238,24,23.9621,47.9242,24,29.9963,59.9926,0.4587
PAR_A01_2013_2018_inventory_plots,T06_1,0.9956,53,43,9,0,2013,0,52,19.7182,39.4364,52,19.157,38.314,52,23.1147,46.2294,0.6265
PAR_A01_2013_2018_inventory_plots,T06_2,0.1991,24,21,3,0,2013,0,24,5.6629,11.3258,24,5.6029,11.2058,24,6.2815,12.563,0.6604
PAR_A01_2013_2018_inventory_plots,T07_1,0.9925,39,35,4,0,2013,0,39,25.4507,50.9014,39,25.106,50.212,39,30.4107,60.8214,0.6616
PAR_A01_2013_2018_inventory_plots,T07_2,0.1985,20,17,3,0,2013,0,20,11.3351,22.6702,20,10.5038,21.0076,20,9.6712,19.3424,0.5665
PAR_A01_2013_2018_inventory_plots,T08_1,1.0045,56,50,6,0,2013,0,56,23.5602,47.1204,56,23.1956,46.3912,56,27.1184,54.2368,0.6324
PAR_A01_2013_2018_inventory_plots,T08_2,0.2009,26,20,6,0,2013,0,26,25.1382,50.2764,26,24.9307,49.8614,26,29.252,58.504,0.5934
PAR_A01_2013_2018_inventory_plots,T09_1,0.9882,63,60,2,0,2013,0,62,39.6647,79.3294,62,39.5409,79.0818,62,38.8842,77.7684,0.6153
PAR_A01_2013_2018_inventory_plots,T09_2,0.1976,38,35,2,1,2013,0,38,57.0746,114.1492,38,53.931,107.862,38,53.7957,107.5914,0.6246
PAR_A01_2013_2018_inventory_plots,T10_1,0.9872,61,56,5,0,2013,0,61,49.1592,98.3184,61,48.7476,97.4952,61,50.8506,101.7012,0.6243
PAR_A01_2013_2018_inventory_plots,T10_2,0.1974,28,27,1,0,2013,0,28,64.669,129.338,28,63.2946,126.5892,28,62.7088,125.4176,0.5966
SAN_A01_2014_2016_inventory_plots,1,0.2543,24,23,1,0,2014,0,24,30.3571,60.7142,24,28.5194,57.0388,24,28.4878,56.9756,0.58
SAN_A01_2014_2016_inventory_plots,2,0.2542,19,17,2,0,2014,0,19,34.6286,69.2572,19,34.2242,68.4484,19,32.3787,64.7574,0.5109
SAN_A01_2014_2016_inventory_plots,3,0.2617,28,27,1,0,2014,0,28,51.9057,103.8114,28,51.8803,103.7606,28,52.642,105.284,0.5504
SAN_A01_2014_2016_inventory_plots,4,0.2456,26,24,2,0,2014,0,26,79.2732,158.5464,26,78.8241,157.6482,26,79.3285,158.657,0.4763
SAN_A01_2014_2016_inventory_plots,5,0.2803,17,16,1,0,2014,0,17,34.55,69.1,17,34.4826,68.9652,17,34.6178,69.2356,0.6329
SAN_A01_2014_2016_inventory_plots,6,0.2427,28,26,2,0,2014,0,28,131.6774,263.3548,28,130.939,261.878,28,164.0968,328.1936,0.7088
SAN_A01_2014_2016_inventory_plots,7,0.2568,10,7,3,0,2014,0,10,21.3688,42.7376,10,20.7069,41.4138,10,23.2451,46.4902,0.6579
SAN_A01_2014_2016_inventory_plots,8,0.2511,21,20,1,0,2014,0,21,86.0754,172.1508,21,84.1619,168.3238,21,99.0331,198.0662,0.6757
SAN_A01b_2016_2018_inventory_plots,1,0.2633,82,71,11,0,2014,-2,64,25.1003,50.2006,64,25.1003,50.2006,64,20.9371,41.8742,0.5747
SAN_A01b_2016_2018_inventory_plots,2,0.2547,66,55,6,0,2014,-2,53,66.8848,133.7696,53,65.5305,131.061,53,75.6345,151.269,0.7359
SAN_A01b_2016_2018_inventory_plots,3,0.2344,60,54,4,0,2014,-2,53,110.4427,220.8854,53,110.4427,220.8854,53,136.4567,272.9134,0.7229
SAN_A01b_2016_2018_inventory_plots,4,0.2515,64,57,2,0,2014,-2,53,123.9531,247.9062,53,123.9531,247.9062,53,152.9462,305.8924,0.7483
SAN_A01b_2016_2018_inventory_plots,5,0.2039,57,53,3,0,2014,-2,50,82.5129,165.0258,50,82.5129,165.0258,50,95.9222,191.8444,0.7143
SAN_A01b_2016_2018_inventory_plots,6,0.2672,83,76,7,0,2014,-2,72,143.8788,287.7576,72,143.8376,287.6752,72,161.2728,322.5456,0.6505
SAN_A01b_2016_2018_inventory_plots,7,0.2554,43,30,0,13,2014,-2,41,30.111,60.222,41,25.05,50.1,41,25.5443,51.0886,0.5469
SAN_A02_2014_inventory_plots,1,0.2487,18,1,0,17,2014,0,18,41.3636,82.7272,18,82.6413,165.2826,18,82.548,165.096,0.3227
SAN_A02_2014_inventory_plots,2,0.2306,37,11,2,24,2014,0,37,45.7416,91.4832,37,71.3927,142.7854,37,71.2818,142.5636,0.406
SAN_A02_2014_inventory_plots,3,0.2449,25,8,3,14,2014,0,25,41.3271,82.6542,25,44.1454,88.2908,25,44.3407,88.6814,0.4513
SAN_A02_2014_inventory_plots,4,0.2423,22,6,1,15,2014,0,22,40.0649,80.1298,22,41.6755,83.351,22,41.2629,82.5258,0.3607
SAN_A02_2014_inventory_plots,5,0.2452,29,27,2,0,2014,0,29,89.2826,178.5652,29,89.1779,178.3558,29,94.3828,188.7656,0.5824
SAN_A02_2014_inventory_plots,6,0.2328,33,30,3,0,2014,0,33,95.1617,190.3234,33,86.5835,173.167,33,83.7466,167.4932,0.5606
SAN_A02_2014_inventory_plots,7,0.2495,23,21,2,0,2014,0,23,45.5282,91.0564,23,44.2318,88.4636,23,42.2425,84.485,0.5517
SFX_A01_2011_inventory_plots,P01,0.1568,57,1,46,10,2012,1,57,99.3154,198.6308,47,74.7542,149.5084,47,82.6274,165.2548,0.5752
SFX_A01_2011_inventory_plots,P02,0.1568,65,5,58,0,2012,1,65,71.0681,142.1362,65,53.2771,106.5542,65,54.3111,108.6222,0.8842
SFX_A01_2011_inventory_plots,P03,0.1568,67,7,59,1,2012,1,67,49.1772,98.3544,66,36.9769,73.9538,66,37.6919,75.3838,0.6769
SFX_A01_2011_inventory_plots,P04,0.1568,85,6,74,2,2012,1,85,111.888,223.776,83,79.7872,159.5744,83,81.0502,162.1004,0.7215
SFX_A01_2011_inventory_plots,P05,0.1568,52,6,43,3,2012,1,52,53.8144,107.6288,49,34.6744,69.3488,49,34.9748,69.9496,0.6454
SFX_A01_2011_inventory_plots,P06,0.1568,67,3,61,3,2012,1,67,44.9128,89.8256,64,30.32,60.64,64,30.4397,60.8794,0.7372
SFX_A01_2011_inventory_plots,P07,0.1568,82,6,69,0,2012,1,82,145.4145,290.829,82,117.0781,234.1562,82,125.5198,251.0396,0.7436
SFX_A01_2011_inventory_plots,P08,0.1568,60,2,54,4,2012,1,60,31.9754,63.9508,56,19.7251,39.4502,56,20.2593,40.5186,0.6372
SFX_A01_2011_inventory_plots,P09,0.1568,66,6,58,0,2012,1,66,260.3409,520.6818,66,181.8274,363.6548,66,182.31,364.62,0.7559
SFX_A02_2012_inventory_plots,P18,0.1569,47,3,44,0,2012,0,47,76.9476,153.8952,47,57.0885,114.177,47,58.1054,116.2108,0.7832
SFX_A02_2012_inventory_plots,P19,0.1569,70,7,63,0,2012,0,70,73.3954,146.7908,70,57.0477,114.0954,70,59.1068,118.2136,0.8125
SFX_A02_2012_inventory_plots,P20,0.1569,74,5,62,5,2012,0,74,83.9825,167.965,69,59.1497,118.2994,69,59.7028,119.4056,0.7428
SFX_A02_2012_inventory_plots,P21,0.1569,63,11,43,9,2012,0,63,38.4995,76.999,54,23.3161,46.6322,54,24.2385,48.477,0.6481
SFX_A02_2012_inventory_plots,P22,0.1569,83,2,80,1,2012,0,83,84.9327,169.8654,82,59.6175,119.235,82,59.9798,119.9596,0.821
SFX_A02_2012_inventory_plots,P23,0.1569,70,4,62,4,2012,0,70,119.8193,239.6386,66,83.3549,166.7098,66,84.1863,168.3726,0.7633
SFX_A02_2012_inventory_plots,P24,0.1569,76,2,69,4,2012,0,76,52.8497,105.6994,72,34.4706,68.9412,72,34.6255,69.251,0.7736
SFX_A02_2012_inventory_plots,P25,0.1569,68,6,59,3,2012,0,68,53.8292,107.6584,65,37.3949,74.7898,65,39.2536,78.5072,0.7268
SFX_A02_2012_inventory_plots,P26,0.1569,59,3,53,3,2012,0,59,47.1707,94.3414,56,32.6491,65.2982,56,33.1774,66.3548,0.7547
SFX_A02_2012_inventory_plots,P27,0.1569,52,3,44,5,2012,0,52,39.1544,78.3088,47,23.1368,46.2736,47,23.3525,46.705,0.6324
SFX_A02_2012_inventory_plots,P28,0.1569,73,3,68,2,2012,0,73,41.1103,82.2206,71,27.2461,54.4922,71,27.353,54.706,0.651
SFX_A02_2012_inventory_plots,P29,0.1569,76,7,67,1,2012,0,76,96.3948,192.7896,75,70.4726,140.9452,75,71.6667,143.3334,0.7292
SFX_A02_2012_inventory_plots,P30,0.1569,88,4,79,3,2012,0,88,97.4932,194.9864,85,70.7716,141.5432,85,71.9071,143.8142,0.7479
SFX_A02_2012_inventory_plots,P31,0.1569,37,1,34,2,2012,0,37,14.6322,29.2644,35,9.6831,19.3662,35,9.7395,19.479,0.5338
SFX_A02_2012_inventory_plots,P32,0.1569,71,2,65,3,2012,0,71,125.009,250.018,68,84.5905,169.181,68,84.6964,169.3928,0.7136
SFX_A02_2012_inventory_plots,P33,0.1569,80,6,70,4,2012,0,80,103.6487,207.2974,76,73.9331,147.8662,76,76.2744,152.5488,0.7319
SFX_A02_2012_inventory_plots,P34,0.1569,91,3,80,7,2012,0,91,87.8475,175.695,84,57.4746,114.9492,84,58.0793,116.1586,0.6737
SFX_A02_2012_inventory_plots,P35,0.1569,80,5,69,5,2012,0,80,71.0857,142.1714,75,47.4752,94.9504,75,48.2287,96.4574,0.6596
SFX_A02_2012_inventory_plots,P36,0.1569,83,3,75,4,2012,0,83,76.3482,152.6964,79,53.8909,107.7818,79,54.1233,108.2466,0.6646
SFX_A02_2012_inventory_plots,P37,0.1569,76,1,69,5,2012,0,76,43.531,87.062,71,28.754,57.508,71,28.8715,57.743,0.7413
SFX_A02_2012_inventory_plots,P38,0.1569,54,3,45,6,2012,0,54,38.8536,77.7072,48,22.3323,44.6646,48,23.0096,46.0192,0.6464
SFX_A02_2012_inventory_plots,P39,0.1569,106,5,98,1,2012,0,106,113.7547,227.5094,105,84.045,168.09,105,85.2921,170.5842,0.722
TAC_A01_2014_inventory_plots,P01,0.0929,185,95,0,90,2013,-1,185,53.915,107.83,185,124.2139,248.4278,185,123.2214,246.4428,0.4606
TAC_A01_2014_inventory_plots,P03,0.086,81,80,1,0,2013,-1,81,40.036,80.072,81,39.9292,79.8584,81,43.0626,86.1252,0.602
TAC_A01_2014_inventory_plots,P05,0.106,82,78,0,4,2013,-1,82,52.217,104.434,82,51.3277,102.6554,82,41.1256,82.2512,0.5027
TAC_A01_2014_inventory_plots,P07,0.0931,63,62,1,0,2013,-1,63,72.2396,144.4792,63,72.2337,144.4674,63,65.1255,130.251,0.5376
TAC_A01_2014_inventory_plots,P08,0.0978,156,89,6,61,2013,-1,156,61.5502,123.1004,156,55.3002,110.6004,156,56.6459,113.2918,0.4775
TAC_A01_2014_inventory_plots,P09,0.0921,30,30,0,0,2013,-1,30,82.6289,165.2578,30,82.6289,165.2578,30,82.823,165.646,0.6014
TAC_A01_2014_inventory_plots,P10,0.0774,116,113,3,0,2013,-1,116,141.2727,282.5454,116,140.9572,281.9144,116,141.2861,282.5722,0.5999
TAC_A01_2014_inventory_plots,P11,0.0896,11,0,0,11,2013,-1,11,166.3053,332.6106,11,567.5989,1135.1978,11,567.5989,1135.1978,0.544
TAC_A01_2014_inventory_plots,P12,0.0884,56,55,1,0,2013,-1,56,7.5925,15.185,56,7.591,15.182,56,6.6914,13.3828,0.5412
TAC_A01_2014_inventory_plots,P13,0.0843,112,46,1,65,2013,-1,112,21.871,43.742,112,20.4325,40.865,112,23.7839,47.5678,0.5104
TAC_A01_2014_inventory_plots,P14,0.0933,158,103,0,55,2013,-1,158,51.2547,102.5094,158,51.0258,102.0516,158,69.2389,138.4778,0.6808
TAC_A01_2014_inventory_plots,P15,0.0886,41,41,0,0,2013,-1,41,13.3727,26.7454,41,13.3727,26.7454,41,11.8415,23.683,0.5297
TAC_A01_2014_inventory_plots,P16,0.0852,47,47,0,0,2013,-1,47,6.1321,12.2642,47,6.1321,12.2642,47,5.416,10.832,0.5337
TAC_A01_2015_inventory_plots,1,0.2523,121,115,2,4,2013,-2,121,54.6425,109.285,121,54.1727,108.3454,121,49.634,99.268,0.552
TAC_A01_2015_inventory_plots,2,0.248,140,76,1,63,2013,-2,140,39.7011,79.4022,140,36.867,73.734,140,32.901,65.802,0.4708
TAC_A01_2015_inventory_plots,3,0.2417,106,80,4,21,2013,-2,106,38.7167,77.4334,106,35.8537,71.7074,106,34.1316,68.2632,0.5621
TAC_A01_2015_inventory_plots,4,0.2285,138,131,0,7,2013,-2,138,88.4909,176.9818,138,88.3766,176.7532,138,87.9948,175.9896,0.6276
TAC_A01_2015_inventory_plots,5,0.2412,176,174,2,0,2013,-2,176,120.2952,240.5904,176,119.3544,238.7088,176,91.8023,183.6046,0.5533
TAC_A01_2015_inventory_plots,6,0.2557,151,144,3,2,2013,-2,151,96.7062,193.4124,151,92.8754,185.7508,151,102.0462,204.0924,0.668
TAC_A01_2015_inventory_plots,7,0.258,169,164,3,2,2013,-2,169,105.1497,210.2994,169,104.4787,208.9574,169,106.4636,212.9272,0.5966
TAC_A01_2015_inventory_plots,8,0.2618,114,102,1,11,2013,-2,113,52.4102,104.8204,113,51.3048,102.6096,113,48.1256,96.2512,0.5257
TAC_A01_2015_inventory_plots,9,0.241,169,165,2,2,2013,-2,169,75.3997,150.7994,169,73.7637,147.5274,169,68.2162,136.4324,0.5489
TAC_A01_2015_inventory_plots,10,0.2696,184,178,5,0,2013,-2,184,140.728,281.456,184,136.4439,272.8878,184,147.8054,295.6108,0.6442
TAC_A01_2015_inventory_plots,11,0.2289,111,109,2,0,2013,-2,111,58.9021,117.8042,111,58.5127,117.0254,111,53.9301,107.8602,0.5738
TAC_A01_2015_inventory_plots,12,0.2357,147,128,3,14,2013,-2,147,89.7347,179.4694,147,84.5367,169.0734,147,83.9393,167.8786,0.5986
TAC_A01_2015_inventory_plots,13,0.25,170,167,2,0,2013,-2,170,142.5442,285.0884,170,140.6213,281.2426,170,148.5165,297.033,0.6333
TAN_A01_2012_inventory_plots,T01_1,1.0063,54,15,39,0,2012,0,54,20.8041,41.6082,54,15.7866,31.5732,54,16.0286,32.0572,0.6302
TAN_A01_2012_inventory_plots,T01_2,0.1028,25,0,25,0,2012,0,25,29.5107,59.0214,25,21.1613,42.3226,25,21.1613,42.3226,0.6304
TAN_A01_2012_inventory_plots,T02_1,0.9716,66,10,56,0,2012,0,66,18.1756,36.3512,66,13.6876,27.3752,66,13.8121,27.6242,0.6667
TAN_A01_2012_inventory_plots,T02_2,0.0991,33,4,29,0,2012,0,33,21.6333,43.2666,33,16.9588,33.9176,33,17.2797,34.5594,0.6458
TAN_A01_2012_inventory_plots,T03_1,0.9701,50,8,42,0,2012,0,50,12.9905,25.981,50,9.8568,19.7136,50,10.0028,20.0056,0.6195
TAN_A01_2012_inventory_plots,T03_2,0.0989,29,3,26,0,2012,0,29,47.4656,94.9312,29,34.835,69.67,29,34.9356,69.8712,0.6138
TAN_A01_2012_inventory_plots,T04_1,0.9768,70,10,60,0,2012,0,70,29.8445,59.689,70,22.0294,44.0588,70,22.1973,44.3946,0.6834
TAN_A01_2012_inventory_plots,T04_2,0.0998,37,9,28,0,2012,0,37,73.3339,146.6678,37,55.2384,110.4768,37,56.2065,112.413,0.7031
TAP_A01_2015_2018_inventory_plots,1,0.2482,105,102,3,0,2012,-3,92,182.6651,365.3302,92,182.6651,365.3302,92,228.8661,457.7322,0.6985
TAP_A01_2015_2018_inventory_plots,2,0.2392,135,122,10,1,2012,-3,113,208.693,417.386,113,201.7487,403.4974,113,215.3925,430.785,0.7083
TAP_A01_2015_2018_inventory_plots,3,0.2589,140,132,6,1,2012,-3,127,96.5665,193.133,127,89.9132,179.8264,127,100.3162,200.6324,0.6728
TAP_A01_2015_2018_inventory_plots,4,0.2551,117,110,7,0,2012,-3,28,219.2953,438.5906,28,218.9311,437.8622,28,217.3196,434.6392,0.6702
TAP_A01_2015_2018_inventory_plots,5,0.2358,130,125,5,0,2012,-3,116,200.6148,401.2296,116,199.65,399.3,116,224.2369,448.4738,0.6947
TAP_A01_2015_2018_inventory_plots,6,0.2404,132,121,11,0,2012,-3,120,125.7038,251.4076,120,123.8523,247.7046,120,126.0656,252.1312,0.6437
TAP_A01_2015_2018_inventory_plots,7,0.2272,144,131,12,0,2012,-3,120,136.1738,272.3476,120,132.335,264.67,120,138.3204,276.6408,0.6738
TAP_A01_2015_2018_inventory_plots,8,0.2593,132,126,6,0,2012,-3,115,63.1002,126.2004,115,63.1002,126.2004,115,64.5071,129.0142,0.641
TAP_A01_2015_2018_inventory_plots,9,0.2284,132,124,8,0,2012,-3,115,139.3824,278.7648,115,137.1952,274.3904,115,130.4619,260.9238,0.6293
TAP_A03_2015_2018_inventory_plots,1,0.2606,123,113,10,0,2016,1,70,65.4037,130.8074,70,65.0458,130.0916,70,62.9839,125.9678,0.5985
TAP_A03_2015_2018_inventory_plots,2,0.2414,107,102,4,1,2016,1,86,74.1205,148.241,86,72.9756,145.9512,86,86.26,172.52,0.6533
TAP_A03_2015_2018_inventory_plots,3,0.2431,128,77,44,7,2016,1,124,38.6485,77.297,124,41.0437,82.0874,124,37.9603,75.9206,0.5453
TAP_A03_2015_2018_inventory_plots,4,0.248,143,92,51,0,2016,1,141,50.8634,101.7268,141,47.1111,94.2222,141,43.2088,86.4176,0.5466
TAP_A03_2015_2018_inventory_plots,5,0.2518,137,107,28,2,2016,1,134,95.1988,190.3976,134,93.9576,187.9152,134,94.0905,188.181,0.5792
TAP_A03_2015_2018_inventory_plots,6,0.2429,93,60,20,13,2016,1,89,38.9829,77.9658,89,49.9163,99.8326,89,46.9471,93.8942,0.4952
TAP_A03_2015_2018_inventory_plots,7,0.2548,160,146,8,6,2016,1,139,82.2675,164.535,139,82.8636,165.7272,139,81.04,162.08,0.5735
TAP_A03_2015_2018_inventory_plots,8,0.2399,188,154,31,0,2016,1,142,129.8046,259.6092,142,126.6279,253.2558,142,121.4389,242.8778,0.523
TAP_A03_2015_2018_inventory_plots,9,0.2514,128,89,38,1,2016,1,121,96.6806,193.3612,121,93.9446,187.8892,121,82.1564,164.3128,0.5488
TAP_A03_2015_2018_inventory_plots,10,0.2379,143,129,14,0,2016,1,123,121.8439,243.6878,123,121.7796,243.5592,123,120.3255,240.651,0.5955
