site,tree_id,scientific_name,family_name,utm_easting,utm_northing,type,dbh_2010,dead_2010,hcom_2009,htot_2010,date_2010,dbh_2011,dead_2011,hcom_2011,htot_2011,date_2011,plot_id,htot_feldpausch,htot_estimated,htot_estimation_method,dbh_incr_cm_yr,dbh_incr_source,gap_anos,dbh_lidar,htot_estimated_gap,dbh_used,dead_used,type_used,htot_used,htot_source,dbh_used_gap,htot_used_gap,rho_w_m3,iagc_m1_kgC,iagc_m2_kgC,iagc_m3_kgC,iagc_m1_kgC_gap,iagc_m2_kgC_gap,iagc_m3_kgC_gap,quadra_id
TAP_A01,3001,,,727141.67,9664499.01,O,40.3,A,22.34,31.36,20100116-20100213,42.5,A,24.34,32.59,20110704-20110711,493.008928009,26.93,31.36,measured,2.2,observed,-2.0,38.1,29.57,40.3,True,O,31.36,measured,35.9,29.418260865943104,0.5819,802.5631,547.9049,547.9049,601.6934,412.6455,412.6455,
TAP_A01,3002,,,727144.53,9664495.54,O,6.1,A,3.15,7.66,20100116-20100213,6.3,A,,6.81,20110704-20110711,493.008928009,7.54,7.66,measured,0.2,observed,-2.0,5.9,7.29,6.1,True,O,7.66,measured,5.699999999999999,7.27607931637118,0.5819,5.0866,3.9629,3.9629,4.2378,3.3177,3.3177,
TAP_A01,3003,,,727144.92,9664496.03,O,21.6,A,14.89,19.04,20100116-20100213,21.7,A,14.75,20.65,20110704-20110711,493.008928009,18.1,19.04,measured,0.1,observed,-2.0,21.5,18.92,21.6,True,O,19.04,measured,21.400000000000002,18.926068514263903,0.5819,145.9719,104.6489,104.6489,142.508,102.2168,102.2168,
TAP_A01,3004,,,727149.66,9664495.34,O,9.9,A,9.77,13.36,20100116-20100213,10.5,A,6.57,12.33,20110704-20110711,493.008928009,11.0,13.36,measured,0.6,observed,-2.0,9.3,12.24,9.9,True,O,13.36,measured,8.700000000000001,12.157347720539583,0.5819,22.5283,16.4528,16.4528,15.9663,11.7624,11.7624,
TAP_A01,3005,,,727152.81,9664495.31,O,5.3,A,4.89,8.21,20100116-20100213,6.3,A,2.45,10.64,20110704-20110711,493.008928009,7.54,8.21,measured,1.0,observed,-2.0,4.3,6.14,5.3,True,O,8.21,measured,3.3,5.691095620814357,0.5819,4.1366,3.1662,3.1662,1.1473,0.9096,0.9096,
TAP_A01,3006,,,727153.11,9664496.21,O,49.4,A,26.01,42.61,20100116-20100213,48.2,A,22.94,31.92,20110704-20110711,493.008928009,28.75,42.61,measured,0.0,observed,-2.0,48.2,42.61,49.4,True,O,42.61,measured,49.4,42.61,0.5819,1610.7159,1057.9224,1057.9224,1610.7159,1057.9224,1057.9224,
TAP_A01,3007,,,727159.42,9664495.61,O,16.9,A,15.27,18.23,20100116-20100213,18.2,A,14.31,20.18,20110704-20110711,493.008928009,16.13,18.23,measured,1.3,observed,-2.0,15.6,16.43,16.9,True,O,18.23,measured,14.299999999999999,16.26150372554463,0.5819,86.6609,61.8239,61.8239,55.9461,40.3145,40.3145,
TAP_A01,3008,,,727168.09,9664495.33,O,5.5,A,3.13,7.4,20100116-20100213,5.8,A,0.29,7.6,20110704-20110711,493.008928009,7.09,7.4,measured,0.3,observed,-2.0,5.2,6.81,5.5,True,O,7.4,measured,4.9,6.774602136176755,0.5819,4.0181,3.132,3.132,2.9422,2.3127,2.3127,
TAP_A01,3009,,,727173.71,9664495.33,O,29.0,A,16.3,22.24,20100116-20100213,29.2,A,15.69,25.32,20110704-20110711,493.008928009,21.77,22.24,measured,0.2,observed,-2.0,28.8,22.06,29.0,True,O,22.24,measured,28.6,22.054816459065446,0.5819,301.9014,214.1962,214.1962,291.4383,206.908,206.908,
TAP_A01,3010,Carapa guianensis,Meliaceae,727186.53,9664496.32,O,30.5,A,15.66,22.3,20100116-20100213,31.7,A,18.56,24.88,20110704-20110711,493.008928009,22.86,22.3,measured,1.2,observed,-2.0,29.3,21.29,30.5,True,O,22.3,measured,28.1,21.231126969583297,0.53,334.01,237.4502,237.4502,271.3071,193.6137,193.6137,
TAP_A01,3011,,,727187.12,9664495.19,O,9.6,A,4.75,11.71,20100116-20100213,10.2,A,5.79,10.84,20110704-20110711,493.008928009,10.78,11.71,measured,0.6,observed,-2.0,9.0,10.69,9.6,True,O,11.71,measured,8.4,10.618954096409563,0.5819,18.6537,13.8893,13.8893,13.065,9.8164,9.8164,
TAP_A01,3012,,,727198.76,9664495.51,O,21.0,A,14.31,20.4,20100116-20100213,19.9,D,1.96,12.54,20110704-20110711,493.008928009,17.11,20.4,measured,0.0,observed,-2.0,19.9,20.4,21.0,True,O,20.4,measured,21.0,20.4,0.5819,147.7855,104.6587,104.6587,147.7855,104.6587,104.6587,
TAP_A01,3013,,,727220.45,9664495.42,O,9.2,A,4.44,12.23,20100116-20100213,9.5,A,4.48,11.33,20110704-20110711,493.008928009,10.23,12.23,measured,0.3,observed,-2.0,8.9,11.67,9.2,True,O,12.23,measured,8.6,11.64000814278668,0.5819,17.9103,13.2175,13.2175,14.9614,11.0919,11.0919,
TAP_A01,3014,,,727224.29,9664495.04,O,5.0,A,1.77,4.93,20100116-20100213,5.3,A,2.02,4.63,20110704-20110711,493.008928009,6.62,4.93,measured,0.3,observed,-2.0,4.7,4.5,5.0,True,O,4.93,measured,4.4,4.468434161374666,0.5819,2.2442,1.8567,1.8567,1.5887,1.3268,1.3268,
TAP_A01,3015,,,727227.45,9664495.21,O,6.5,A,4.53,6.36,20100116-20100213,6.8,A,3.18,7.0,20110704-20110711,493.008928009,7.99,6.36,measured,0.3,observed,-2.0,6.2,5.93,6.5,True,O,6.36,measured,5.9,5.91122148748062,0.5819,4.8022,3.8647,3.8647,3.701,2.9991,2.9991,
TAP_A01,3016,,,727234.45,9664494.9,O,8.0,A,4.71,10.69,20100116-20100213,8.4,A,4.88,7.7,20110704-20110711,493.008928009,9.35,10.69,measured,0.4,observed,-2.0,7.6,9.92,8.0,True,O,10.69,measured,7.2,9.884317697035124,0.5819,11.9557,8.9525,8.9525,9.0166,6.8013,6.8013,
TAP_A01,3017,Bertholletia excelsa,Lecythidaceae,727235.73,9664500.79,O,98.5,A,35.34,47.32,20100116-20100213,101.4,A,28.98,49.43,20110704-20110711,493.008928009,39.14,47.32,measured,2.9,observed,-2.0,95.6,46.41,98.5,True,O,47.32,measured,92.7,46.37164675426162,0.638,6862.6504,4582.6693,4582.6693,5976.7183,3992.2111,3992.2111,
TAP_A01,3018,,,727237.9,9664495.07,L,7.1,A,,,20100116-20100213,7.5,A,,,20110704-20110711,493.008928009,8.6,8.59,local_fit,0.4,observed,-2.0,6.7,7.89,7.1,True,L,8.6,feldpausch,6.3,7.861276026241126,0.5819,7.6593,5.902,5.902,5.5562,4.3177,4.3177,
TAP_A01,3019,,,727238.79,9664495.46,O,13.0,A,9.23,15.3,20100116-20100213,13.7,A,8.76,11.64,20110704-20110711,493.008928009,13.29,15.3,measured,0.7,observed,-2.0,12.3,14.18,13.0,True,O,15.3,measured,11.6,14.115378238968178,0.5819,43.766,31.6974,31.6974,32.3879,23.6278,23.6278,
TAP_A01,3020,,,727240.96,9664494.64,O,5.1,A,,1.31,20100116-20100213,5.1,A,,1.31,20110704-20110711,493.008928009,6.43,1.31,measured,0.0,observed,-2.0,5.1,1.31,5.1,True,O,1.31,measured,5.1,1.31,0.5819,0.6399,0.6533,0.6533,0.6399,0.6533,0.6533,
TAP_A01,3021,,,727245.0,9664494.76,O,5.4,A,3.17,9.46,20100116-20100213,5.7,A,3.04,7.62,20110704-20110711,493.008928009,6.99,9.46,measured,0.3,observed,-2.0,5.1,8.7,5.4,True,O,9.46,measured,4.800000000000001,8.644567500316235,0.5819,4.9268,3.6908,3.6908,3.5851,2.7089,2.7089,
TAP_A01,3022,,,727246.38,9664494.99,O,9.9,A,7.5,12.21,20100116-20100213,11.1,A,8.22,12.91,20110704-20110711,493.008928009,11.45,12.21,measured,1.2,observed,-2.0,8.7,10.24,9.9,True,O,12.21,measured,7.5,9.955638558428236,0.5819,20.6336,15.2849,15.2849,9.8332,7.4234,7.4234,
TAP_A01,3023,,,727271.72,9664494.67,O,5.6,D,,4.1,20100116-20100213,5.6,D,,4.1,20110704-20110711,493.008928009,6.9,4.1,measured,0.0,observed,-2.0,5.6,4.1,5.6,False,O,4.1,measured,5.6,4.1,0.5819,2.3388,2.3388,2.2698,2.3388,2.3388,2.2698,
TAP_A01,3024,,,727287.99,9664494.18,O,14.2,A,8.09,15.6,20100116-20100213,15.0,A,10.67,15.4,20110704-20110711,493.008928009,14.15,15.6,measured,0.8,observed,-2.0,13.4,14.42,14.2,True,O,15.6,measured,12.6,14.348896335767858,0.5819,52.9928,38.4248,38.4248,38.6758,28.2539,28.2539,
TAP_A01,3025,,,727289.76,9664496.01,O,20.5,A,13.03,17.4,20100116-20100213,21.1,A,10.08,14.26,20110704-20110711,493.008928009,17.78,17.4,measured,0.6,observed,-2.0,19.9,16.74,20.5,True,O,17.4,measured,19.3,16.725617633729502,0.5819,120.7203,87.5662,87.5662,103.2499,75.1451,75.1451,
TAP_A01,3026,,,727293.02,9664494.04,O,8.6,A,9.37,12.4,20100116-20100213,8.7,A,5.33,13.47,20110704-20110711,493.008928009,9.6,12.4,measured,0.1,observed,-2.0,8.5,12.18,8.6,True,O,12.4,measured,8.4,12.187009311570415,0.5819,15.9141,11.6809,11.6809,14.9448,10.9871,10.9871,
TAP_A01,3027,,,727298.34,9664493.99,O,8.9,A,5.49,9.21,20100116-20100213,9.6,A,5.48,7.9,20110704-20110711,493.008928009,10.31,9.21,measured,0.7,observed,-2.0,8.2,8.21,8.9,True,O,9.21,measured,7.5,8.115895843375005,0.5819,12.7288,9.8085,9.8085,8.0555,6.2809,6.2809,
TAP_A01,3028,,,727301.99,9664494.16,O,17.1,D,,2.0,20100116-20100213,17.1,D,,2.0,20110704-20110711,493.008928009,15.47,2.0,measured,0.0,observed,-2.0,17.1,2.0,17.1,False,O,2.0,measured,17.1,2.0,0.5819,10.2583,10.2583,9.9553,10.2583,10.2583,9.9553,
TAP_A01,3029,Astrocaryum gynacanthum,Arecaceae,727303.67,9664494.39,P,5.7,A,1.62,5.31,20100116-20100213,5.0,A,2.37,5.7,20110704-20110711,493.008928009,6.33,5.31,measured,0.0,observed,-2.0,5.0,5.31,5.7,True,P,5.31,measured,5.7,5.31,0.508,3.1162,,,3.1162,,,
TAP_A01,3030,Inga marginata,Fabaceae,727312.64,9664497.26,O,34.5,D,,7.5,20100116-20100213,34.5,D,,4.31,20110704-20110711,493.008928009,24.01,7.5,measured,0.0,observed,-2.0,34.5,7.5,34.5,False,O,7.5,measured,34.5,7.5,0.5518,146.6707,146.6707,135.1595,146.6707,146.6707,135.1595,
TAP_A01,3031,,,727322.6,9664494.73,O,13.9,A,7.2,13.11,20100116-20100213,14.3,A,8.18,12.27,20110704-20110711,493.008928009,13.69,13.11,measured,0.4,observed,-2.0,13.5,12.59,13.9,True,O,13.11,measured,13.1,12.578278945367794,0.5819,42.8949,31.9366,31.9366,36.6948,27.4216,27.4216,
TAP_A01,3032,,,727332.46,9664494.14,O,9.0,A,6.04,11.14,20100116-20100213,9.1,A,5.19,8.53,20110704-20110711,493.008928009,9.92,11.14,measured,0.1,observed,-2.0,8.9,10.96,9.0,True,O,11.14,measured,8.8,10.957970796162602,0.5819,15.664,11.7192,11.7192,14.7526,11.0541,11.0541,
TAP_A01,3033,Theobroma glaucum,Malvaceae,727337.68,9664494.29,O,10.3,A,9.1,12.28,20100116-20100213,10.3,A,10.67,12.62,20110704-20110711,493.008928009,10.85,12.28,measured,0.0,observed,-2.0,10.3,12.28,10.3,True,O,12.28,measured,10.3,12.28,0.5297,22.417,16.6226,16.6226,22.417,16.6226,16.6226,
TAP_A01,3034,,,727337.88,9664494.29,O,10.1,A,9.0,11.14,20100116-20100213,10.2,A,9.54,11.93,20110704-20110711,493.008928009,10.78,11.14,measured,0.1,observed,-2.0,10.0,10.97,10.1,True,O,11.14,measured,9.9,10.979745585005112,0.5819,19.6181,14.7589,14.7589,18.602,14.0131,14.0131,
TAP_A01,3035,,,727356.22,9664494.03,O,8.5,A,7.12,12.7,20100116-20100213,11.8,A,0.82,1.51,20110704-20110711,493.008928009,11.96,12.7,measured,3.3,observed,-2.0,5.2,6.92,8.5,True,O,12.7,measured,1.9000000000000004,3.992189034768883,0.5819,15.922,11.6361,11.6361,0.2763,0.2256,0.2256,
TAP_A01,3036,,,727366.97,9664494.09,O,8.7,A,6.05,11.94,20100116-20100213,9.1,A,3.29,10.91,20110704-20110711,493.008928009,9.92,11.94,measured,0.4,observed,-2.0,8.3,11.16,8.7,True,O,11.94,measured,7.8999999999999995,11.119581307014473,0.5819,15.6877,11.5901,11.5901,12.123,9.016,9.016,
TAP_A01,3037,,,727379.98,9664493.52,O,7.1,A,1.77,8.81,20100116-20100213,7.3,A,2.05,8.48,20110704-20110711,493.008928009,8.43,8.81,measured,0.2,observed,-2.0,6.9,8.44,7.1,True,O,8.81,measured,6.699999999999999,8.435288458955402,0.5819,7.8418,6.0196,6.0196,6.7117,5.1732,5.1732,
TAP_A01,3038,,,727380.47,9664494.92,O,20.8,A,18.7,26.53,20100116-20100213,21.1,A,16.25,22.92,20110704-20110711,493.008928009,17.78,26.53,measured,0.3,observed,-2.0,20.5,26.04,20.8,True,O,26.53,measured,20.2,26.028896927089107,0.5819,187.451,127.2926,127.2926,173.7766,118.1966,118.1966,
TAP_A01,3039,Virola sebifera,Myristicaceae,727384.81,9664493.78,O,19.6,A,14.0,16.75,20100116-20100213,19.7,A,15.49,21.04,20110704-20110711,493.008928009,17.0,16.75,measured,0.1,observed,-2.0,19.5,16.63,19.6,True,O,16.75,measured,19.400000000000002,16.637366348164253,0.4454,106.5572,77.5918,77.5918,103.7596,75.598,75.598,
TAP_A01,3040,,,727391.32,9664494.17,O,15.5,A,13.05,19.45,20100116-20100213,15.9,A,7.81,17.19,20110704-20110711,493.008928009,14.73,19.45,measured,0.4,observed,-2.0,15.1,18.76,15.5,True,O,19.45,measured,14.7,18.754428718002455,0.5819,77.9783,54.8352,54.8352,67.8599,47.8733,47.8733,
TAP_A01,3041,,,727385.11,9664499.58,O,111.2,D,,32.93,20100116-20100213,111.2,D,,30.42,20110704-20110711,493.008928009,40.25,32.93,measured,0.0,observed,-2.0,111.2,32.93,111.2,False,O,32.93,measured,111.2,32.93,0.5819,6104.172,6104.172,5923.89,6104.172,6104.172,5923.89,
TAP_A01,3042,,,727394.48,9664493.45,O,16.9,A,20.01,23.68,20100116-20100213,17.0,A,14.3,19.34,20110704-20110711,493.008928009,15.41,23.68,measured,0.1,observed,-2.0,16.8,23.5,16.9,True,O,23.68,measured,16.7,23.4903123999491,0.5819,111.8644,76.5733,76.5733,108.4403,74.2813,74.2813,
TAP_A01,3043,,,727399.9,9664496.65,O,36.3,A,27.97,33.78,20100116-20100213,38.1,A,24.81,35.34,20110704-20110711,493.008928009,25.39,33.78,measured,1.8,observed,-2.0,34.5,31.94,36.3,True,O,33.78,measured,32.699999999999996,31.82347417605963,0.5819,703.6719,472.407,472.407,541.4266,365.0922,365.0922,
TAP_A01,3044,,,727400.1,9664493.35,O,6.7,A,5.12,10.27,20100116-20100213,6.8,A,10.57,19.22,20110704-20110711,493.008928009,7.99,10.27,measured,0.1,observed,-2.0,6.6,10.04,6.7,True,O,10.27,measured,6.5,10.038574795572318,0.5819,8.133,6.0768,6.0768,7.4972,5.6138,5.6138,
TAP_A01,3045,,,727401.67,9664494.13,O,15.2,A,12.88,18.02,20100116-20100213,15.7,A,9.69,18.12,20110704-20110711,493.008928009,14.6,18.02,measured,0.5,observed,-2.0,14.7,17.22,15.2,True,O,18.02,measured,14.2,17.193379132498126,0.5819,69.6684,49.5398,49.5398,58.2693,41.6065,41.6065,
TAP_A01,3046,Inga marginata,Fabaceae,727411.24,9664493.25,O,48.9,A,25.48,32.65,20100116-20100213,48.8,D,2.68,22.12,20110704-20110711,493.008928009,28.93,32.65,measured,0.0,observed,-2.0,48.8,32.65,48.9,True,O,32.65,measured,48.9,32.65,0.5518,1217.7035,833.7457,833.7457,1217.7035,833.7457,833.7457,
TAP_A01,3047,Jacaranda copaia,Bignoniaceae,727415.97,9664495.31,O,49.5,A,25.23,34.8,20100116-20100213,50.4,A,27.12,35.93,20110704-20110711,493.008928009,29.4,34.8,measured,0.9,observed,-2.0,48.6,34.17,49.5,True,O,34.8,measured,47.7,34.15788059380044,0.3507,1327.1236,900.0812,900.0812,1212.3156,823.1743,823.1743,
TAP_A01,3048,,,727418.14,9664493.94,O,33.1,A,19.59,29.69,20100116-20100213,33.7,A,19.66,29.97,20110704-20110711,493.008928009,23.69,29.69,measured,0.6,observed,-2.0,32.5,29.08,33.1,True,O,29.69,measured,31.900000000000002,29.059038413736975,0.5819,518.1225,353.4358,353.4358,472.0876,322.5558,322.5558,
TAP_A01,3049,,,727420.21,9664493.12,O,9.2,A,5.12,10.86,20100116-20100213,9.3,A,7.11,9.87,20110704-20110711,493.008928009,10.08,10.86,measured,0.1,observed,-2.0,9.1,10.69,9.2,True,O,10.86,measured,9.0,10.686788377656184,0.5819,15.9494,11.9934,11.9934,15.0417,11.3277,11.3277,
TAP_A01,3050,,,727420.8,9664493.49,O,22.7,A,18.69,23.81,20100116-20100213,23.4,A,14.35,23.36,20110704-20110711,493.008928009,18.99,23.81,measured,0.7,observed,-2.0,22.0,22.89,22.7,True,O,23.81,measured,21.3,22.856343434892,0.5819,200.0508,138.7715,138.7715,169.765,118.1643,118.1643,
TAP_A01,3051,,,727434.11,9664492.85,O,11.1,A,5.39,14.51,20100116-20100213,11.6,A,7.4,12.98,20110704-20110711,493.008928009,11.82,14.51,measured,0.5,observed,-2.0,10.6,13.6,11.1,True,O,14.51,measured,10.1,13.556549655577243,0.5819,30.5294,22.1284,22.1284,23.7615,17.3301,17.3301,
TAP_A01,3052,,,727446.63,9664493.19,L,5.5,A,,,20100116-20100213,5.7,A,,,20110704-20110711,493.008928009,6.99,7.33,local_fit,0.2,observed,-2.0,5.3,6.94,5.5,True,L,6.99,feldpausch,5.1,6.59843268202314,0.5819,3.8007,2.9893,2.9893,3.1004,2.4519,2.4519,
TAP_A01,3053,,,727447.42,9664493.73,O,16.7,A,5.89,10.46,20100116-20100213,16.7,A,8.32,12.32,20110704-20110711,493.008928009,15.22,10.46,measured,0.0,observed,-2.0,16.7,10.46,16.7,True,O,10.46,measured,16.7,10.46,0.5819,49.2341,38.3239,38.3239,49.2341,38.3239,38.3239,
TAP_A01,3054,,,727455.61,9664493.86,O,13.0,A,7.57,12.83,20100116-20100213,13.6,A,9.24,14.46,20110704-20110711,493.008928009,13.22,12.83,measured,0.6,observed,-2.0,12.4,12.02,13.0,True,O,12.83,measured,11.8,11.98148192516599,0.5819,36.8559,27.4458,27.4458,28.5365,21.3818,21.3818,
TAP_A01,3055,,,727457.18,9664493.35,O,13.7,A,7.98,10.43,20100116-20100213,13.9,A,7.64,11.86,20110704-20110711,493.008928009,13.42,10.43,measured,0.2,observed,-2.0,13.5,10.22,13.7,True,O,10.43,measured,13.299999999999999,10.216352231196186,0.5819,33.3568,25.731,25.731,30.8526,23.8433,23.8433,
TAP_A01,3056,,,727458.17,9664493.24,O,13.8,A,6.93,9.73,20100116-20100213,14.2,A,7.48,12.05,20110704-20110711,493.008928009,13.62,9.73,measured,0.4,observed,-2.0,13.4,9.34,13.8,True,O,9.73,measured,13.0,9.332081373070485,0.5819,31.6157,24.6657,24.6657,27.0133,21.1538,21.1538,
TAP_A01,3057,,,727458.86,9664492.83,O,9.6,A,6.23,8.7,20100116-20100213,10.4,A,6.06,8.68,20110704-20110711,493.008928009,10.93,8.7,measured,0.8,observed,-2.0,8.8,7.71,9.6,True,O,8.7,measured,8.0,7.6101004789798,0.5819,13.9581,10.8925,10.8925,8.5808,6.7798,6.7798,
TAP_A01,3058,,,727461.42,9664492.91,O,6.4,A,1.75,4.26,20100116-20100213,6.5,A,1.69,4.56,20110704-20110711,493.008928009,7.72,4.26,measured,0.1,observed,-2.0,6.3,4.16,6.4,True,O,4.26,measured,6.2,4.159146600632214,0.5819,3.1509,2.6995,2.6995,2.8931,2.4842,2.4842,
TAP_A01,3059,,,727463.1,9664492.69,O,5.8,A,6.09,9.3,20100116-20100213,6.2,A,5.46,8.58,20110704-20110711,493.008928009,7.45,9.3,measured,0.4,observed,-2.0,5.4,8.38,5.8,True,O,9.3,measured,5.0,8.304695253600457,0.5819,5.5707,4.1989,4.1989,3.7334,2.8445,2.8445,
TAP_A01,3060,,,727476.61,9664495.88,O,115.8,A,31.73,41.87,20100116-20100213,115.8,A,21.17,37.0,20110704-20110711,493.008928009,40.72,41.87,measured,0.0,observed,-2.0,115.8,41.87,115.8,True,O,41.87,measured,115.8,41.87,0.5819,8352.1269,5730.5091,5730.5091,8352.1269,5730.5091,5730.5091,
TAP_A01,3061,,,727484.2,9664493.66,O,13.8,A,11.56,14.96,20100116-20100213,14.4,A,9.43,17.42,20110704-20110711,493.008928009,13.76,14.96,measured,0.6,observed,-2.0,13.2,14.08,13.8,True,O,14.96,measured,12.600000000000001,14.03617283532616,0.5819,48.1103,35.0681,35.0681,37.8529,27.7492,27.7492,
TAP_A01,3062,,,727487.16,9664494.18,O,23.4,A,15.3,19.09,20100116-20100213,24.1,A,12.01,16.36,20110704-20110711,493.008928009,19.35,19.09,measured,0.7,observed,-2.0,22.7,18.38,23.4,True,O,19.09,measured,22.0,18.353397589767134,0.5819,171.0947,123.0808,123.0808,145.9678,105.3477,105.3477,
TAP_A01,3063,,,727487.95,9664492.98,O,14.1,A,13.64,21.45,20100116-20100213,14.3,A,10.84,16.47,20110704-20110711,493.008928009,13.69,21.45,measured,0.2,observed,-2.0,13.9,21.03,14.1,True,O,21.45,measured,13.7,21.024862934079298,0.5819,71.3197,49.1592,49.1592,66.1191,45.6558,45.6558,
TAP_A01,3064,,,727490.9,9664493.0,O,16.4,A,9.55,14.71,20100116-20100213,16.5,A,6.85,15.19,20110704-20110711,493.008928009,15.1,14.71,measured,0.1,observed,-2.0,16.3,14.59,16.4,True,O,14.71,measured,16.2,14.587962091948738,0.5819,66.2866,48.8488,48.8488,64.1938,47.341,47.341,
TAP_A01,3065,,,727491.99,9664494.84,O,34.5,A,19.1,26.32,20100116-20100213,35.5,A,15.25,26.75,20110704-20110711,493.008928009,24.4,26.32,measured,1.0,observed,-2.0,33.5,25.47,34.5,True,O,26.32,measured,32.5,25.429414975519546,0.5819,499.4392,347.9297,347.9297,429.7989,300.1866,300.1866,
TAP_A01,3066,,,727491.99,9664492.49,O,6.7,A,5.17,9.03,20100116-20100213,6.8,A,5.24,9.79,20110704-20110711,493.008928009,7.99,9.03,measured,0.1,observed,-2.0,6.6,8.83,6.7,True,O,9.03,measured,6.5,8.826517079261736,0.5819,7.1732,5.4697,5.4697,6.6124,5.0529,5.0529,
TAP_A01,3067,,,727496.82,9664494.0,O,18.3,A,15.97,20.56,20100116-20100213,19.0,A,15.06,26.02,20110704-20110711,493.008928009,16.6,20.56,measured,0.7,observed,-2.0,17.6,19.53,18.3,True,O,20.56,measured,16.900000000000002,19.491907438077543,0.5819,113.835,79.9861,79.9861,92.511,65.3031,65.3031,
TAP_A01,3068,,,727500.86,9664492.56,O,26.5,A,13.51,17.43,20100116-20100213,27.6,A,11.68,18.98,20110704-20110711,493.008928009,21.05,17.43,measured,1.1,observed,-2.0,25.4,16.56,26.5,True,O,17.43,measured,24.3,16.515715566572798,0.5819,199.5919,146.532,146.532,159.8939,117.8995,117.8995,
TAP_A01,3069,,,727502.93,9664492.65,O,5.3,A,3.23,4.75,20100116-20100213,5.4,A,2.93,4.74,20110704-20110711,493.008928009,6.71,4.75,measured,0.1,observed,-2.0,5.2,4.62,5.3,True,O,4.75,measured,5.1,4.612373266642503,0.5819,2.4249,2.0237,2.0237,2.1859,1.8293,1.8293,
TAP_A01,3070,,,727508.75,9664492.29,O,7.0,A,5.49,8.0,20100116-20100213,7.1,A,4.27,4.64,20110704-20110711,493.008928009,8.25,8.0,measured,0.1,observed,-2.0,6.9,7.84,7.0,True,O,8.0,measured,6.8,7.828060210250155,0.5819,6.9424,5.4073,5.4073,6.4228,5.0129,5.0129,
TAP_A01,3071,,,727511.81,9664493.32,O,14.8,D,,2.89,20100116-20100213,14.8,D,,2.89,20110704-20110711,493.008928009,14.02,2.89,measured,0.0,observed,-2.0,14.8,2.89,14.8,False,O,2.89,measured,14.8,2.89,0.5819,11.0828,11.0828,10.7554,11.0828,11.0828,10.7554,
TAP_A01,3072,,,727514.86,9664492.09,O,8.3,A,4.13,6.79,20100116-20100213,8.8,A,2.24,6.22,20110704-20110711,493.008928009,9.68,6.79,measured,0.5,observed,-2.0,7.8,6.21,8.3,True,O,6.79,measured,7.300000000000001,6.172957881739878,0.5819,8.2491,6.6479,6.6479,5.8504,4.757,4.757,
TAP_A01,3073,,,727524.92,9664492.15,O,7.1,A,3.4,7.5,20100116-20100213,7.9,A,3.74,5.7,20110704-20110711,493.008928009,8.94,7.5,measured,0.8,observed,-2.0,6.3,6.33,7.1,True,O,7.5,measured,5.5,6.184972635317234,0.5819,6.7016,5.2769,5.2769,3.3728,2.7046,2.7046,
TAP_A01,3074,,,727527.09,9664492.78,O,10.8,A,3.05,8.17,20100116-20100213,11.1,A,4.86,9.39,20110704-20110711,493.008928009,11.45,8.17,measured,0.3,observed,-2.0,10.5,7.85,10.8,True,O,8.17,measured,10.200000000000001,7.840304876517046,0.5819,16.5209,13.095,13.095,14.1944,11.2934,11.2934,
TAP_A01,3075,,,727530.24,9664492.21,O,7.3,A,3.31,6.56,20100116-20100213,7.6,A,4.6,7.07,20110704-20110711,493.008928009,8.68,6.56,measured,0.3,observed,-2.0,7.0,6.17,7.3,True,O,6.56,measured,6.7,6.151991594162554,0.5819,6.2082,4.9996,4.9996,4.9322,3.996,3.996,
TAP_A01,3076,,,727533.79,9664492.08,O,11.3,A,7.44,14.71,20100116-20100213,11.8,A,8.09,11.99,20110704-20110711,493.008928009,11.96,14.71,measured,0.5,observed,-2.0,10.8,13.81,11.3,True,O,14.71,measured,10.3,13.762684533645139,0.5819,32.0376,23.1912,23.1912,25.0549,18.2471,18.2471,
TAP_A01,3077,,,727537.25,9664491.9,O,8.3,A,4.65,9.4,20100116-20100213,10.6,A,5.15,11.34,20110704-20110711,493.008928009,11.08,9.4,measured,2.3,observed,-2.0,6.0,6.17,8.3,True,O,9.4,measured,3.700000000000001,5.085986923812744,0.5819,11.3311,8.6743,8.6743,1.2853,1.043,1.043,
TAP_A01,3078,,,727546.51,9664492.01,O,5.6,A,3.24,8.12,20100116-20100213,6.7,A,1.61,8.94,20110704-20110711,493.008928009,7.9,8.12,measured,1.1,observed,-2.0,4.5,6.0,5.6,True,O,8.12,measured,3.3999999999999995,5.524851749479381,0.5819,4.5567,3.5031,3.5031,1.1814,0.9424,0.9424,
TAP_A01,3079,,,727547.4,9664492.21,O,6.8,A,4.64,7.45,20100116-20100213,7.0,A,3.64,9.41,20110704-20110711,493.008928009,8.17,7.45,measured,0.2,observed,-2.0,6.6,7.12,6.8,True,O,7.45,measured,6.3999999999999995,7.117944152990784,0.5819,6.1199,4.8139,4.8139,5.2002,4.1081,4.1081,
TAP_A01,3080,,,727555.09,9664492.54,O,10.0,A,8.91,12.64,20100116-20100213,10.7,A,7.83,11.24,20110704-20110711,493.008928009,11.15,12.64,measured,0.7,observed,-2.0,9.3,11.43,10.0,True,O,12.64,measured,8.6,11.32204175479327,0.5819,21.7654,16.0431,16.0431,14.5624,10.8434,10.8434,
TAP_A01,3081,,,727555.88,9664491.78,O,22.6,A,10.73,13.31,20100116-20100213,23.7,A,4.22,5.73,20110704-20110711,493.008928009,19.15,13.31,measured,1.1,observed,-2.0,21.5,12.5,22.6,True,O,13.31,measured,20.400000000000002,12.458774055480768,0.5819,112.4289,85.4779,85.4779,86.3063,65.981,65.981,
TAP_A01,3082,,,727560.51,9664492.04,O,15.4,A,9.44,11.99,20100116-20100213,17.0,A,8.26,16.54,20110704-20110711,493.008928009,15.41,11.99,measured,1.6,observed,-2.0,13.8,10.39,15.4,True,O,11.99,measured,12.2,10.193624942882417,0.5819,48.0207,36.4397,36.4397,26.0114,20.0259,20.0259,
TAP_A01,3083,Ocotea sp.,Lauraceae,727564.36,9664494.66,O,32.0,A,16.57,22.12,20100116-20100213,34.9,A,14.14,17.26,20110704-20110711,493.008928009,24.17,22.12,measured,2.9,observed,-2.0,29.1,19.89,32.0,True,O,22.12,measured,26.2,19.61514792824528,0.5245,363.9349,259.6532,259.6532,219.0555,157.7618,157.7618,
TAP_A01,3084,,,727572.54,9664492.14,O,9.4,D,,1.53,20100116-20100213,9.4,D,,1.53,20110704-20110711,493.008928009,10.16,1.53,measured,0.0,observed,-2.0,9.4,1.53,9.4,False,O,1.53,measured,9.4,1.53,0.5819,2.4562,2.4562,2.3837,2.4562,2.4562,2.3837,
TAP_A01,3085,,,727577.67,9664491.59,O,6.0,A,,1.65,20100116-20100213,6.0,A,,1.65,20110704-20110711,493.008928009,7.27,1.65,measured,0.0,observed,-2.0,6.0,1.65,6.0,True,O,1.65,measured,6.0,1.65,0.5819,1.1007,1.0921,1.0921,1.1007,1.0921,1.0921,
TAP_A01,3086,,,727581.32,9664491.91,O,6.3,A,7.89,10.91,20100116-20100213,6.3,A,7.62,9.09,20110704-20110711,493.008928009,7.54,10.91,measured,0.0,observed,-2.0,6.3,10.91,6.3,True,O,10.91,measured,6.3,10.91,0.5819,7.6505,5.6452,5.6452,7.6505,5.6452,5.6452,
TAP_A01,3087,,,727595.81,9664492.43,O,14.5,A,4.53,6.38,20100116-20100213,14.7,A,1.78,6.44,20110704-20110711,493.008928009,13.95,6.38,measured,0.2,observed,-2.0,14.3,6.26,14.5,True,O,6.38,measured,14.1,6.257547267200743,0.5819,23.0651,19.2814,19.2814,21.4302,17.9455,17.9455,
TAP_A01,3088,,,727599.17,9664492.1,O,8.0,A,4.61,13.49,20100116-20100213,8.3,A,5.35,10.7,20110704-20110711,493.008928009,9.27,13.49,measured,0.3,observed,-2.0,7.7,12.76,8.0,True,O,13.49,measured,7.4,12.73091594191058,0.5819,15.0032,10.829,10.829,12.1771,8.8369,8.8369,
TAP_A01,3089,Carapa guianensis,Meliaceae,727600.35,9664491.89,O,27.6,A,19.56,26.12,20100116-20100213,28.4,A,14.02,21.4,20110704-20110711,493.008928009,21.41,26.12,measured,0.8,observed,-2.0,26.8,25.22,27.6,True,O,26.12,measured,26.0,25.180391329160727,0.53,320.6868,221.2899,221.2899,275.3757,190.5791,190.5791,
TAP_A01,3090,Tachigali paniculata,Fabaceae,727611.69,9664491.69,O,55.2,A,27.09,34.9,20100116-20100213,58.0,A,26.4,38.01,20110704-20110711,493.008928009,31.44,34.9,measured,2.8,observed,-2.0,52.4,33.26,55.2,True,O,34.9,measured,49.6,33.13081398104768,0.5545,1646.3546,1121.9379,1121.9379,1269.9524,868.1058,868.1058,
TAP_A01,3091,,,727619.67,9664491.07,O,5.1,A,5.27,8.35,20100116-20100213,5.4,A,4.47,8.51,20110704-20110711,493.008928009,6.71,8.35,measured,0.3,observed,-2.0,4.8,7.63,5.1,True,O,8.35,measured,4.5,7.5846712350242464,0.5819,3.9012,2.9726,2.9726,2.782,2.1393,2.1393,
TAP_A01,3092,,,727611.59,9664490.79,O,10.2,A,6.14,8.34,20100116-20100213,10.3,A,6.09,9.21,20110704-20110711,493.008928009,10.85,8.34,measured,0.1,observed,-2.0,10.1,8.22,10.2,True,O,8.34,measured,10.0,8.22133028895926,0.5819,15.0767,11.8788,11.8788,14.3036,11.2845,11.2845,
TAP_A01,3093,Syagrus cocoides,Arecaceae,727607.74,9664491.08,P,5.3,A,4.67,6.78,20100116-20100213,5.3,A,4.54,6.66,20110704-20110711,493.008928009,6.62,6.78,measured,0.0,observed,-2.0,5.3,6.78,5.3,True,P,6.78,measured,5.3,6.78,0.5819,3.4318,,,3.4318,,,
TAP_A01,3094,,,727606.17,9664491.09,O,8.1,A,5.14,13.69,20100116-20100213,8.1,A,5.77,9.31,20110704-20110711,493.008928009,9.1,13.69,measured,0.0,observed,-2.0,8.1,13.69,8.1,True,O,13.69,measured,8.1,13.69,0.5819,15.5938,11.2359,11.2359,15.5938,11.2359,11.2359,
TAP_A01,3095,,,727605.57,9664491.0,O,13.1,A,9.78,16.59,20100116-20100213,13.8,A,7.45,14.33,20110704-20110711,493.008928009,13.36,16.59,measured,0.7,observed,-2.0,12.4,15.39,13.1,True,O,16.59,measured,11.7,15.316740648753319,0.5819,48.0778,34.3903,34.3903,35.6683,25.6979,25.6979,
TAP_A01,3096,,,727587.04,9664484.91,O,67.4,D,,11.87,20100116-20100213,67.4,D,,8.93,20110704-20110711,493.008928009,33.61,11.87,measured,0.0,observed,-2.0,67.4,11.87,67.4,False,O,11.87,measured,67.4,11.87,0.5819,848.5329,848.5329,823.4722,848.5329,848.5329,823.4722,
TAP_A01,3097,Aspidosperma nitidum,Apocynaceae,727583.39,9664490.99,O,26.5,A,13.1,15.35,20100116-20100213,26.5,D,1.2,14.08,20110704-20110711,493.008928009,20.53,15.35,measured,0.0,observed,-2.0,26.5,15.35,26.5,True,O,15.35,measured,26.5,15.35,0.7635,176.3106,132.065,132.065,176.3106,132.065,132.065,
TAP_A01,3098,,,727575.7,9664490.26,O,20.7,A,15.59,20.83,20100116-20100213,21.4,A,14.97,19.74,20110704-20110711,493.008928009,17.94,20.83,measured,0.7,observed,-2.0,20.0,19.94,20.7,True,O,20.83,measured,19.3,19.896558832534918,0.5819,146.6478,103.4399,103.4399,122.3139,86.6113,86.6113,
TAP_A01,3099,,,727567.32,9664490.73,O,9.3,A,6.54,12.73,20100116-20100213,9.8,A,6.94,12.19,20110704-20110711,493.008928009,10.47,12.73,measured,0.5,observed,-2.0,8.8,11.77,9.3,True,O,12.73,measured,8.3,11.71023662828282,0.5819,19.0218,13.9565,13.9565,14.0417,10.3825,10.3825,
TAP_A01,3100,,,727555.29,9664489.39,O,33.3,A,17.46,26.09,20100116-20100213,33.1,D,10.9,16.32,20110704-20110711,493.008928009,23.44,26.09,measured,0.0,observed,-2.0,33.1,26.09,33.3,True,O,26.09,measured,33.3,26.09,0.5819,462.1155,321.8279,321.8279,462.1155,321.8279,321.8279,
TAP_A01,3101,,,727543.16,9664491.49,O,6.7,A,2.67,9.38,20100116-20100213,7.2,A,5.25,7.67,20110704-20110711,493.008928009,8.34,9.38,measured,0.5,observed,-2.0,6.2,8.38,6.7,True,O,9.38,measured,5.7,8.301502435812615,0.5819,7.4444,5.6425,5.6425,4.8198,3.6956,3.6956,
TAP_A01,3102,,,727541.58,9664490.81,O,13.2,D,,6.92,20100116-20100213,,D,,,20110704-20110711,493.008928009,,6.92,measured,0.2,site_median,-2.0,,,13.2,False,O,6.92,measured,12.799999999999999,6.77210713463164,0.5819,20.7857,20.7857,20.1718,19.1655,19.1655,18.5995,
TAP_A01,3103,,,727535.27,9664491.56,O,7.8,A,2.62,6.39,20100116-20100213,8.8,A,3.1,3.51,20110704-20110711,493.008928009,9.68,6.39,measured,1.0,observed,-2.0,6.8,5.27,7.8,True,O,6.39,measured,5.8,5.115567157916775,0.5819,6.8865,5.5866,5.5866,3.1085,2.5751,2.5751,
TAP_A01,3104,,,727530.15,9664490.81,O,21.3,A,4.07,7.02,20100116-20100213,23.1,A,2.24,4.75,20110704-20110711,493.008928009,18.84,7.02,measured,1.8,observed,-2.0,19.5,6.29,21.3,True,O,7.02,measured,17.7,6.214550947457672,0.5819,53.6392,44.9907,44.9907,33.1797,28.12,28.12,
TAP_A01,3105,,,727525.02,9664491.3,O,10.5,D,,4.12,20100116-20100213,10.5,D,,4.12,20110704-20110711,493.008928009,11.0,4.12,measured,0.0,observed,-2.0,10.5,4.12,10.5,False,O,4.12,measured,10.5,4.12,0.5819,8.0161,8.0161,7.7793,8.0161,8.0161,7.7793,
TAP_A01,3106,,,727524.03,9664491.71,O,10.0,A,3.5,6.62,20100116-20100213,10.1,A,1.87,2.68,20110704-20110711,493.008928009,10.7,6.62,measured,0.1,observed,-2.0,9.9,6.53,10.0,True,O,6.62,measured,9.8,6.523710886485749,0.5819,11.5776,9.4519,9.4519,10.9719,8.9695,8.9695,
TAP_A01,3107,Cecropia palmata,Urticaceae,727522.75,9664488.67,O,37.8,A,16.24,24.54,20100116-20100213,39.8,A,19.63,24.55,20110704-20110711,493.008928009,26.0,24.54,measured,2.0,observed,-2.0,35.8,23.14,37.8,True,O,24.54,measured,33.8,23.038380089594074,0.3404,557.4966,394.4214,394.4214,421.3657,299.4874,299.4874,
TAP_A01,3108,,,727522.26,9664491.78,O,6.8,A,2.6,7.28,20100116-20100213,7.5,A,1.93,2.16,20110704-20110711,493.008928009,8.6,7.28,measured,0.7,observed,-2.0,6.1,6.23,6.8,True,O,7.28,measured,5.4,6.1147678760420465,0.5819,5.9835,4.7239,4.7239,3.2181,2.5829,2.5829,
TAP_A01,3109,,,727520.29,9664491.59,O,7.0,A,2.38,5.19,20100116-20100213,7.6,A,16.8,18.43,20110704-20110711,493.008928009,8.68,5.19,measured,0.6,observed,-2.0,6.4,4.57,7.0,True,O,5.19,measured,5.8,4.5039229092471516,0.5819,4.5509,3.7954,3.7954,2.7452,2.3203,2.3203,
TAP_A01,3110,,,727505.79,9664491.42,O,53.5,A,16.78,26.03,20100116-20100213,53.5,D,1.43,8.06,20110704-20110711,493.008928009,30.27,26.03,measured,0.0,observed,-2.0,53.5,26.03,53.5,True,O,26.03,measured,53.5,26.03,0.5819,1163.3491,829.1343,829.1343,1163.3491,829.1343,829.1343,
TAP_A01,3111,,,727504.31,9664490.83,O,16.0,A,13.43,14.71,20100116-20100213,16.5,A,,,20110704-20110711,493.008928009,15.1,14.71,measured,0.5,observed,-2.0,15.5,14.1,16.0,True,O,14.71,measured,15.0,14.074339727826322,0.5819,63.1674,46.495,46.495,53.3404,39.4145,39.4145,
TAP_A01,3112,,,727498.69,9664492.08,O,16.7,A,9.38,13.98,20100116-20100213,17.0,A,9.15,13.34,20110704-20110711,493.008928009,15.41,13.98,measured,0.3,observed,-2.0,16.4,13.64,16.7,True,O,13.98,measured,16.099999999999998,13.637310111396708,0.5819,65.3459,48.5867,48.5867,59.3854,44.2506,44.2506,
TAP_A01,3113,Apuleia leiocarpa,Fabaceae,727497.9,9664492.09,O,115.5,A,27.45,51.41,20100116-20100213,112.7,A,35.05,47.36,20110704-20110711,493.008928009,40.41,51.41,measured,0.0,observed,-2.0,112.7,51.41,115.5,True,O,51.41,measured,115.5,51.41,0.7992,10153.2057,6743.112,6743.112,10153.2057,6743.112,6743.112,
TAP_A01,3114,,,727494.16,9664491.02,O,24.2,A,13.9,22.45,20100116-20100213,25.4,A,18.53,21.6,20110704-20110711,493.008928009,20.0,22.45,measured,1.2,observed,-2.0,23.0,21.09,24.2,True,O,22.45,measured,21.8,21.006989443341396,0.5819,214.0205,150.3091,150.3091,163.5893,115.5224,115.5224,
TAP_A01,3115,,,727493.17,9664491.53,O,5.9,A,3.6,7.49,20100116-20100213,6.0,A,1.33,6.79,20110704-20110711,493.008928009,7.27,7.49,measured,0.1,observed,-2.0,5.8,7.3,5.9,True,O,7.49,measured,5.7,7.296489247707563,0.5819,4.6629,3.6399,3.6399,4.2494,3.3253,3.3253,
TAP_A01,3116,,,727491.4,9664491.3,O,16.8,A,12.47,17.54,20100116-20100213,17.1,A,14.25,17.11,20110704-20110711,493.008928009,15.47,17.54,measured,0.3,observed,-2.0,16.5,17.12,16.8,True,O,17.54,measured,16.2,17.113039765615262,0.5819,82.4968,59.1963,59.1963,75.0173,53.945,53.945,
TAP_A01,3117,,,727487.16,9664490.23,O,35.6,A,19.64,25.64,20100116-20100213,35.7,A,16.97,20.38,20110704-20110711,493.008928009,24.48,25.64,measured,0.1,observed,-2.0,35.5,25.56,35.6,True,O,25.64,measured,35.4,25.55839110349536,0.5819,517.601,362.6222,362.6222,510.3496,357.6254,357.6254,
TAP_A01,3118,,,727477.2,9664491.77,O,11.7,A,4.28,10.49,20100116-20100213,12.0,A,0.46,12.87,20110704-20110711,493.008928009,12.11,10.49,measured,0.3,observed,-2.0,11.4,10.11,11.7,True,O,10.49,measured,11.1,10.103109713433394,0.5819,24.6511,18.855,18.855,21.4427,16.457,16.457,
TAP_A01,3119,,,727471.58,9664492.37,O,5.4,A,1.76,9.53,20100116-20100213,5.6,A,5.45,8.86,20110704-20110711,493.008928009,6.9,9.53,measured,0.2,observed,-2.0,5.2,9.01,5.4,True,O,9.53,measured,5.0,8.985546096696607,0.5819,4.9624,3.7132,3.7132,4.0319,3.0339,3.0339,
TAP_A01,3120,,,727471.48,9664491.52,O,10.2,A,6.49,9.96,20100116-20100213,10.7,A,11.21,14.5,20110704-20110711,493.008928009,11.15,9.96,measured,0.5,observed,-2.0,9.7,9.28,10.2,True,O,9.96,measured,9.2,9.240303482189661,0.5819,17.9287,13.7352,13.7352,13.6234,10.5091,10.5091,
TAP_A01,3121,,,727462.41,9664491.3,O,30.4,A,11.97,25.64,20100116-20100213,31.4,A,4.28,25.4,20110704-20110711,493.008928009,22.73,25.64,measured,1.0,observed,-2.0,29.4,24.66,30.4,True,O,25.64,measured,28.4,24.61628724861755,0.5819,380.3066,264.4244,264.4244,320.0157,223.2113,223.2113,
TAP_A01,3122,,,727457.18,9664488.85,O,37.9,A,14.81,24.75,20100116-20100213,39.6,A,17.22,25.99,20110704-20110711,493.008928009,25.93,24.75,measured,1.7,observed,-2.0,36.2,23.55,37.9,True,O,24.75,measured,34.5,23.47563831743268,0.5819,565.059,399.2845,399.2845,446.6899,316.8566,316.8566,
TAP_A01,3123,,,727455.61,9664492.41,O,11.0,A,6.18,13.37,20100116-20100213,11.2,A,7.01,12.19,20110704-20110711,493.008928009,11.53,13.37,measured,0.2,observed,-2.0,10.8,13.02,11.0,True,O,13.37,measured,10.6,13.018934415274071,0.5819,27.6926,20.3245,20.3245,25.1006,18.4669,18.4669,
TAP_A01,3124,,,727447.72,9664492.53,O,9.9,D,,2.11,20100116-20100213,9.9,D,,2.11,20110704-20110711,493.008928009,10.55,2.11,measured,0.0,observed,-2.0,9.9,2.11,9.9,False,O,2.11,measured,9.9,2.11,0.5819,3.7191,3.7191,3.6093,3.7191,3.7191,3.6093,
TAP_A01,3125,,,727451.07,9664491.96,O,14.2,A,9.43,14.73,20100116-20100213,14.3,A,10.58,12.25,20110704-20110711,493.008928009,13.69,14.73,measured,0.1,observed,-2.0,14.1,14.59,14.2,True,O,14.73,measured,14.0,14.585668307913805,0.5819,50.1064,36.6628,36.6628,48.2719,35.3515,35.3515,
TAP_A01,3126,,,727438.84,9664490.31,O,24.3,D,,9.75,20100116-20100213,,D,,,20110704-20110711,493.008928009,,9.75,measured,0.2,site_median,-2.0,,,24.3,False,O,9.75,measured,23.900000000000002,9.648690339074193,0.5819,95.5944,95.5944,92.7711,91.6082,91.6082,88.9027,
TAP_A01,3127,,,727436.58,9664492.33,L,5.3,A,,,20100116-20100213,6.8,A,,,20110704-20110711,493.008928009,7.99,7.16,local_fit,1.5,observed,-2.0,3.8,4.59,5.3,True,L,7.99,feldpausch,2.3,4.167768161011533,0.5819,4.0284,3.0967,3.0967,0.4184,0.3424,0.3424,
TAP_A01,3128,,,727431.15,9664491.47,O,16.8,A,13.63,15.54,20100116-20100213,16.9,A,14.02,15.87,20110704-20110711,493.008928009,15.35,15.54,measured,0.1,observed,-2.0,16.7,15.41,16.8,True,O,15.54,measured,16.6,15.41465086759536,0.5819,73.3028,53.6148,53.6148,71.0452,52.0002,52.0002,
TAP_A01,3129,,,727425.44,9664491.33,O,15.8,A,10.73,15.77,20100116-20100213,16.5,A,10.76,15.43,20110704-20110711,493.008928009,15.1,15.77,measured,0.7,observed,-2.0,15.1,14.84,15.8,True,O,15.77,measured,14.4,14.795798328471749,0.5819,65.9664,47.9954,47.9954,51.7177,37.8406,37.8406,
TAP_A01,3130,,,727415.97,9664492.16,O,28.2,A,11.92,16.1,20100116-20100213,28.5,A,9.41,14.73,20110704-20110711,493.008928009,21.46,16.1,measured,0.3,observed,-2.0,27.9,15.89,28.2,True,O,16.1,measured,27.599999999999998,15.89115386141368,0.5819,208.5494,155.5039,155.5039,197.4435,147.3746,147.3746,
TAP_A01,3131,,,727402.17,9664492.83,O,23.5,A,20.15,23.11,20100116-20100213,23.7,A,21.96,26.0,20110704-20110711,493.008928009,19.15,23.11,measured,0.2,observed,-2.0,23.3,22.86,23.5,True,O,23.11,measured,23.1,22.85977608857033,0.5819,207.8997,145.1388,145.1388,198.9232,138.9966,138.9966,
TAP_A01,3132,,,727398.62,9664491.11,O,32.2,A,25.91,32.83,20100116-20100213,34.3,A,18.77,25.22,20110704-20110711,493.008928009,23.93,32.83,measured,2.1,observed,-2.0,30.1,30.42,32.2,True,O,32.83,measured,28.000000000000004,30.20999679149037,0.5819,541.5964,363.1456,363.1456,380.1371,256.5304,256.5304,
TAP_A01,3133,,,727391.42,9664491.42,O,37.3,A,22.5,29.64,20100116-20100213,38.8,A,22.61,26.53,20110704-20110711,493.008928009,25.64,29.64,measured,1.5,observed,-2.0,35.8,28.35,37.3,True,O,29.64,measured,34.3,28.269903372388807,0.5819,653.1147,448.2017,448.2017,529.4773,364.612,364.612,
TAP_A01,3134,,,727389.15,9664492.96,O,9.7,A,5.9,12.29,20100116-20100213,9.8,A,8.82,13.44,20110704-20110711,493.008928009,10.47,12.29,measured,0.1,observed,-2.0,9.6,12.1,9.7,True,O,12.29,measured,9.5,12.105105699752674,0.5819,19.9545,14.7522,14.7522,18.8779,13.9757,13.9757,
TAP_A01,3135,,,727381.26,9664493.16,O,8.1,D,1.75,4.08,20100116-20100213,,D,,,20110704-20110711,493.008928009,,4.08,measured,0.2,site_median,-2.0,,,8.1,False,O,4.08,measured,7.699999999999999,3.92968630799935,0.5819,4.7844,4.7844,4.6431,4.1781,4.1781,4.0548,
TAP_A01,3136,,,727379.78,9664491.33,O,124.6,A,45.75,56.65,20100116-20100213,126.5,A,31.28,41.75,20110704-20110711,493.008928009,41.69,56.65,measured,1.9,observed,-2.0,122.7,56.22,124.6,True,O,56.65,measured,120.8,56.18856297722143,0.5819,12943.0022,8495.9722,8495.9722,12086.8107,7932.4134,7932.4134,
TAP_A01,3137,,,727376.73,9664493.2,O,5.8,A,5.14,8.12,20100116-20100213,5.8,D,,7.77,20110704-20110711,493.008928009,7.09,8.12,measured,0.0,observed,-2.0,5.8,8.12,5.8,True,O,8.12,measured,5.8,8.12,0.5819,4.8798,3.7578,3.7578,4.8798,3.7578,3.7578,
TAP_A01,3138,,,727369.63,9664492.76,O,6.2,D,,2.89,20100116-20100213,6.2,D,,2.57,20110704-20110711,493.008928009,7.45,2.89,measured,0.0,observed,-2.0,6.2,2.89,6.2,False,O,2.89,measured,6.2,2.89,0.5819,2.0279,2.0279,1.968,2.0279,2.0279,1.968,
TAP_A01,3139,,,727343.89,9664492.64,O,9.9,A,2.63,4.74,20100116-20100213,9.9,A,3.5,4.08,20110704-20110711,493.008928009,10.55,4.74,measured,0.0,observed,-2.0,9.9,4.74,9.9,True,O,4.74,measured,9.9,4.74,0.5819,8.1941,7.0488,7.0488,8.1941,7.0488,7.0488,
TAP_A01,3140,,,727339.26,9664493.28,O,7.9,A,7.65,6.15,20100116-20100213,8.5,A,4.71,5.53,20110704-20110711,493.008928009,9.43,6.15,measured,0.6,observed,-2.0,7.3,5.5,7.9,True,O,6.15,measured,6.7,5.438448947458805,0.5819,6.801,5.5541,5.5541,4.373,3.6127,3.6127,
TAP_A01,3141,,,727336.8,9664493.3,O,5.1,A,5.32,8.0,20100116-20100213,5.1,A,5.05,6.81,20110704-20110711,493.008928009,6.43,8.0,measured,0.0,observed,-2.0,5.1,8.0,5.1,True,O,8.0,measured,5.1,8.0,0.5819,3.7416,2.8703,2.8703,3.7416,2.8703,2.8703,
TAP_A01,3142,,,727333.34,9664492.98,O,19.7,A,17.84,21.55,20100116-20100213,20.3,A,12.68,18.04,20110704-20110711,493.008928009,17.33,21.55,measured,0.6,observed,-2.0,19.1,20.7,19.7,True,O,21.55,measured,18.5,20.6737999340592,0.5819,137.6269,96.3278,96.3278,116.9042,82.1139,82.1139,
TAP_A01,3143,,,727331.18,9664491.8,O,21.6,A,14.9,17.96,20100116-20100213,22.1,A,16.15,18.96,20110704-20110711,493.008928009,18.31,17.96,measured,0.5,observed,-2.0,21.1,17.44,21.6,True,O,17.96,measured,20.6,17.416953064445313,0.5819,137.8851,99.7676,99.7676,121.9883,88.493,88.493,
TAP_A01,3144,,,727329.79,9664493.36,L,5.4,A,,,20100116-20100213,5.5,A,,,20110704-20110711,493.008928009,6.81,7.25,local_fit,0.1,observed,-2.0,5.3,7.05,5.4,True,L,6.81,feldpausch,5.2,6.616581811061382,0.5819,3.5747,2.8207,2.8207,3.2288,2.5547,2.5547,
TAP_A01,3145,Couratari stellata,Lecythidaceae,727323.98,9664493.31,O,6.4,A,7.96,9.66,20100116-20100213,6.5,A,6.47,9.9,20110704-20110711,493.008928009,7.72,9.66,measured,0.1,observed,-2.0,6.3,9.43,6.4,True,O,9.66,measured,6.2,9.431304263405444,0.6331,7.0059,5.2739,5.2739,6.4327,4.8534,4.8534,
TAP_A01,3146,,,727319.44,9664493.35,O,10.2,A,2.84,10.02,20100116-20100213,10.3,A,7.64,10.58,20110704-20110711,493.008928009,10.85,10.02,measured,0.1,observed,-2.0,10.1,9.88,10.2,True,O,10.02,measured,10.0,9.877425598965443,0.5819,18.0341,13.8029,13.8029,17.1093,13.1123,13.1123,
TAP_A01,3147,,,727317.86,9664492.37,O,16.6,D,,8.36,20100116-20100213,16.6,D,,7.97,20110704-20110711,493.008928009,15.16,8.36,measured,0.0,observed,-2.0,16.6,8.36,16.6,False,O,8.36,measured,16.6,8.36,0.5819,39.1007,39.1007,37.9459,39.1007,39.1007,37.9459,
TAP_A01,3181,,,727298.44,9664488.99,O,8.15,D,,5.93,20100116-20100213,8.1,D,,18.84,20110704-20110711,493.008928009,9.1,5.93,measured,0.0,observed,-2.0,8.1,5.93,8.15,False,O,5.93,measured,8.15,5.93,0.5819,6.975,6.975,6.769,6.975,6.975,6.769,
TAP_A01,3148,,,727288.09,9664493.93,L,5.0,A,,,20100116-20100213,4.9,A,,,20110704-20110711,493.008928009,6.23,6.91,local_fit,0.0,observed,-2.0,4.9,6.91,5.0,True,L,6.23,feldpausch,5.0,6.23,0.5819,2.8201,2.2485,2.2485,2.8201,2.2485,2.2485,
TAP_A01,3149,,,727287.1,9664488.94,O,51.4,A,22.86,30.09,20100116-20100213,51.6,A,15.47,12.27,20110704-20110711,493.008928009,29.74,30.09,measured,0.2,observed,-2.0,51.2,29.98,51.4,True,O,30.09,measured,51.0,29.97473651499842,0.5819,1239.3694,861.6583,861.6583,1216.0486,845.6404,845.6404,
TAP_A01,3150,,,727275.27,9664493.74,O,15.6,A,10.31,14.28,20100116-20100213,16.2,A,8.43,11.66,20110704-20110711,493.008928009,14.91,14.28,measured,0.6,observed,-2.0,15.0,13.55,15.6,True,O,14.28,measured,14.4,13.514932394248337,0.5819,58.4056,43.1396,43.1396,47.3433,35.1391,35.1391,
TAP_A01,3151,,,727273.59,9664493.76,O,6.5,A,3.89,8.88,20100116-20100213,8.2,A,7.38,11.33,20110704-20110711,493.008928009,9.19,8.88,measured,1.7,observed,-2.0,4.8,5.92,6.5,True,O,8.88,measured,3.1,5.020895668981551,0.5819,6.6515,5.0779,5.0779,0.8986,0.7245,0.7245,
TAP_A01,3152,,,727272.21,9664493.57,O,6.4,A,1.87,9.0,20100116-20100213,7.0,A,4.65,10.3,20110704-20110711,493.008928009,8.17,9.0,measured,0.6,observed,-2.0,5.8,7.81,6.4,True,O,9.0,measured,5.2,7.687398184083085,0.5819,6.5383,4.9773,4.9773,3.7378,2.8882,2.8882,
TAP_A01,3153,,,727267.78,9664493.71,O,9.1,A,4.15,8.98,20100116-20100213,9.2,A,5.2,10.49,20110704-20110711,493.008928009,10.0,8.98,measured,0.1,observed,-2.0,9.0,8.84,9.1,True,O,8.98,measured,8.9,8.835039005949495,0.5819,12.969,10.0444,10.0444,12.2228,9.4806,9.4806,
TAP_A01,3154,,,727265.41,9664493.83,O,13.7,A,3.57,8.68,20100116-20100213,13.9,A,4.99,8.4,20110704-20110711,493.008928009,13.42,8.68,measured,0.2,observed,-2.0,13.5,8.51,13.7,True,O,8.68,measured,13.299999999999999,8.502199172270652,0.5819,27.8827,22.1416,22.1416,25.7894,20.5173,20.5173,
TAP_A01,3155,Apuleia leiocarpa,Fabaceae,727250.03,9664493.68,O,70.0,A,36.05,42.33,20100116-20100213,71.2,A,28.49,40.9,20110704-20110711,493.008928009,34.39,42.33,measured,1.2,observed,-2.0,68.8,41.74,70.0,True,O,42.33,measured,67.6,41.71312457483934,0.7992,3160.0996,2112.7778,2112.7778,2910.0659,1946.8655,1946.8655,
TAP_A01,3156,Inga marginata,Fabaceae,727244.8,9664493.6,O,12.2,A,13.76,17.24,20100116-20100213,13.2,A,9.5,11.22,20110704-20110711,493.008928009,12.95,17.24,measured,1.0,observed,-2.0,11.2,15.35,12.2,True,O,17.24,measured,10.2,15.166826596582004,0.5518,43.4406,30.7799,30.7799,27.0272,19.3746,19.3746,
TAP_A01,3157,Parkia sp.,Fabaceae,727239.87,9664493.95,O,32.8,A,20.33,24.64,20100116-20100213,33.1,A,19.29,21.7,20110704-20110711,493.008928009,23.44,24.64,measured,0.3,observed,-2.0,32.5,24.39,32.8,True,O,24.64,measured,32.199999999999996,24.376803957505146,0.4553,424.3144,297.9677,297.9677,405.0277,284.6546,284.6546,
TAP_A01,3158,,,727235.04,9664494.19,O,30.7,A,4.65,37.55,20100116-20100213,30.0,A,13.55,17.29,20110704-20110711,493.008928009,22.13,37.55,measured,0.0,observed,-2.0,30.0,37.55,30.7,True,O,37.55,measured,30.7,37.55,0.5819,562.5668,368.4403,368.4403,562.5668,368.4403,368.4403,
TAP_A01,3159,,,727234.65,9664493.85,O,11.2,D,,3.59,20100116-20100213,,D,,1.82,20110704-20110711,493.008928009,,3.59,measured,0.2,site_median,-2.0,,,11.2,False,O,3.59,measured,10.799999999999999,3.497619500205697,0.5819,7.9489,7.9489,7.7141,7.2181,7.2181,7.005,
TAP_A01,3160,,,727225.38,9664494.18,L,12.1,A,,,20100116-20100213,12.5,A,,,20110704-20110711,493.008928009,12.46,11.96,local_fit,0.4,observed,-2.0,11.7,11.41,12.1,True,L,12.46,feldpausch,11.299999999999999,11.868014963381485,0.5819,31.1375,23.2147,23.2147,25.9814,19.4562,19.4562,
TAP_A01,3161,,,727222.03,9664493.96,O,11.5,A,11.79,16.01,20100116-20100213,11.8,A,5.32,7.0,20110704-20110711,493.008928009,11.96,16.01,measured,0.3,observed,-2.0,11.2,15.43,11.5,True,O,16.01,measured,10.9,15.407933916752846,0.5819,36.0105,25.7423,25.7423,31.2432,22.4123,22.4123,
TAP_A01,3162,,,727221.83,9664492.71,O,78.3,A,23.03,34.52,20100116-20100213,77.5,A,18.97,35.36,20110704-20110711,493.008928009,35.58,34.52,measured,0.0,observed,-2.0,77.5,34.52,78.3,True,O,34.52,measured,78.3,34.52,0.5819,3222.8548,2237.3035,2237.3035,3222.8548,2237.3035,2237.3035,
TAP_A01,3163,Alexa grandiflora,Fabaceae,727205.56,9664493.65,O,28.1,A,21.43,25.29,20100116-20100213,28.1,A,15.57,21.17,20110704-20110711,493.008928009,21.28,25.29,measured,0.0,observed,-2.0,28.1,25.29,28.1,True,O,25.29,measured,28.1,25.29,0.66,321.8203,223.4006,223.4006,321.8203,223.4006,223.4006,
TAP_A01,3164,,,727205.07,9664492.56,O,24.7,D,,17.55,20100116-20100213,,D,,8.21,20110704-20110711,493.008928009,,17.55,measured,0.2,site_median,-2.0,,,24.7,False,O,17.55,measured,24.3,17.371282989504092,0.5819,175.1538,175.1538,169.9808,167.9732,167.9732,163.0123,
TAP_A01,3165,,,727198.27,9664494.62,O,9.4,A,4.83,10.56,20100116-20100213,9.9,A,6.31,10.34,20110704-20110711,493.008928009,10.55,10.56,measured,0.5,observed,-2.0,8.9,9.77,9.4,True,O,10.56,measured,8.4,9.724080071980095,0.5819,16.1846,12.2369,12.2369,11.9893,9.1344,9.1344,
TAP_A01,3166,,,727193.34,9664494.06,O,10.5,A,2.71,6.87,20100116-20100213,10.6,A,4.28,7.24,20110704-20110711,493.008928009,11.08,6.87,measured,0.1,observed,-2.0,10.4,6.78,10.5,True,O,6.87,measured,10.3,6.775348005939282,0.5819,13.2036,10.7416,10.7416,12.5461,10.2196,10.2196,
TAP_A01,3167,,,727190.08,9664494.59,O,5.6,A,5.09,6.78,20100116-20100213,6.4,A,3.77,6.11,20110704-20110711,493.008928009,7.64,6.78,measured,0.8,observed,-2.0,4.8,5.44,5.6,True,O,6.78,measured,3.9999999999999996,5.235255892095505,0.5819,3.8212,3.0226,3.0226,1.5394,1.2482,1.2482,
TAP_A01,3168,,,727189.1,9664494.7,O,10.1,A,3.69,6.06,20100116-20100213,10.2,A,3.61,6.01,20110704-20110711,493.008928009,10.78,6.06,measured,0.1,observed,-2.0,10.0,5.97,10.1,True,O,6.06,measured,9.9,5.97282389992199,0.5819,10.829,8.9694,8.9694,10.2681,8.5162,8.5162,
TAP_A01,3169,,,727187.42,9664494.61,O,11.1,A,4.8,9.29,20100116-20100213,11.2,A,6.39,8.69,20110704-20110711,493.008928009,11.53,9.29,measured,0.1,observed,-2.0,11.0,9.17,11.1,True,O,9.29,measured,10.9,9.169703638294997,0.5819,19.7567,15.3653,15.3653,18.8268,14.6595,14.6595,
TAP_A01,3170,,,727180.12,9664493.68,O,17.1,A,11.16,16.35,20100116-20100213,17.2,A,9.24,16.47,20110704-20110711,493.008928009,15.53,16.35,measured,0.1,observed,-2.0,17.0,16.22,17.1,True,O,16.35,measured,16.900000000000002,16.220819968570723,0.5819,79.7375,57.9041,57.9041,77.3262,56.1917,56.1917,
TAP_A01,3171,,,727174.7,9664493.97,O,36.7,A,16.22,25.49,20100116-20100213,37.4,A,11.45,17.36,20110704-20110711,493.008928009,25.13,25.49,measured,0.7,observed,-2.0,36.0,24.95,36.7,True,O,25.49,measured,35.300000000000004,24.937611092584287,0.5819,546.1423,383.5325,383.5325,495.5041,348.5268,348.5268,
TAP_A01,3172,,,727171.94,9664494.15,O,23.0,A,6.17,8.55,20100116-20100213,23.0,D,2.14,4.8,20110704-20110711,493.008928009,18.79,8.55,measured,0.0,observed,-2.0,23.0,8.55,23.0,True,O,8.55,measured,23.0,8.55,0.5819,75.5357,61.6401,61.6401,75.5357,61.6401,61.6401,
TAP_A01,3173,,,727169.18,9664494.52,O,7.1,A,5.69,11.34,20100116-20100213,7.8,A,8.02,10.98,20110704-20110711,493.008928009,8.85,11.34,measured,0.7,observed,-2.0,6.4,9.79,7.1,True,O,11.34,measured,5.699999999999999,9.609282163743414,0.5819,10.0327,7.4003,7.4003,5.5595,4.1653,4.1653,
TAP_A01,3174,,,727157.84,9664490.47,O,139.6,A,26.56,49.51,20100116-20100213,139.6,A,33.96,41.32,20110704-20110711,493.008928009,42.7,49.51,measured,0.0,observed,-2.0,139.6,49.51,139.6,True,O,49.51,measured,139.6,49.51,0.5819,14167.6338,9551.8857,9551.8857,14167.6338,9551.8857,9551.8857,
TAP_A01,3175,Rinorea guianensis,Violaceae,727155.28,9664494.64,O,7.9,A,3.38,11.86,20100116-20100213,8.2,A,5.7,9.47,20110704-20110711,493.008928009,9.19,11.86,measured,0.3,observed,-2.0,7.6,11.2,7.9,True,O,11.86,measured,7.300000000000001,11.18337107015358,0.78,12.9103,9.5042,9.5042,10.449,7.7346,7.7346,
TAP_A01,3176,,,727151.33,9664494.38,O,33.9,A,29.18,36.16,20100116-20100213,34.7,A,23.5,33.7,20110704-20110711,493.008928009,24.09,36.16,measured,0.8,observed,-2.0,33.1,35.18,33.9,True,O,36.16,measured,32.3,35.16262797742041,0.5819,658.0236,435.6018,435.6018,582.6388,386.5085,386.5085,
TAP_A01,3177,,,727145.12,9664494.71,O,7.1,A,6.05,11.16,20100116-20100213,7.1,A,9.17,11.12,20110704-20110711,493.008928009,8.25,11.16,measured,0.0,observed,-2.0,7.1,11.16,7.1,True,O,11.16,measured,7.1,11.16,0.5819,9.8773,7.3041,7.3041,9.8773,7.3041,7.3041,
TAP_A01,3178,Manilkara huberi,Sapotaceae,727144.33,9664494.89,O,20.3,A,9.97,14.65,20100116-20100213,20.7,A,10.55,15.67,20110704-20110711,493.008928009,17.56,14.65,measured,0.4,observed,-2.0,19.9,14.27,20.3,True,O,14.65,measured,19.5,14.269056647892965,0.9214,100.1268,74.5945,74.5945,90.219,67.3634,67.3634,
TAP_A01,3179,,,727138.81,9664493.64,O,20.4,D,,6.36,20100116-20100213,20.4,D,,6.36,20110704-20110711,493.008928009,17.39,6.36,measured,0.0,observed,-2.0,20.4,6.36,20.4,False,O,6.36,measured,20.4,6.36,0.5819,44.7747,44.7747,43.4523,44.7747,44.7747,43.4523,
TAP_A01,3180,,,727133.09,9664491.14,O,120.6,D,,4.96,20100116-20100213,120.6,D,,4.96,20110704-20110711,493.008928009,41.18,4.96,measured,0.0,observed,-2.0,120.6,4.96,120.6,False,O,4.96,measured,120.6,4.96,0.5819,1127.3032,1127.3032,1094.0092,1127.3032,1127.3032,1094.0092,
TAP_A01,3182,,,727242.83,9664494.98,O,,A,,,20100116-20100213,6.3,A,11.26,12.37,20110704-20110711,493.008928009,7.54,12.37,measured,0.2,site_median,-2.0,5.9,11.78,,True,O,7.54,feldpausch,,,0.5819,,,,,,,
TAP_A01,3183,,,727517.92,9664492.66,O,,A,,,20100116-20100213,7.0,A,3.16,4.66,20110704-20110711,493.008928009,8.17,4.66,measured,0.2,site_median,-2.0,6.6,4.45,,True,O,8.17,feldpausch,,,0.5819,,,,,,,
TAP_A01,3184,,,727518.71,9664492.41,O,,A,,,20100116-20100213,5.3,A,6.66,10.47,20110704-20110711,493.008928009,6.62,10.47,measured,0.2,site_median,-2.0,4.9,9.85,,True,O,6.62,feldpausch,,,0.5819,,,,,,,
TAP_A01,3185,,,727596.4,9664490.88,O,,A,,,20100116-20100213,5.1,A,4.0,9.0,20110704-20110711,493.008928009,6.43,9.0,measured,0.2,site_median,-2.0,4.7,8.45,,True,O,6.43,feldpausch,,,0.5819,,,,,,,
TAP_A01,3186,Couratari stellata,Lecythidaceae,727283.26,9664493.67,O,,A,,,20100116-20100213,5.0,A,4.5,8.0,20110704-20110711,493.008928009,6.33,8.0,measured,0.2,site_median,-2.0,4.6,7.51,,True,O,6.33,feldpausch,,,0.6331,,,,,,,
TAP_A01,3201,,,726779.06,9664318.13,O,11.9,A,12.66,14.3,20100116-20100213,11.8,A,10.95,12.79,20110704-20110711,500.000640863,11.96,14.3,measured,0.0,observed,-2.0,11.8,14.3,11.9,True,O,14.3,measured,11.9,14.3,0.5819,34.4775,25.1315,25.1315,34.4775,25.1315,25.1315,
TAP_A01,3202,,,726771.0,9664318.29,O,6.5,A,3.5,6.73,20100116-20100213,6.2,D,1.21,3.3,20110704-20110711,500.000640863,7.45,6.73,measured,0.0,observed,-2.0,6.2,6.73,6.5,True,O,6.73,measured,6.5,6.73,0.5819,5.0747,4.0476,4.0476,5.0747,4.0476,4.0476,
TAP_A01,3203,Bertholletia excelsa,Lecythidaceae,726763.17,9664318.83,O,41.4,A,24.67,33.53,20100116-20100213,43.5,A,28.56,32.48,20110704-20110711,500.000640863,27.27,33.53,measured,2.1,observed,-2.0,39.3,31.75,41.4,True,O,33.53,measured,37.199999999999996,31.624908588193126,0.638,902.96,610.7519,610.7519,692.1322,470.0773,470.0773,
TAP_A01,3204,,,726759.65,9664318.69,O,7.2,A,8.09,16.64,20100116-20100213,7.6,A,7.99,14.94,20110704-20110711,500.000640863,8.68,16.64,measured,0.4,observed,-2.0,6.8,15.32,7.2,True,O,16.64,measured,6.4,15.232333562735183,0.5819,14.9906,10.4142,10.4142,10.9271,7.6546,7.6546,
TAP_A01,3205,,,726754.66,9664319.01,O,10.9,A,4.58,9.51,20100116-20100213,11.0,A,2.78,5.92,20110704-20110711,500.000640863,11.38,9.51,measured,0.1,observed,-2.0,10.8,9.38,10.9,True,O,9.51,measured,10.700000000000001,9.384326127494562,0.5819,19.5084,15.103,15.103,18.5731,14.3964,14.3964,
TAP_A01,3206,Inga marginata,Fabaceae,726743.5,9664319.85,O,15.3,A,6.01,9.81,20100116-20100213,19.5,A,12.84,20.4,20110704-20110711,500.000640863,16.88,9.81,measured,4.2,observed,-2.0,11.1,6.65,15.3,True,O,9.81,measured,6.9,5.52572583419305,0.5518,38.9805,30.523,30.523,4.704,3.8818,3.8818,
TAP_A01,3207,,,726740.5,9664320.09,O,5.4,A,2.15,8.58,20100116-20100213,5.5,A,4.92,8.97,20110704-20110711,500.000640863,6.81,8.58,measured,0.1,observed,-2.0,5.3,8.34,5.4,True,O,8.58,measured,5.2,8.336310123187468,0.5819,4.479,3.4075,3.4075,4.0455,3.0862,3.0862,
TAP_A01,3208,,,726738.91,9664320.29,L,5.3,D,,,20100116-20100213,5.3,D,,,20110704-20110711,500.000640863,6.62,7.16,local_fit,0.0,observed,-2.0,5.3,7.16,5.3,False,L,6.62,feldpausch,5.3,6.62,0.5819,3.3528,3.3528,3.2538,3.3528,3.3528,3.2538,
TAP_A01,3209,,,726730.24,9664322.53,O,50.5,A,23.51,30.28,20100116-20100213,51.7,A,33.68,37.02,20110704-20110711,500.000640863,29.77,30.28,measured,1.2,observed,-2.0,49.3,29.58,50.5,True,O,30.28,measured,48.1,29.55216619409557,0.5819,1204.7407,836.0413,836.0413,1069.8011,743.5183,743.5183,
TAP_A01,3210,,,726727.53,9664324.1,O,36.4,A,18.13,28.25,20100116-20100213,37.3,A,14.11,24.3,20110704-20110711,500.000640863,25.09,28.25,measured,0.9,observed,-2.0,35.5,27.47,36.4,True,O,28.25,measured,34.6,27.450748762346088,0.5819,594.189,410.3886,410.3886,523.3185,362.2005,362.2005,
TAP_A01,3211,,,726724.56,9664321.53,L,9.5,A,,,20100116-20100213,10.0,A,,,20110704-20110711,500.000640863,10.62,10.29,local_fit,0.5,observed,-2.0,9.0,9.53,9.5,True,L,10.62,feldpausch,8.5,9.789181656521134,0.5819,16.614,12.5567,12.5567,12.3497,9.4043,9.4043,
TAP_A01,3212,,,726722.3,9664322.18,O,12.5,A,14.51,18.17,20100116-20100213,12.6,A,12.93,18.06,20110704-20110711,500.000640863,12.53,18.17,measured,0.1,observed,-2.0,12.4,17.97,12.5,True,O,18.17,measured,12.3,17.964144859151332,0.5819,47.9468,33.7312,33.7312,45.9469,32.3574,32.3574,
TAP_A01,3213,,,726720.81,9664322.37,O,12.1,A,8.8,19.47,20100116-20100213,12.6,A,8.2,15.56,20110704-20110711,500.000640863,12.53,19.47,measured,0.5,observed,-2.0,11.6,18.37,12.1,True,O,19.47,measured,11.1,18.30957890671522,0.5819,48.137,33.445,33.445,38.3094,26.7656,26.7656,
TAP_A01,3214,,,726700.39,9664322.74,L,5.7,A,,,20100116-20100213,6.2,A,,,20110704-20110711,500.000640863,7.45,7.5,local_fit,0.5,observed,-2.0,5.2,6.56,5.7,True,L,7.45,feldpausch,4.7,6.428469025647004,0.5819,4.3366,3.3825,3.3825,2.577,2.0384,2.0384,
TAP_A01,3215,,,726698.17,9664322.53,L,10.0,A,,,20100116-20100213,10.0,A,,,20110704-20110711,500.000640863,10.62,10.62,local_fit,0.0,observed,-2.0,10.0,10.62,10.0,True,L,10.62,feldpausch,10.0,10.62,0.5819,18.3636,13.9133,13.9133,18.3636,13.9133,13.9133,
TAP_A01,3216,,,726690.24,9664323.78,O,9.7,A,7.66,11.43,20100116-20100213,9.8,A,1.71,9.27,20110704-20110711,500.000640863,10.47,11.43,measured,0.1,observed,-2.0,9.6,11.26,9.7,True,O,11.43,measured,9.5,11.258043787483569,0.5819,18.5905,13.9022,13.9022,17.5875,13.1705,13.1705,
TAP_A01,3217,,,726676.25,9664324.45,O,7.7,A,1.86,5.76,20100116-20100213,8.1,A,3.03,5.25,20110704-20110711,500.000640863,9.1,5.76,measured,0.4,observed,-2.0,7.3,5.34,7.7,True,O,5.76,measured,6.9,5.307270353737243,0.5819,6.0682,5.0011,5.0011,4.5224,3.7558,3.7558,
TAP_A01,3218,,,726672.26,9664324.7,O,6.1,A,1.75,3.82,20100116-20100213,6.1,A,2.91,11.54,20110704-20110711,500.000640863,7.36,3.82,measured,0.0,observed,-2.0,6.1,3.82,6.1,True,O,3.82,measured,6.1,3.82,0.5819,2.5794,2.2431,2.2431,2.5794,2.2431,2.2431,
TAP_A01,3219,Ecclinusa ramiflora,Sapotaceae,726669.08,9664325.1,O,18.6,A,7.88,13.63,20100116-20100213,16.6,A,6.48,13.86,20110704-20110711,500.000640863,15.16,13.63,measured,0.0,observed,-2.0,16.6,13.63,18.6,True,O,13.63,measured,18.6,13.63,0.961,78.6716,59.0341,59.0341,78.6716,59.0341,59.0341,
TAP_A01,3220,,,726665.79,9664325.4,O,14.9,A,9.41,14.03,20100116-20100213,15.1,A,12.08,18.75,20110704-20110711,500.000640863,14.21,14.03,measured,0.2,observed,-2.0,14.7,13.77,14.9,True,O,14.03,measured,14.5,13.76902995714675,0.5819,52.4866,38.7905,38.7905,48.8676,36.1758,36.1758,
TAP_A01,3221,,,726658.26,9664325.23,O,7.0,A,2.84,7.02,20100116-20100213,7.1,A,1.7,1.94,20110704-20110711,500.000640863,8.25,7.02,measured,0.1,observed,-2.0,6.9,6.88,7.0,True,O,7.02,measured,6.8,6.869122834494511,0.5819,6.1111,4.8591,4.8591,5.6537,4.5047,4.5047,
TAP_A01,3222,,,726658.23,9664326.22,O,23.0,A,5.81,16.14,20100116-20100213,23.1,A,9.91,16.4,20110704-20110711,500.000640863,18.84,16.14,measured,0.1,observed,-2.0,22.9,16.05,23.0,True,O,16.14,measured,22.8,16.050518944846228,0.5819,140.4324,103.6526,103.6526,137.3115,101.3956,101.3956,
TAP_A01,3223,,,726645.19,9664325.99,O,6.4,A,5.74,8.51,20100116-20100213,6.5,A,8.01,7.56,20110704-20110711,500.000640863,7.72,8.51,measured,0.1,observed,-2.0,6.3,8.31,6.4,True,O,8.51,measured,6.2,8.308529946333367,0.5819,6.1906,4.7545,4.7545,5.6841,4.3754,4.3754,
TAP_A01,3224,,,726635.85,9664327.27,O,12.9,A,10.76,16.29,20100116-20100213,13.4,A,10.71,15.85,20110704-20110711,500.000640863,13.08,16.29,measured,0.5,observed,-2.0,12.4,15.43,12.9,True,O,16.29,measured,11.9,15.387371073598114,0.5819,45.8318,32.8542,32.8542,37.034,26.6842,26.6842,
TAP_A01,3225,,,726634.06,9664327.48,O,31.3,D,,9.71,20100116-20100213,31.3,D,,9.76,20110704-20110711,500.000640863,22.69,9.71,measured,0.0,observed,-2.0,31.3,9.71,31.3,False,O,9.71,measured,31.3,9.71,0.5819,156.0591,156.0591,151.4501,156.0591,156.0591,151.4501,
TAP_A01,3226,,,726623.63,9664328.98,O,21.8,A,11.67,17.44,20100116-20100213,21.7,A,14.54,22.03,20110704-20110711,500.000640863,18.1,17.44,measured,0.0,observed,-2.0,21.7,17.44,21.8,True,O,17.44,measured,21.8,17.44,0.5819,136.4197,99.2105,99.2105,136.4197,99.2105,99.2105,
TAP_A01,3227,Virola sebifera,Myristicaceae,726612.5,9664330.48,O,26.7,A,12.35,17.28,20100116-20100213,26.7,A,12.96,17.24,20110704-20110711,500.000640863,20.62,17.28,measured,0.0,observed,-2.0,26.7,17.28,26.7,True,O,17.28,measured,26.7,17.28,0.4454,200.8415,147.7042,147.7042,200.8415,147.7042,147.7042,
TAP_A01,3228,,,726594.54,9664330.05,L,19.0,A,,,20100116-20100213,19.9,A,,,20110704-20110711,500.000640863,17.11,15.82,local_fit,0.9,observed,-2.0,18.1,14.86,19.0,True,L,17.11,feldpausch,17.2,16.010936669185114,0.5819,102.3858,74.1934,74.1934,79.0174,57.5876,57.5876,
TAP_A01,3229,,,726592.6,9664334.33,O,76.8,A,25.42,36.99,20100116-20100213,77.0,A,21.26,38.65,20110704-20110711,500.000640863,35.49,36.99,measured,0.2,observed,-2.0,76.6,36.92,76.8,True,O,36.99,measured,76.39999999999999,36.914144539294355,0.5819,3319.9848,2277.5865,2277.5865,3279.7377,2250.1419,2250.1419,
TAP_A01,3230,,,726584.52,9664330.07,O,6.7,A,4.19,7.74,20100116-20100213,6.8,A,3.76,7.08,20110704-20110711,500.000640863,7.99,7.74,measured,0.1,observed,-2.0,6.6,7.57,6.7,True,O,7.74,measured,6.5,7.565586067938631,0.5819,6.1712,4.8217,4.8217,5.6888,4.4543,4.4543,
TAP_A01,3231,,,726581.26,9664330.83,O,15.0,A,1.25,11.64,20100116-20100213,15.2,A,4.84,12.28,20110704-20110711,500.000640863,14.28,11.64,measured,0.2,observed,-2.0,14.8,11.43,15.0,True,O,11.64,measured,14.6,11.425151112676076,0.5819,44.316,33.7436,33.7436,41.281,31.4845,31.4845,
TAP_A01,3232,,,726578.2,9664331.52,O,23.1,A,,6.66,20100116-20100213,23.2,A,,7.95,20110704-20110711,500.000640863,18.89,6.66,measured,0.1,observed,-2.0,23.0,6.62,23.1,True,O,6.66,measured,22.900000000000002,6.623271792628247,0.5819,59.6956,50.6857,50.6857,58.3749,49.587,49.587,
TAP_A01,3233,,,726572.92,9664330.34,O,6.4,A,4.56,5.44,20100116-20100213,6.3,A,4.15,7.0,20110704-20110711,500.000640863,7.54,5.44,measured,0.0,observed,-2.0,6.3,5.44,6.4,True,O,5.44,measured,6.4,5.44,0.5819,4.0001,3.2972,3.2972,4.0001,3.2972,3.2972,
TAP_A01,3234,,,726561.89,9664331.88,O,11.8,A,7.48,9.42,20100116-20100213,12.0,A,5.47,10.42,20110704-20110711,500.000640863,12.11,9.42,measured,0.2,observed,-2.0,11.6,9.19,11.8,True,O,9.42,measured,11.4,9.191410948663329,0.5819,22.5657,17.5629,17.5629,20.5968,16.0663,16.0663,
TAP_A01,3235,Cecropia distachya,Urticaceae,726559.62,9664332.38,O,16.6,A,3.31,8.9,20100116-20100213,17.5,A,6.82,10.35,20110704-20110711,500.000640863,15.71,8.9,measured,0.9,observed,-2.0,15.7,8.27,16.6,True,O,8.9,measured,14.8,8.228787472274524,0.3404,41.5639,33.18,33.18,30.7737,24.7359,24.7359,
TAP_A01,3236,,,726550.47,9664331.9,O,6.1,D,,6.35,20100116-20100213,7.4,D,,5.41,20110704-20110711,500.000640863,8.51,6.35,measured,1.3,observed,-2.0,4.8,4.57,6.1,False,O,6.35,measured,3.4999999999999996,4.141828096075001,0.5819,4.2358,4.2358,4.1107,0.9438,0.9438,0.9159,
TAP_A01,3237,Dipteryx odorata,Fabaceae,726550.08,9664332.02,O,6.3,A,6.64,8.74,20100116-20100213,6.4,A,7.81,9.08,20110704-20110711,500.000640863,7.64,8.74,measured,0.1,observed,-2.0,6.2,8.52,6.3,True,O,8.74,measured,6.1,8.529549124692407,0.9228,6.1615,4.7087,4.7087,5.6495,4.3273,4.3273,
TAP_A01,3238,,,726539.01,9664332.91,O,16.8,A,7.87,11.53,20100116-20100213,16.8,A,6.48,12.02,20110704-20110711,500.000640863,15.29,11.53,measured,0.0,observed,-2.0,16.8,11.53,16.8,True,O,11.53,measured,16.8,11.53,0.5819,54.7785,42.0005,42.0005,54.7785,42.0005,42.0005,
TAP_A01,3239,,,726524.17,9664334.24,O,15.3,A,9.5,16.1,20100116-20100213,15.6,A,10.19,17.77,20110704-20110711,500.000640863,14.54,16.1,measured,0.3,observed,-2.0,15.0,15.67,15.3,True,O,16.1,measured,14.700000000000001,15.66297752375196,0.5819,63.218,45.7747,45.7747,56.9196,41.3144,41.3144,
TAP_A01,3240,,,726520.96,9664334.26,O,7.5,A,3.42,8.9,20100116-20100213,7.5,A,7.55,10.06,20110704-20110711,500.000640863,8.6,8.9,measured,0.0,observed,-2.0,7.5,8.9,7.5,True,O,8.9,measured,7.5,8.9,0.5819,8.8142,6.773,6.773,8.8142,6.773,6.773,
TAP_A01,3241,Bertholletia excelsa,Lecythidaceae,726518.8,9664336.53,O,50.3,A,21.82,29.63,20100116-20100213,50.5,A,29.48,47.92,20110704-20110711,500.000640863,29.43,29.63,measured,0.2,observed,-2.0,50.1,29.51,50.3,True,O,29.63,measured,49.9,29.51287345167186,0.638,1170.3924,814.8392,814.8392,1147.8474,799.3371,799.3371,
TAP_A01,3242,,,726511.85,9664334.31,O,5.0,A,2.77,5.94,20100116-20100213,5.1,A,2.74,6.22,20110704-20110711,500.000640863,6.43,5.94,measured,0.1,observed,-2.0,4.9,5.76,5.0,True,O,5.94,measured,4.8,5.756877689159324,0.5819,2.6919,2.1625,2.1625,2.4109,1.9426,1.9426,
TAP_A01,3243,,,726502.64,9664336.08,O,15.8,A,22.34,26.67,20100116-20100213,16.0,A,24.69,30.35,20110704-20110711,500.000640863,14.79,26.67,measured,0.2,observed,-2.0,15.6,26.22,15.8,True,O,26.67,measured,15.4,26.20647645202493,0.5819,110.1635,73.7667,73.7667,103.0073,69.0811,69.0811,
TAP_A01,3244,,,726497.52,9664335.95,O,9.6,A,4.79,6.37,20100116-20100213,9.6,A,5.71,8.69,20110704-20110711,500.000640863,10.31,6.37,measured,0.0,observed,-2.0,9.6,6.37,9.6,True,O,6.37,measured,9.6,6.37,0.5819,10.2966,8.4409,8.4409,10.2966,8.4409,8.4409,
TAP_A01,3245,,,726476.85,9664337.04,O,9.6,A,3.18,7.88,20100116-20100213,10.1,A,2.56,7.32,20110704-20110711,500.000640863,10.7,7.88,measured,0.5,observed,-2.0,9.1,7.31,9.6,True,O,7.88,measured,8.6,7.270689665349134,0.5819,12.6725,10.0452,10.0452,9.4515,7.5479,7.5479,
TAP_A01,3246,,,726471.57,9664337.62,O,10.0,A,5.81,7.65,20100116-20100213,10.2,A,4.68,10.89,20110704-20110711,500.000640863,10.78,7.65,measured,0.2,observed,-2.0,9.8,7.43,10.0,True,O,7.65,measured,9.6,7.426594691734097,0.5819,13.3326,10.6388,10.6388,11.9604,9.5699,9.5699,
TAP_A01,3247,Vataireopsis speciosa,Fabaceae,726465.83,9664337.08,O,14.4,A,8.4,11.26,20100116-20100213,14.5,A,8.79,11.72,20110704-20110711,500.000640863,13.82,11.26,measured,0.1,observed,-2.0,14.3,11.15,14.4,True,O,11.26,measured,14.200000000000001,11.151424810303327,0.65,39.6174,30.2652,30.2652,38.1876,29.198,29.198,
TAP_A01,3248,,,726438.11,9664339.21,O,5.3,A,2.74,6.17,20100116-20100213,5.3,A,2.98,3.9,20110704-20110711,500.000640863,6.62,6.17,measured,0.0,observed,-2.0,5.3,6.17,5.3,True,O,6.17,measured,5.3,6.17,0.5819,3.1302,2.5065,2.5065,3.1302,2.5065,2.5065,
TAP_A01,3249,,,726429.91,9664339.57,O,14.7,A,8.53,10.94,20100116-20100213,14.8,A,4.9,11.26,20110704-20110711,500.000640863,14.02,10.94,measured,0.1,observed,-2.0,14.6,10.84,14.7,True,O,10.94,measured,14.5,10.836980533142263,0.5819,40.1001,30.8042,30.8042,38.6831,29.7406,29.7406,
TAP_A01,3250,,,726428.43,9664339.81,O,7.5,A,6.04,7.65,20100116-20100213,7.5,A,5.58,7.36,20110704-20110711,500.000640863,8.6,7.65,measured,0.0,observed,-2.0,7.5,7.65,7.5,True,O,7.65,measured,7.5,7.65,0.5819,7.6039,5.9844,5.9844,7.6039,5.9844,5.9844,
TAP_A01,3251,,,726425.3,9664339.55,O,14.0,A,6.1,10.61,20100116-20100213,14.2,A,7.08,9.3,20110704-20110711,500.000640863,13.62,10.61,measured,0.2,observed,-2.0,13.8,10.41,14.0,True,O,10.61,measured,13.6,10.397987851766091,0.5819,35.3835,27.249,27.249,32.7847,25.2931,25.2931,
TAP_A01,3252,,,726419.76,9664340.55,O,8.9,A,6.42,11.06,20100116-20100213,9.2,A,6.11,8.37,20110704-20110711,500.000640863,10.0,11.06,measured,0.3,observed,-2.0,8.6,10.53,8.9,True,O,11.06,measured,8.3,10.506534706243933,0.5819,15.2186,11.3928,11.3928,12.6312,9.501,9.501,
TAP_A01,3253,,,726415.16,9664340.69,L,6.1,A,,,20100116-20100213,5.9,A,,,20110704-20110711,500.000640863,7.18,7.82,local_fit,0.0,observed,-2.0,5.9,7.82,6.1,True,L,7.18,feldpausch,6.1,7.18,0.5819,4.7753,3.7586,3.7586,4.7753,3.7586,3.7586,
TAP_A01,3254,,,726414.81,9664343.12,O,43.1,A,18.71,22.1,20100116-20100213,43.1,A,14.9,18.0,20110704-20110711,500.000640863,27.14,22.1,measured,0.0,observed,-2.0,43.1,22.1,43.1,True,O,22.1,measured,43.1,22.1,0.5819,650.2602,470.6812,470.6812,650.2602,470.6812,470.6812,
TAP_A01,3255,Theobroma glaucum,Malvaceae,726410.79,9664341.41,O,16.9,A,11.36,15.76,20100116-20100213,17.0,A,10.21,15.47,20110704-20110711,500.000640863,15.41,15.76,measured,0.1,observed,-2.0,16.8,15.64,16.9,True,O,15.76,measured,16.7,15.633755212128285,0.5297,75.1814,54.8825,54.8825,72.8801,53.2398,53.2398,
TAP_A01,3256,,,726407.79,9664341.4,O,8.8,A,6.67,9.16,20100116-20100213,8.9,A,6.48,7.9,20110704-20110711,500.000640863,9.76,9.16,measured,0.1,observed,-2.0,8.7,9.01,8.8,True,O,9.16,measured,8.600000000000001,9.006581197779527,0.5819,12.3851,9.5467,9.5467,11.648,8.9926,8.9926,
TAP_A01,3257,,,726394.96,9664341.45,O,8.2,A,5.62,7.79,20100116-20100213,8.2,A,2.95,6.04,20110704-20110711,500.000640863,9.19,7.79,measured,0.0,observed,-2.0,8.2,7.79,8.2,True,O,7.79,measured,8.2,7.79,0.5819,9.2123,7.2605,7.2605,9.2123,7.2605,7.2605,
TAP_A01,3258,,,726394.02,9664342.36,O,9.5,A,5.33,8.5,20100116-20100213,9.9,A,5.83,10.44,20110704-20110711,500.000640863,10.55,8.5,measured,0.4,observed,-2.0,9.1,7.99,9.5,True,O,8.5,measured,8.7,7.970208995538813,0.5819,13.3687,10.4658,10.4658,10.5739,8.3272,8.3272,
TAP_A01,3259,,,726390.51,9664342.28,O,14.6,A,7.77,10.39,20100116-20100213,14.7,A,7.83,10.9,20110704-20110711,500.000640863,13.95,10.39,measured,0.1,observed,-2.0,14.5,10.29,14.6,True,O,10.39,measured,14.4,10.291388703273816,0.5819,37.6265,29.1311,29.1311,36.2877,28.1182,28.1182,
TAP_A01,3260,,,726384.78,9664342.08,O,12.9,A,11.68,16.64,20100116-20100213,13.3,A,9.97,13.25,20110704-20110711,500.000640863,13.02,16.64,measured,0.4,observed,-2.0,12.5,15.92,12.9,True,O,16.64,measured,12.1,15.904912649387816,0.5819,46.7926,33.4305,33.4305,39.5141,28.3454,28.3454,
TAP_A01,3261,,,726382.51,9664342.53,O,9.0,A,3.35,10.67,20100116-20100213,9.1,A,4.91,10.26,20110704-20110711,500.000640863,9.92,10.67,measured,0.1,observed,-2.0,8.9,10.5,9.0,True,O,10.67,measured,8.8,10.49565066382899,0.5819,15.0186,11.3131,11.3131,14.1448,10.6711,10.6711,
TAP_A01,3262,,,726372.14,9664343.37,O,6.2,A,5.67,8.99,20100116-20100213,6.4,A,4.42,9.32,20110704-20110711,500.000640863,7.64,8.99,measured,0.2,observed,-2.0,6.0,8.55,6.2,True,O,8.99,measured,5.8,8.547245512882945,0.5819,6.1387,4.6668,4.6668,5.1302,3.9188,3.9188,
TAP_A01,3263,,,726360.13,9664343.67,O,12.2,D,,4.39,20100116-20100213,,D,,,20110704-20110711,500.000640863,,4.39,measured,0.2,site_median,-2.0,,,12.2,False,O,4.39,measured,11.799999999999999,4.287404496108142,0.5819,11.4309,11.4309,11.0933,10.4664,10.4664,10.1573,
TAP_A01,3264,Attalea speciosa,Arecaceae,726350.45,9664347.43,P,33.7,A,11.51,21.16,20100116-20100213,33.1,A,10.98,20.69,20110704-20110711,500.000640863,23.44,21.16,measured,0.0,observed,-2.0,33.1,21.16,33.7,True,P,21.16,measured,33.7,21.16,0.326,385.5649,,,385.5649,,,
TAP_A01,3265,Carapa guianensis,Meliaceae,726320.87,9664347.02,O,10.6,A,8.79,11.57,20100116-20100213,10.7,A,3.76,6.18,20110704-20110711,500.000640863,11.15,11.57,measured,0.1,observed,-2.0,10.5,11.41,10.6,True,O,11.57,measured,10.4,11.412267624599401,0.53,22.3703,16.7679,16.7679,21.2669,15.9609,15.9609,
TAP_A01,3266,,,726316.92,9664346.37,O,7.0,D,,5.25,20100116-20100213,7.4,D,,4.83,20110704-20110711,500.000640863,8.51,5.25,measured,0.4,observed,-2.0,6.6,4.82,7.0,False,O,5.25,measured,6.2,4.791995557413314,0.5819,4.6022,4.6022,4.4663,3.322,3.322,3.2238,
TAP_A01,3267,,,726309.39,9664347.69,O,12.2,A,2.12,8.13,20100116-20100213,12.3,A,2.31,7.47,20110704-20110711,500.000640863,12.32,8.13,measured,0.1,observed,-2.0,12.1,8.04,12.2,True,O,8.13,measured,12.0,8.035328847036498,0.5819,20.8585,16.6431,16.6431,19.9667,15.9483,15.9483,
TAP_A01,3268,Bertholletia excelsa,Lecythidaceae,726290.6,9664348.56,O,42.6,A,20.8,29.69,20100116-20100213,43.6,A,17.06,30.67,20110704-20110711,500.000640863,27.3,29.69,measured,1.0,observed,-2.0,41.6,28.96,42.6,True,O,29.69,measured,40.6,28.935388031671273,0.638,847.8827,585.4284,585.4284,752.7634,520.6678,520.6678,
TAP_A01,3269,Inga marginata,Fabaceae,726296.94,9664347.41,O,6.5,A,6.52,8.96,20100116-20100213,6.9,A,5.77,7.04,20110704-20110711,500.000640863,8.08,8.96,measured,0.4,observed,-2.0,6.1,8.16,6.5,True,O,8.96,measured,5.7,8.112603590049067,0.5518,6.71,5.1153,5.1153,4.7127,3.6266,3.6266,
TAP_A01,3270,,,726298.32,9664346.93,O,7.1,A,5.46,8.24,20100116-20100213,7.4,D,,3.17,20110704-20110711,500.000640863,8.51,8.24,measured,0.3,observed,-2.0,6.8,7.74,7.1,True,O,8.24,measured,6.5,7.711748496914771,0.5819,7.3462,5.6991,5.6991,5.796,4.5246,4.5246,
TAP_A01,3271,Cecropia palmata,Urticaceae,726300.76,9664346.77,O,12.7,A,14.79,16.2,20100116-20100213,13.6,A,4.86,6.09,20110704-20110711,500.000640863,13.22,16.2,measured,0.9,observed,-2.0,11.8,14.66,12.7,True,O,16.2,measured,10.899999999999999,14.531783457889452,0.3404,44.2153,31.6993,31.6993,29.508,21.3643,21.3643,
TAP_A01,3272,,,726315.98,9664345.82,O,6.4,A,5.16,6.24,20100116-20100213,6.5,A,4.48,7.17,20110704-20110711,500.000640863,7.72,6.24,measured,0.1,observed,-2.0,6.3,6.09,6.4,True,O,6.24,measured,6.2,6.0922710769823984,0.5819,4.5732,3.6888,3.6888,4.1991,3.3946,3.3946,
TAP_A01,3273,Pourouma guianensis,Urticaceae,726316.97,9664345.56,O,28.3,A,11.78,13.73,20100116-20100213,30.1,A,10.84,17.47,20110704-20110711,500.000640863,22.17,13.73,measured,1.8,observed,-2.0,26.5,12.71,28.3,True,O,13.73,measured,24.7,12.627147541472546,0.38,179.7688,137.4823,137.4823,127.022,97.796,97.796,
TAP_A01,3274,,,726324.27,9664345.36,O,6.3,A,3.21,5.54,20100116-20100213,6.3,A,4.61,5.9,20110704-20110711,500.000640863,7.54,5.54,measured,0.0,observed,-2.0,6.3,5.54,6.3,True,O,5.54,measured,6.3,5.54,0.5819,3.9486,3.2429,3.2429,3.9486,3.2429,3.2429,
TAP_A01,3275,Minquartia guianensis,Olacaceae,726332.87,9664345.12,O,6.9,A,2.11,3.76,20100116-20100213,7.0,A,2.07,2.48,20110704-20110711,500.000640863,8.17,3.76,measured,0.1,observed,-2.0,6.8,3.68,6.9,True,O,3.76,measured,6.7,3.677921055689669,0.7867,3.2306,2.8331,2.8331,2.9853,2.6234,2.6234,
TAP_A01,3276,,,726342.8,9664343.65,O,11.7,A,2.38,6.17,20100116-20100213,11.9,A,3.28,7.03,20110704-20110711,500.000640863,12.03,6.17,measured,0.2,observed,-2.0,11.5,6.03,11.7,True,O,6.17,measured,11.299999999999999,6.018834243016297,0.5819,14.6851,12.2147,12.2147,13.3929,11.165,11.165,
TAP_A01,3277,,,726342.81,9664343.85,O,13.5,A,1.17,7.88,20100116-20100213,14.5,A,3.28,7.03,20110704-20110711,500.000640863,13.82,7.88,measured,1.0,observed,-2.0,12.5,7.1,13.5,True,O,7.88,measured,11.5,7.036714219069129,0.5819,24.6537,19.8649,19.8649,16.1427,13.1403,13.1403,
TAP_A01,3278,Bertholletia excelsa,Lecythidaceae,726344.74,9664344.18,O,10.9,A,4.11,8.63,20100116-20100213,11.5,A,7.35,12.31,20110704-20110711,500.000640863,11.75,8.63,measured,0.6,observed,-2.0,10.3,7.97,10.9,True,O,8.63,measured,9.700000000000001,7.932771526614731,0.638,17.7445,13.9498,13.9498,13.016,10.3118,10.3118,
TAP_A01,3279,,,726350.06,9664342.85,O,23.9,D,,1.59,20100116-20100213,7.4,D,,1.59,20110704-20110711,500.000640863,8.51,1.59,measured,0.0,observed,-2.0,7.4,1.59,23.9,False,O,1.59,measured,23.9,1.59,0.5819,15.7637,15.7637,15.2981,15.7637,15.7637,15.2981,
TAP_A01,3280,,,726354.83,9664343.8,O,8.4,A,6.45,7.49,20100116-20100213,8.6,A,5.74,9.12,20110704-20110711,500.000640863,9.52,7.49,measured,0.2,observed,-2.0,8.2,7.23,8.4,True,O,7.49,measured,8.0,7.224837903005274,0.5819,9.2928,7.3781,7.3781,8.1566,6.4977,6.4977,
TAP_A01,3281,Theobroma glaucum,Malvaceae,726356.64,9664342.34,O,17.3,A,11.75,14.0,20100116-20100213,17.6,A,10.01,12.94,20110704-20110711,500.000640863,15.77,14.0,measured,0.3,observed,-2.0,17.0,13.68,17.3,True,O,14.0,measured,16.7,13.670740463644098,0.5297,70.1048,52.2017,52.2017,63.9346,47.7057,47.7057,
TAP_A01,3282,Parahancornia fasciculata,Apocynaceae,726364.56,9664343.19,O,5.1,A,6.32,9.09,20100116-20100213,5.1,A,8.16,10.78,20110704-20110711,500.000640863,6.43,9.09,measured,0.0,observed,-2.0,5.1,9.09,5.1,True,O,9.09,measured,5.1,9.09,0.4733,4.2383,3.1864,3.1864,4.2383,3.1864,3.1864,
TAP_A01,3283,,,726365.79,9664342.72,O,18.1,A,6.91,9.58,20100116-20100213,20.2,A,10.24,13.72,20110704-20110711,500.000640863,17.28,9.58,measured,2.1,observed,-2.0,16.0,8.2,18.1,True,O,9.58,measured,13.900000000000002,8.001976568312376,0.5819,52.8764,41.8961,41.8961,26.4939,21.3258,21.3258,
TAP_A01,3284,,,726396.93,9664340.87,O,30.3,A,14.11,16.04,20100116-20100213,30.2,A,12.13,17.83,20110704-20110711,500.000640863,22.22,16.04,measured,0.0,observed,-2.0,30.2,16.04,30.3,True,O,16.04,measured,30.3,16.04,0.5819,239.0651,178.9789,178.9789,239.0651,178.9789,178.9789,
TAP_A01,3285,,,726411.39,9664339.72,O,12.3,A,7.18,11.61,20100116-20100213,12.4,A,7.41,10.73,20110704-20110711,500.000640863,12.39,11.61,measured,0.1,observed,-2.0,12.2,11.48,12.3,True,O,11.61,measured,12.100000000000001,11.476045674587116,0.5819,30.0076,22.6414,22.6414,28.7353,21.704,21.704,
TAP_A01,3286,,,726412.47,9664339.45,O,11.7,A,11.64,13.64,20100116-20100213,11.8,A,9.04,14.02,20110704-20110711,500.000640863,11.96,13.64,measured,0.1,observed,-2.0,11.6,13.48,11.7,True,O,13.64,measured,11.5,13.473501087290494,0.5819,31.8521,23.3727,23.3727,30.431,22.3548,22.3548,
TAP_A01,3287,,,726415.65,9664338.95,O,20.2,A,14.94,17.59,20100116-20100213,20.4,A,8.71,16.56,20110704-20110711,500.000640863,17.39,17.59,measured,0.2,observed,-2.0,20.0,17.37,20.2,True,O,17.59,measured,19.8,17.361190881047797,0.5819,118.5458,85.7807,85.7807,112.5591,81.5391,81.5391,
TAP_A01,3288,,,726417.9,9664339.72,O,5.2,A,2.65,4.23,20100116-20100213,5.2,A,2.58,3.8,20110704-20110711,500.000640863,6.52,4.23,measured,0.0,observed,-2.0,5.2,4.23,5.2,True,O,4.23,measured,5.2,4.23,0.5819,2.0864,1.7718,1.7718,2.0864,1.7718,1.7718,
TAP_A01,3289,,,726420.9,9664339.58,O,5.1,A,5.0,8.95,20100116-20100213,5.1,A,5.11,9.29,20110704-20110711,500.000640863,6.43,8.95,measured,0.0,observed,-2.0,5.1,8.95,5.1,True,O,8.95,measured,5.1,8.95,0.5819,4.1746,3.1462,3.1462,4.1746,3.1462,3.1462,
TAP_A01,3290,,,726432.44,9664338.36,O,18.7,A,7.43,9.36,20100116-20100213,18.8,A,11.0,14.77,20110704-20110711,500.000640863,16.48,9.36,measured,0.1,observed,-2.0,18.6,9.29,18.7,True,O,9.36,measured,18.5,9.293442669814938,0.5819,55.0885,43.8779,43.8779,53.5698,42.6944,42.6944,
TAP_A01,3291,,,726445.29,9664337.96,O,14.5,A,7.07,12.27,20100116-20100213,14.6,A,5.6,9.46,20110704-20110711,500.000640863,13.89,12.27,measured,0.1,observed,-2.0,14.4,12.16,14.5,True,O,12.27,measured,14.3,12.152622280893672,0.5819,43.668,32.9208,32.9208,42.1031,31.7681,31.7681,
TAP_A01,3292,,,726447.64,9664337.86,O,15.3,A,6.31,11.25,20100116-20100213,15.4,A,1.12,5.93,20110704-20110711,500.000640863,14.41,11.25,measured,0.1,observed,-2.0,15.2,11.15,15.3,True,O,11.25,measured,15.100000000000001,11.148836977787196,0.5819,44.5557,34.1417,34.1417,43.0447,33.0101,33.0101,
TAP_A01,3293,Astrocaryum aculeatum ,Arecaceae,726457.12,9664335.62,P,22.9,A,20.78,28.46,20100116-20100213,23.0,A,18.21,26.07,20110704-20110711,500.000640863,18.79,28.46,measured,0.1,observed,-2.0,22.8,28.29,22.9,True,P,28.46,measured,22.7,28.30137451622085,0.508,242.2104,,,236.8031,,,
TAP_A01,3294,,,726460.82,9664337.04,O,8.0,A,3.49,5.66,20100116-20100213,8.1,A,3.42,7.12,20110704-20110711,500.000640863,9.1,5.66,measured,0.1,observed,-2.0,7.9,5.56,8.0,True,O,5.66,measured,7.8,5.55477824046788,0.5819,6.4275,5.3216,5.3216,6.0065,4.9818,4.9818,
TAP_A01,3295,,,726480.12,9664334.88,O,16.3,A,8.26,9.33,20100116-20100213,16.4,A,8.56,14.31,20110704-20110711,500.000640863,15.04,9.33,measured,0.1,observed,-2.0,16.2,9.25,16.3,True,O,9.33,measured,16.1,9.252042572271533,0.5819,42.0006,33.2505,33.2505,40.6661,32.2176,32.2176,
TAP_A01,3296,,,726480.42,9664334.81,O,12.3,A,8.24,9.81,20100116-20100213,15.5,A,9.24,12.66,20110704-20110711,500.000640863,14.47,9.81,measured,3.2,observed,-2.0,9.1,6.73,12.3,True,O,9.81,measured,5.9,5.717003579119337,0.5819,25.458,19.7267,19.7267,3.5823,2.9183,2.9183,
TAP_A01,3339,,,726490.92,9664334.61,O,,A,,,20100116-20100213,11.8,A,10.43,12.24,20110704-20110711,500.000640863,11.96,12.24,measured,0.2,site_median,-2.0,11.4,11.94,,True,O,11.96,feldpausch,,,0.5819,,,,,,,
TAP_A01,3297,,,726484.22,9664334.83,O,11.8,A,6.58,8.64,20100116-20100213,12.1,A,6.11,7.82,20110704-20110711,500.000640863,12.18,8.64,measured,0.3,observed,-2.0,11.5,8.33,11.8,True,O,8.64,measured,11.200000000000001,8.324386884164497,0.5819,20.7401,16.3641,16.3641,18.0633,14.3003,14.3003,
TAP_A01,3298,Jacaranda copaia,Bignoniaceae,726508.94,9664331.08,O,39.0,A,15.86,29.32,20100116-20100213,39.1,A,20.55,24.12,20110704-20110711,500.000640863,25.75,29.32,measured,0.1,observed,-2.0,38.9,29.24,39.0,True,O,29.32,measured,38.8,29.237418704827675,0.3507,704.9703,485.6561,485.6561,696.012,479.58,479.58,
TAP_A01,3299,Jacaranda copaia,Bignoniaceae,726516.25,9664329.37,O,41.5,A,22.06,25.93,20100116-20100213,41.8,A,24.28,28.49,20110704-20110711,500.000640863,26.7,25.93,measured,0.3,observed,-2.0,41.2,25.73,41.5,True,O,25.93,measured,40.9,25.727897542224934,0.3507,705.9303,497.3317,497.3317,680.9248,479.973,479.973,
TAP_A01,3300,,,726524.08,9664332.94,O,5.3,A,7.57,9.45,20100116-20100213,5.4,A,7.46,9.01,20110704-20110711,500.000640863,6.71,9.45,measured,0.1,observed,-2.0,5.2,9.18,5.3,True,O,9.45,measured,5.1,9.176195235741398,0.5819,4.7454,3.5523,3.5523,4.2776,3.2111,3.2111,
TAP_A01,3301,,,726539.66,9664332.12,O,11.6,A,7.37,13.34,20100116-20100213,11.8,A,7.24,12.1,20110704-20110711,500.000640863,11.96,13.34,measured,0.2,observed,-2.0,11.4,13.02,11.6,True,O,13.34,measured,11.2,13.009995149798081,0.5819,30.6503,22.5607,22.5607,27.9299,20.6051,20.6051,
TAP_A01,3302,,,726550.25,9664331.56,O,7.3,A,5.42,7.36,20100116-20100213,7.5,A,7.7,11.05,20110704-20110711,500.000640863,8.6,7.36,measured,0.2,observed,-2.0,7.1,7.06,7.3,True,O,7.36,measured,6.8999999999999995,7.056269348873081,0.5819,6.9461,5.493,5.493,5.9718,4.7412,4.7412,
TAP_A01,3303,Couratari stellata,Lecythidaceae,726554.76,9664323.51,O,96.3,A,41.92,49.07,20100116-20100213,96.1,A,27.57,44.77,20110704-20110711,500.000640863,38.46,49.07,measured,0.0,observed,-2.0,96.1,49.07,96.3,True,O,49.07,measured,96.3,49.07,0.6331,6803.5515,4512.3167,4512.3167,6803.5515,4512.3167,4512.3167,
TAP_A01,3304,,,726578.65,9664329.14,O,8.8,A,8.28,11.23,20100116-20100213,8.8,A,6.48,10.23,20110704-20110711,500.000640863,9.68,11.23,measured,0.0,observed,-2.0,8.8,11.23,8.8,True,O,11.23,measured,8.8,11.23,0.5819,15.1099,11.2781,11.2781,15.1099,11.2781,11.2781,
TAP_A01,3305,,,726579.91,9664328.46,O,14.9,A,9.12,12.23,20100116-20100213,7.4,D,1.62,1.9,20110704-20110711,500.000640863,8.51,12.23,measured,0.0,observed,-2.0,7.4,12.23,14.9,True,O,12.23,measured,14.9,12.23,0.5819,45.9038,34.6694,34.6694,45.9038,34.6694,34.6694,
TAP_A01,3306,,,726582.21,9664328.26,O,22.5,A,15.18,20.28,20100116-20100213,22.5,A,22.03,28.05,20110704-20110711,500.000640863,18.53,20.28,measured,0.0,observed,-2.0,22.5,20.28,22.5,True,O,20.28,measured,22.5,20.28,0.5819,168.12,119.5656,119.5656,168.12,119.5656,119.5656,
TAP_A01,3307,,,726598.35,9664328.46,O,22.1,A,11.07,13.18,20100116-20100213,22.2,A,17.04,22.53,20110704-20110711,500.000640863,18.37,13.18,measured,0.1,observed,-2.0,22.0,13.1,22.1,True,O,13.18,measured,21.900000000000002,13.103290332350959,0.5819,106.5987,81.0839,81.0839,104.1288,79.2437,79.2437,
TAP_A01,3308,,,726603.12,9664327.81,O,11.3,A,6.89,11.35,20100116-20100213,11.7,A,9.06,14.2,20110704-20110711,500.000640863,11.89,11.35,measured,0.4,observed,-2.0,10.9,10.79,11.3,True,O,11.35,measured,10.5,10.767415543975003,0.5819,24.874,18.7587,18.7587,20.4721,15.5133,15.5133,
TAP_A01,3309,Carapa guianensis,Meliaceae,726612.01,9664327.45,O,16.9,A,10.97,17.23,20100116-20100213,18.0,A,17.14,16.63,20110704-20110711,500.000640863,16.01,17.23,measured,1.1,observed,-2.0,15.8,15.78,16.9,True,O,17.23,measured,14.7,15.665451038768245,0.53,82.0181,59.0356,59.0356,56.9283,41.3197,41.3197,
TAP_A01,3310,Bertholletia excelsa,Lecythidaceae,726612.81,9664320.89,O,78.3,A,31.67,41.12,20100116-20100213,83.4,A,27.57,41.17,20110704-20110711,500.000640863,36.59,41.12,measured,5.0,observed,-2.0,73.4,39.13,78.3,True,O,41.12,measured,68.3,38.90576870464952,0.638,3822.9576,2581.5375,2581.5375,2773.9815,1877.2941,1877.2941,
TAP_A01,3311,Cecropia palmata,Urticaceae,726614.32,9664327.43,O,6.2,A,12.27,13.44,20100116-20100213,6.3,A,11.77,12.53,20110704-20110711,500.000640863,7.54,13.44,measured,0.1,observed,-2.0,6.1,13.12,6.2,True,O,13.44,measured,6.0,13.110763270660971,0.3404,9.0892,6.4845,6.4845,8.3218,5.9509,5.9509,
TAP_A01,3312,,,726623.89,9664326.71,O,6.8,A,2.87,4.57,20100116-20100213,7.1,A,1.98,4.86,20110704-20110711,500.000640863,8.25,4.57,measured,0.3,observed,-2.0,6.5,4.28,6.8,True,O,4.57,measured,6.2,4.262939145137384,0.5819,3.7984,3.2277,3.2277,2.9635,2.5348,2.5348,
TAP_A01,3313,,,726623.0,9664326.9,O,7.4,A,2.29,3.44,20100116-20100213,7.4,D,0.85,1.77,20110704-20110711,500.000640863,8.51,3.44,measured,0.0,observed,-2.0,7.4,3.44,7.4,True,O,3.44,measured,7.4,3.44,0.5819,3.3953,3.0299,3.0299,3.3953,3.0299,3.0299,
TAP_A01,3314,Carapa guianensis,Meliaceae,726627.4,9664326.7,O,8.7,A,10.69,14.01,20100116-20100213,9.9,A,10.69,14.91,20110704-20110711,500.000640863,10.55,14.01,measured,1.2,observed,-2.0,7.5,11.42,8.7,True,O,14.01,measured,6.299999999999999,11.015209148463985,0.53,18.3369,13.2094,13.2094,7.7225,5.6897,5.6897,
TAP_A01,3315,,,726632.19,9664326.4,O,10.0,A,6.2,15.91,20100116-20100213,10.1,A,7.54,15.43,20110704-20110711,500.000640863,10.7,15.91,measured,0.1,observed,-2.0,9.9,15.69,10.0,True,O,15.91,measured,9.8,15.67858613353297,0.5819,27.2452,19.3654,19.3654,25.8198,18.3769,18.3769,
TAP_A01,3316,Laetia procera,Salicaceae,726632.62,9664323.71,O,58.6,A,18.99,27.02,20100116-20100213,59.1,A,28.62,35.76,20110704-20110711,500.000640863,31.72,27.02,measured,0.5,observed,-2.0,58.1,26.81,58.6,True,O,27.02,measured,57.6,26.805911339596932,0.6481,1441.1916,1025.5889,1025.5889,1382.797,984.4577,984.4577,
TAP_A01,3317,Carapa guianensis,Meliaceae,726633.28,9664326.18,O,14.7,A,15.73,18.31,20100116-20100213,16.5,A,22.26,33.95,20110704-20110711,500.000640863,15.1,18.31,measured,1.8,observed,-2.0,12.9,15.45,14.7,True,O,18.31,measured,11.1,15.026903865848594,0.53,66.29,46.9433,46.9433,31.5904,22.7711,22.7711,
TAP_A01,3318,,,726635.39,9664326.3,O,5.3,A,9.56,11.95,20100116-20100213,5.7,A,8.04,11.64,20110704-20110711,500.000640863,6.99,11.95,measured,0.4,observed,-2.0,4.9,10.65,5.3,True,O,11.95,measured,4.5,10.540204257077683,0.5819,5.967,4.3043,4.3043,3.8356,2.8001,2.8001,
TAP_A01,3319,,,726644.45,9664323.78,O,24.0,A,8.01,11.31,20100116-20100213,24.1,A,9.06,11.53,20110704-20110711,500.000640863,19.35,11.31,measured,0.1,observed,-2.0,23.9,11.25,24.0,True,O,11.31,measured,23.8,11.250483496534407,0.5819,107.8481,84.3751,84.3751,105.5558,82.6174,82.6174,
TAP_A01,3320,,,726646.06,9664325.53,O,7.7,A,9.46,14.31,20100116-20100213,8.3,A,10.64,15.4,20110704-20110711,500.000640863,9.27,14.31,measured,0.6,observed,-2.0,7.1,12.74,7.7,True,O,14.31,measured,6.5,12.606790489247032,0.5819,14.7501,10.5282,10.5282,9.3639,6.7636,6.7636,
TAP_A01,3321,,,726648.83,9664325.01,O,6.2,A,5.41,8.71,20100116-20100213,6.5,A,4.48,10.81,20110704-20110711,500.000640863,7.72,8.71,measured,0.3,observed,-2.0,5.9,8.1,6.2,True,O,8.71,measured,5.6000000000000005,8.063133504747713,0.5819,5.9521,4.5476,4.5476,4.5256,3.483,3.483,
TAP_A01,3322,,,726649.37,9664324.02,O,14.8,A,14.39,17.81,20100116-20100213,16.2,A,12.35,17.71,20110704-20110711,500.000640863,14.91,17.81,measured,1.4,observed,-2.0,13.4,15.62,14.8,True,O,17.81,measured,12.0,15.379665683908323,0.5819,65.3822,46.5185,46.5185,37.6255,27.1234,27.1234,
TAP_A01,3323,,,726651.76,9664325.33,O,8.5,A,8.33,11.08,20100116-20100213,8.5,A,6.69,9.73,20110704-20110711,500.000640863,9.43,11.08,measured,0.0,observed,-2.0,8.5,11.08,8.5,True,O,11.08,measured,8.5,11.08,0.5819,13.9366,10.4071,10.4071,13.9366,10.4071,10.4071,
TAP_A01,3324,Bertholletia excelsa,Lecythidaceae,726664.21,9664324.25,O,5.2,A,7.82,11.52,20100116-20100213,5.4,A,7.02,13.75,20110704-20110711,500.000640863,6.71,11.52,measured,0.2,observed,-2.0,5.0,10.87,5.2,True,O,11.52,measured,4.8,10.834728613961952,0.638,5.5472,4.021,4.021,4.4692,3.2585,3.2585,
TAP_A01,3325,Goupia glabra,Goupiaceae,726664.67,9664321.96,O,26.5,A,17.88,22.32,20100116-20100213,28.1,A,15.53,24.06,20110704-20110711,500.000640863,21.28,22.32,measured,1.6,observed,-2.0,24.9,20.72,26.5,True,O,22.32,measured,23.3,20.595670238826322,0.7272,254.0751,179.3837,179.3837,182.7194,129.8494,129.8494,
TAP_A01,3326,Anacardium spruceanum,Anacardiaceae,726698.37,9664319.21,O,49.7,A,24.87,29.3,20100116-20100213,49.8,A,20.71,28.51,20110704-20110711,500.000640863,29.22,29.3,measured,0.1,observed,-2.0,49.6,29.24,49.7,True,O,29.3,measured,49.5,29.241187248429622,0.4792,1130.866,788.2608,788.2608,1119.8018,780.6453,780.6453,
TAP_A01,3327,,,726701.91,9664321.34,P,55.1,A,2.53,14.03,20100116-20100213,57.8,A,4.59,14.16,20110704-20110711,500.000640863,31.39,14.03,measured,2.7,observed,-2.0,52.4,13.39,55.1,True,P,14.03,measured,49.7,13.343617055215663,0.5819,674.0885,,,524.826,,,
TAP_A01,3328,,,726721.85,9664319.8,L,17.5,A,,,20100116-20100213,17.9,A,,,20110704-20110711,500.000640863,15.95,15.03,local_fit,0.4,observed,-2.0,17.1,14.58,17.5,True,L,15.95,feldpausch,16.7,15.455115879138447,0.5819,81.4264,59.4284,59.4284,72.0672,52.7416,52.7416,
TAP_A01,3329,,,726721.8,9664317.35,O,78.7,A,33.73,42.73,20100116-20100213,79.2,A,33.73,42.73,20110704-20110711,500.000640863,35.88,42.73,measured,0.5,observed,-2.0,78.2,42.53,78.7,True,O,42.73,measured,77.7,42.51868136029698,0.5819,4008.6549,2691.2153,2691.2153,3890.9566,2612.6412,2612.6412,
TAP_A01,3330,Ecclinusa ramiflora,Sapotaceae,726729.56,9664318.12,O,31.1,A,25.54,30.06,20100116-20100213,31.2,A,21.1,29.7,20110704-20110711,500.000640863,22.65,30.06,measured,0.1,observed,-2.0,31.0,29.94,31.1,True,O,30.06,measured,30.900000000000002,29.945831950266058,0.961,464.3508,315.192,315.192,456.8398,310.1841,310.1841,
TAP_A01,3331,Eschweilera grandifolia,Lecythidaceae,726736.43,9664319.09,O,39.0,A,26.08,30.62,20100116-20100213,39.5,A,20.75,29.12,20110704-20110711,500.000640863,25.89,30.62,measured,0.5,observed,-2.0,38.5,30.19,39.0,True,O,30.62,measured,38.0,30.18518599338202,0.8314,735.4614,503.2003,503.2003,689.4092,472.1696,472.1696,
TAP_A01,3332,,,726751.66,9664319.04,O,20.4,A,13.69,14.6,20100116-20100213,21.5,A,14.66,17.89,20110704-20110711,500.000640863,17.99,14.6,measured,1.1,observed,-2.0,19.3,13.61,20.4,True,O,14.6,measured,18.2,13.54190587653482,0.5819,100.7551,75.1208,75.1208,74.9272,56.2233,56.2233,
TAP_A01,3333,,,726758.83,9664318.39,O,20.0,A,12.83,16.79,20100116-20100213,20.4,A,15.62,21.87,20110704-20110711,500.000640863,17.39,16.79,measured,0.4,observed,-2.0,19.6,16.36,20.0,True,O,16.79,measured,19.2,16.34553351375078,0.5819,111.1017,80.9489,80.9489,99.9407,72.9831,72.9831,
TAP_A01,3334,,,726762.83,9664315.04,P,36.5,A,3.22,14.98,20100116-20100213,38.2,A,0.57,12.76,20110704-20110711,500.000640863,25.42,14.98,measured,1.7,observed,-2.0,34.8,14.22,36.5,True,P,14.98,measured,33.1,14.168395013665746,0.5819,321.6295,,,251.683,,,
TAP_A01,3335,Protium hepytaphillum ,Burseraceae,726773.34,9664316.49,O,16.2,A,13.23,15.57,20100116-20100213,16.8,A,8.09,18.46,20110704-20110711,500.000640863,15.29,15.57,measured,0.6,observed,-2.0,15.6,14.81,16.2,True,O,15.57,measured,15.0,14.771807670675859,0.5773,68.4081,49.9323,49.9323,55.9188,41.0052,41.0052,
TAP_A01,3336,,,726776.11,9664315.91,P,49.8,A,1.97,9.27,20100116-20100213,50.7,A,,10.33,20110704-20110711,500.000640863,29.48,9.27,measured,0.9,observed,-2.0,48.9,9.11,49.8,True,P,9.27,measured,48.0,9.100442668988387,0.5819,369.2514,,,337.5115,,,
TAP_A01,3337,Inga marginata,Fabaceae,726780.3,9664317.16,O,26.0,A,12.39,19.87,20100116-20100213,26.6,A,2.31,3.94,20110704-20110711,500.000640863,20.58,19.87,measured,0.6,observed,-2.0,25.4,19.31,26.0,True,O,19.87,measured,24.8,19.29485105749842,0.5518,218.5394,157.0117,157.0117,193.6517,139.4614,139.4614,
