site,tree_id,scientific_name,family_name,utm_easting,utm_northing,dbh,htot,hcom,dead,type,htot_feldpausch
FN_A01,98,,,70.661.811.988.124,86.448.789.419.992,20.0,13.23,1.47,True,O,17.17
FN_A01,100,,,7.066.328.629.808,8.644.868.699.504,31.4,16.72,1.34,True,O,22.73
FN_A01,104,,,7.066.203.391.618,8.644.890.205.604,25.2,5.62,1.43,True,O,19.9
FN_A01,105,,,70.661.820.815.078,86.448.832.846.724,44.0,25.33,2.73,True,O,27.43
FN_A01,122,,,706.623.882.547.259,86.450.487.597.179,22.6,6.86,1.26,True,O,18.58
FN_A01,123,,,706.622.169.951.968,864.505.377.060.984,16.0,7.1,1.64,True,O,14.79
FN_A01,124,,,706.622.193.376.096,864.505.506.358.048,38.0,4.99,1.11,True,O,25.35
FN_A01,125,,,706.625.031.992.733,864.505.710.066.806,22.3,18.54,1.43,True,O,18.42
FN_A01,127,,,706.623.332.755.312,864.517.235.569.728,52.9,5.01,1.66,True,O,30.1
FN_A01,128,,,706.629.474.129.368,864.518.355.687.892,60.1,32.31,2.41,True,O,31.96
FN_A01,129,,,70.666.221.253.672,86.451.845.076.528,75.0,23.35,2.2,True,O,35.13
FN_A01,130,,,706.633.172.160.128,864.532.064.590.624,50.0,4.44,1.97,True,O,29.28
FN_A01,131,,,706.626.401.125.172,864.536.217.705.576,17.8,5.72,1.97,True,O,15.89
FN_A01,132,,,70.666.671.130.568,86.453.169.351.144,41.0,1.64,0.95,True,O,26.42
FN_A01,134,,,706.632.310.059.748,864.534.860.477.384,38.3,12.76,1.68,True,O,25.46
FN_A01,135,,,706.640.557.963.328,864.536.070.356.224,52.4,29.97,2.92,True,O,29.96
FN_A01,136,,,706.652.546.626.688,864.535.538.019.104,45.9,5.6,1.93,True,O,28.04
FN_A01,137,,,70.699.539.055.716,86.447.177.872.144,21.2,3.69,1.46,True,O,17.83
FN_A01,138,,,706.984.815.483.728,864.473.409.778.672,13.9,6.36,1.18,True,O,13.42
FN_A01,139,,,706.982.617.614.792,864.473.973.259.808,22.3,7.09,1.3,True,O,18.42
FN_A01,140,,,707.009.509.801.096,864.475.273.528.704,40.0,19.55,2.11,True,O,26.07
FN_A01,141,Qualea paraensis,Vochysiaceae,706.972.796.979.872,864.485.837.263.168,43.5,13.76,11.47,False,O,27.27
FN_A01,142,,,70.695.792.214.216,86.448.539.303.504,38.6,3.53,1.45,True,O,25.57
FN_A01,143,Qualea paraensis,Vochysiaceae,706.950.349.077.536,864.486.281.499.584,55.8,26.39,17.85,False,O,30.88
FN_A01,144,,,706.952.373.804.941,864.487.969.423.635,37.1,26.58,3.47,True,O,25.01
FN_A01,145,,,70.696.727.154.888,86.449.029.563.912,36.2,20.71,2.24,True,O,24.67
FN_A01,146,,,706.898.277.094,8.645.017.977,35.1,10.32,2.31,True,O,24.25
FN_A01,147,Anacardium spruceanum,Anacardiaceae,70.688.945.361.016,86.449.991.339.336,36.1,21.82,13.06,False,O,24.63
FN_A01,148,,,706.891.201.526.848,864.500.649.499.808,13.0,13.22,1.8,True,O,12.81
FN_A01,149,,,70.689.457.535.816,86.450.046.306.316,57.6,5.57,2.11,True,O,31.34
FN_A01,150,,,7.068.875.876.412,8.645.016.022.372,47.5,2.03,1.4,True,O,28.54
FN_A01,151,,,706.881.587.638.448,864.515.023.136.832,47.4,27.46,1.61,True,O,28.51
FN_A01,152,,,706.872.279.695.872,864.514.275.371.648,59.3,18.7,1.95,True,O,31.76
FN_A01,153,,,7.068.360.400.072,8.645.169.015.728,38.0,18.35,1.73,True,O,25.35
FN_A01,154,,,7.068.352.519.668,8.645.174.069.602,38.7,10.06,1.85,True,O,25.61
FN_A01,155,Aniba parviflora,Lauraceae,706.873.955.175.032,864.514.161.075.888,48.0,27.39,19.72,False,O,28.69
FN_A01,1,Croton urucurana,Euphorbiaceae,706.748.291.682.592,864.265.970.746.704,11.2,14.82,10.3,False,O,11.53
FN_A01,2,Inga sp.,Fabaceae,706.772.440.491.952,864.266.955.557.024,11.8,11.46,5.67,False,O,11.96
FN_A01,3,Croton urucurana,Euphorbiaceae,706.783.504.461.256,864.267.299.097.072,14.2,11.67,7.46,False,O,13.62
FN_A01,4,Cecropia palmata,Urticaceae,7.067.850.947.556,8.642.672.562.792,12.4,12.92,10.08,False,O,12.39
FN_A01,5,,,7.067.987.113.522,8.642.637.205.014,37.5,29.5,14.41,True,O,25.16
FN_A01,6,,,70.680.166.618.908,86.426.405.556.996,52.0,4.02,1.27,True,O,29.85
FN_A01,7,Cordia scabrifolia,Boraginaceae,70.678.333.097.688,86.426.245.164.256,47.0,30.21,18.29,False,O,28.38
FN_A01,8,Bowdichia nitida,Fabaceae,706.762.620.943.992,864.262.256.386.504,39.7,25.14,17.06,False,O,25.97
FN_A01,9,,,706.753.689.180.992,864.264.879.643.104,52.1,12.67,1.89,True,O,29.88
FN_A01,10,,,70.677.420.098.924,86.426.519.855.208,37.5,12.39,1.85,True,O,25.16
FN_A01,11,Micropholis venulosa,Sapotaceae,70.688.142.955.024,86.427.156.028.848,11.5,8.85,8.3,False,O,11.75
FN_A01,12,Schefflera morototoni,Araliaceae,7.068.858.422.124,8.642.715.382.968,11.4,9.62,7.31,False,O,11.67
FN_A01,13,,,70.688.504.540.616,86.427.095.889.032,17.1,14.64,1.22,True,O,15.47
FN_A01,14,Inga sp.,Fabaceae,706.890.773.986,864.271.648.122,10.0,13.07,7.71,False,O,10.62
FN_A01,15,Schefflera morototoni,Araliaceae,706.890.189.690.872,864.271.839.871.744,12.7,11.71,7.09,False,O,12.6
FN_A01,16,,,706.889.150.244.788,864.272.011.441.176,12.7,5.64,1.09,True,O,12.6
FN_A01,17,,,70.689.106.326.944,86.427.209.626.488,35.7,2.81,1.05,True,O,24.48
FN_A01,18,Pouteria sp.,Sapotaceae,706.895.983.990.712,864.270.681.991.824,41.9,26.73,16.59,False,O,26.73
FN_A01,19,Aniba parviflora,Lauraceae,706.904.884.756.016,864.270.858.776.032,51.5,25.95,17.36,False,O,29.71
FN_A01,20,Mezilaurus itauba,Lauraceae,7.069.120.280.656,8.642.703.916.728,48.0,20.86,12.62,False,O,28.69
FN_A01,21,,,706.913.182.858.272,864.270.682.278.544,44.1,4.72,2.36,True,O,27.46
FN_A01,22,Aspidosperma excelsum,Apocynaceae,706.918.933.192.512,864.270.523.432.224,40.3,26.52,16.38,False,O,26.18
FN_A01,23,Qualea paraensis,Vochysiaceae,70.691.558.321.704,86.427.187.712.808,39.6,30.53,15.75,False,O,25.93
FN_A01,24,Dipteryx odorata,Fabaceae,70.691.687.020.196,86.427.050.823.172,41.7,19.72,13.73,False,O,26.66
FN_A01,25,,,7.069.277.612.426,8.642.717.636.472,37.9,7.98,1.47,True,O,25.31
FN_A01,26,,,70.692.202.949.228,86.426.846.207.456,36.0,6.25,1.35,True,O,24.6
FN_A01,27,Helicostylis sp.,Moraceae,706.896.026.017.832,864.269.367.200.264,37.1,24.64,15.22,False,O,25.01
FN_A01,28,Heisteria densifrons,Olacaceae,707.024.532.813.232,864.277.751.404.952,16.6,10.0,5.59,False,O,15.16
FN_A01,29,Cordia scabrifolia,Boraginaceae,707.025.575.412.726,86.427.740.257.235,52.1,28.57,16.51,False,O,29.88
FN_A01,30,Trattinnickia burserifolia,Burseraceae,707.026.062.202,864.276.860.572,62.7,27.27,17.38,False,O,32.57
FN_A01,31,Sloanea guianensis,Elaeocarpaceae,707.033.545.035.888,864.278.029.731.168,13.9,16.28,10.65,False,O,13.42
FN_A01,32,Helicostylis sp.,Moraceae,7.070.360.693.576,8.642.778.171.396,12.6,10.22,7.11,False,O,12.53
FN_A01,33,Tetragastris altissima,Burseraceae,707.040.329.861.512,864.278.094.632.832,12.7,10.77,8.63,False,O,12.6
FN_A01,34,Maquira coriacea,Moraceae,707.040.366.007.368,864.277.604.592.048,35.0,19.68,15.03,False,O,24.21
FN_A01,35,Maquira coriacea,Moraceae,70.704.563.967.944,86.427.790.297.584,38.3,23.76,16.97,False,O,25.46
FN_A01,36,Aspidosperma spruceanum,Apocynaceae,70.704.875.642.344,86.427.835.688.124,21.7,22.75,14.36,False,O,18.1
FN_A01,37,Thyrsodium spruceanum,Anacardiaceae,707.051.310.828.144,864.278.787.986.784,40.7,23.72,17.18,False,O,26.32
FN_A01,38,Albizia pedicellaris,Fabaceae,7.070.545.906.216,8.642.786.050.836,49.2,30.64,18.55,False,O,29.05
FN_A01,39,Nectandra cuspidata,Lauraceae,7.070.622.281.656,8.642.783.908.696,37.0,21.11,12.63,False,O,24.98
FN_A01,40,Tetragastris altissima,Burseraceae,70.707.575.156.832,86.427.594.422.352,38.5,22.56,13.67,False,O,25.53
FN_A01,41,Cordia scabrifolia,Boraginaceae,70.706.117.940.832,86.427.428.176.352,56.7,22.76,15.42,False,O,31.11
FN_A01,42,Aniba parviflora,Lauraceae,70.705.428.995.072,86.427.602.180.592,36.0,24.68,17.76,False,O,24.6
FN_A01,43,Tetragastris altissima,Burseraceae,70.704.765.248.176,86.427.553.407.536,52.0,18.95,13.72,False,O,29.85
FN_A01,44,Cordia scabrifolia,Boraginaceae,707.045.252.304.601,864.275.742.856.529,48.2,21.81,14.52,False,O,28.75
FN_A01,45,,,70.716.669.554.472,86.428.351.521.304,20.3,3.91,1.36,True,O,17.33
FN_A01,46,,,70.716.728.329.433,864.283.451.830.267,10.3,3.71,1.17,True,O,10.85
FN_A01,47,Inga alba,Fabaceae,707.166.680.274.752,864.283.622.441.664,14.4,14.5,11.06,False,O,13.76
FN_A01,48,,,707.166.278.927.674,864.283.304.645.075,20.2,2.97,1.41,True,O,17.28
FN_A01,49,Inga alba,Fabaceae,70.716.893.773.168,86.428.349.483.376,11.7,13.69,7.97,False,O,11.89
FN_A01,50,,,70.717.614.340.648,86.428.409.673.936,18.3,6.65,1.75,True,O,16.19
FN_A01,51,Ormosia coccinea,Fabaceae,7.071.885.979.648,8.642.844.735.936,19.9,15.83,8.21,False,O,17.11
FN_A01,52,Pouteria gongrijpii,Sapotaceae,70.720.123.223.416,86.428.506.854.712,30.5,26.49,14.66,False,O,22.35
FN_A01,53,,,7.071.952.948.416,8.642.838.917.632,52.8,14.21,,True,O,30.07
FN_A01,54,Tetragastris altissima,Burseraceae,70.719.669.714.024,86.428.042.798.168,42.0,29.89,17.89,False,O,26.77
FN_A01,55,,,70.719.304.618.852,86.428.209.010.064,42.6,24.21,,True,O,26.97
FN_A01,56,Cordia scabrifolia,Boraginaceae,709.908.822.081.909,864.160.832.867.571,35.9,26.29,22.2,False,O,24.56
FN_A01,57,Eugenia punicifolia,Myrtaceae,709.908.782.460.464,864.161.183.353.136,12.9,15.18,10.51,False,O,12.74
FN_A01,58,Qualea paraensis,Vochysiaceae,709.911.311.906.224,864.160.741.598.776,42.4,27.63,18.27,False,O,26.9
FN_A01,59,Casearia javitensis,Salicaceae,709.914.281.163,864.161.117.172,11.2,11.26,5.62,False,O,11.53
FN_A01,60,Pouteria sp.,Sapotaceae,709.912.574.143.912,864.161.360.929.088,24.3,23.15,11.09,False,O,19.45
FN_A01,61,Pouteria gongrijpii,Sapotaceae,709.914.144.586.112,864.161.614.060.688,16.3,17.41,11.2,False,O,14.98
FN_A01,62,Poeppigia procera,Fabaceae,709.914.767.593.024,864.161.536.810.976,22.8,19.35,13.67,False,O,18.68
FN_A01,63,Qualea paraensis,Vochysiaceae,709.918.621.384.096,864.161.323.544.104,42.5,26.88,18.18,False,O,26.93
FN_A01,64,,,709.922.187.774.584,864.162.260.122.016,13.0,6.26,,True,O,12.81
FN_A01,65,Inga alba,Fabaceae,70.992.500.368.888,86.416.235.759.312,11.1,13.4,8.72,False,O,11.45
FN_A01,66,Helicostylis sp.,Moraceae,70.992.825.324.312,86.416.261.815.888,14.8,16.4,10.87,False,O,14.02
FN_A01,67,Protium paniculatum,Burseraceae,70.993.030.971.936,86.416.252.467.264,11.1,6.61,5.1,False,O,11.45
FN_A01,68,Mouriri collocarpa,Melastomataceae,709.935.355.872.358,864.162.824.174.681,13.4,13.13,11.28,False,O,13.08
FN_A01,69,Ormosia coccinea,Fabaceae,7.099.435.212.414,8.641.634.495.976,10.3,10.0,5.96,False,O,10.85
FN_A01,70,Mayna odorata,Achariaceae,709.943.153.297.976,864.163.668.760.224,11.0,10.3,5.86,False,O,11.38
FN_A01,71,,,709.945.618.821.808,864.163.774.211.792,11.0,6.68,,True,O,11.38
FN_A01,72,Albizia pedicellaris,Fabaceae,7.099.510.929.492,8.641.633.970.568,53.1,23.8,12.86,False,O,30.16
FN_A01,73,Inga alba,Fabaceae,7.099.470.331.952,8.641.630.760.408,42.0,20.13,10.98,False,O,26.77
FN_A01,74,Qualea paraensis,Vochysiaceae,70.993.791.161.056,86.416.222.581.944,50.0,6.87,,False,O,29.28
FN_A01,75,Albizia pedicellaris,Fabaceae,709.942.948.392.736,864.161.579.577.464,35.0,19.86,7.24,False,O,24.21
FN_A01,76,Qualea paraensis,Vochysiaceae,70.996.124.637.232,86.416.055.096.228,37.6,26.84,16.24,False,O,25.2
FN_A01,77,Aniba parviflora,Lauraceae,7.099.652.363.268,8.641.608.636.312,37.4,23.95,16.78,False,O,25.13
FN_A01,78,Qualea paraensis,Vochysiaceae,70.996.628.941.312,86.416.055.914.088,55.0,29.0,21.85,False,O,30.67
FN_A01,79,,,70.996.510.131.464,86.416.021.576.136,44.2,27.69,18.82,False,O,27.5
FN_A01,80,Qualea paraensis,Vochysiaceae,7.099.599.414.592,8.641.607.204.768,49.0,26.12,17.44,False,O,28.99
FN_A01,81,Qualea paraensis,Vochysiaceae,709.965.533.944,864.159.993.986,36.9,23.32,15.72,False,O,24.94
FN_A01,82,Mezilaurus itauba,Lauraceae,70.996.572.264.712,86.416.013.492.288,42.3,26.62,19.68,False,O,26.87
FN_A01,83,,,70.997.425.514,864.160.513.076,46.3,19.77,11.97,False,O,28.17
FN_A01,84,Tetragastris altissima,Burseraceae,709.987.282.496,864.157.168.744,35.7,21.57,13.06,False,O,24.48
FN_A01,85,Qualea paraensis,Vochysiaceae,7.099.518.231.584,8.641.584.785.156,71.3,28.09,18.75,False,O,34.41
FN_A01,86,Dipteryx odorata,Fabaceae,709.932.339.750.408,864.158.021.361.792,35.9,26.65,15.36,False,O,24.56
FN_A01,87,Erisma uncinatum,Vochysiaceae,7.099.368.716.744,8.641.587.314.536,56.2,22.54,14.66,False,O,30.98
FN_A01,88,Qualea paraensis,Vochysiaceae,70.992.341.121.056,86.416.007.201.144,61.7,28.14,16.14,False,O,32.34
FN_A01,89,Dipteryx odorata,Fabaceae,70.992.197.655.928,86.416.008.571.472,40.4,21.87,15.18,False,O,26.21
FN_A01,90,Tachigali paniculata,Fabaceae,709.928.277.319.504,864.161.210.645.296,35.1,24.72,18.16,False,O,24.25
FN_A01,91,Aspidosperma excelsum,Apocynaceae,70.991.149.578.952,86.416.039.145.048,64.0,33.27,21.61,False,O,32.87
FN_A01,92,Pouteria gongrijpii,Sapotaceae,710.031.704.346.816,8.641.700.535.076,15.5,16.01,11.18,False,O,14.47
FN_A01,93,Vochysia guianensis,Vochysiaceae,71.003.192.014.936,864.170.450.572,10.8,18.03,11.83,False,O,11.23
FN_A01,94,Neea oppositifolia,Nyctaginaceae,710.036.758.145.328,8.641.704.326.038,35.0,23.45,17.18,False,O,24.21
FN_A01,95,Casearia javitensis,Salicaceae,710.040.023.072.681,86.417.060.124.796,11.9,12.73,8.94,False,O,12.03
FN_A01,96,Jacaranda copaia,Bignoniaceae,71.004.513.810.416,864.170.552.466,43.8,24.41,18.37,False,O,27.37
FN_A01,97,Jacaranda copaia,Bignoniaceae,71.005.143.822.672,864.171.533.788,25.8,23.18,18.28,False,O,20.19
FN_A01,98,Albizia pedicellaris,Fabaceae,710.054.855.517.879,86.417.176.462.764,17.7,15.44,10.04,False,O,15.83
FN_A01,99,Jacaranda copaia,Bignoniaceae,710.055.202.813.756,8.641.721.988.418,14.9,17.08,10.83,False,O,14.08
FN_A01,100,Jacaranda copaia,Bignoniaceae,710.057.363.060.968,8.641.723.610.524,29.7,25.99,16.73,False,O,22.0
FN_A01,101,Miconia poeppigii,Melastomataceae,71.005.752.307.928,864.172.373.068,13.0,16.83,11.67,False,O,12.81
FN_A01,102,Neea oppositifolia,Nyctaginaceae,710.060.743.633.504,8.641.722.318.064,10.0,9.54,4.83,False,O,10.62
FN_A01,103,Bellucia grossularioides,Melastomataceae,710.062.384.925.408,8.641.722.527.828,12.6,18.68,11.73,False,O,12.53
FN_A01,104,Tachigali paniculata,Fabaceae,71.006.121.891.788,864.172.395.134,44.1,23.5,13.13,False,O,27.46
FN_A01,105,,,71.006.217.271.816,864.172.594.438,24.2,17.63,,True,O,19.4
FN_A01,106,Casearia javitensis,Salicaceae,710.062.042.881.944,864.172.610.242,14.6,17.9,11.33,False,O,13.89
FN_A01,107,Qualea paraensis,Vochysiaceae,71.006.915.370.528,864.171.585.704,42.9,9.26,4.95,False,O,27.07
FN_A01,108,Qualea paraensis,Vochysiaceae,7.100.771.115.104,864.171.414.822,54.5,25.0,23.34,False,O,30.54
FN_A01,109,,,710.095.249.532,864.169.705.776,37.0,17.73,,True,O,24.98
FN_A01,110,,,71.008.813.996.136,864.169.433.638,38.8,26.39,,True,O,25.64
FN_A01,111,Aniba parviflora,Lauraceae,710.067.013.561.832,8.641.682.486.772,50.0,42.3,17.96,False,O,29.28
FN_A01,112,Qualea paraensis,Vochysiaceae,7.100.567.495.886,864.168.753.626,42.8,23.14,15.08,False,O,27.04
FN_A01,113,,,7.100.620.203.672,864.167.751.898,43.0,31.88,,True,O,27.1
FN_A01,114,Qualea paraensis,Vochysiaceae,710.059.215.765.512,864.167.291.127,35.0,23.51,19.8,False,O,24.21
FN_A01,115,Qualea paraensis,Vochysiaceae,71.005.567.838.896,864.169.054.252,50.6,19.96,11.27,False,O,29.45
FN_A01,116,Qualea paraensis,Vochysiaceae,710.047.942.610.272,864.168.984.988,49.0,27.71,15.79,False,O,28.99
FN_A01,117,Goupia glabra,Goupiaceae,7.100.405.092.664,864.168.683.952,80.0,23.95,10.93,False,O,36.02
FN_A01,118,Qualea paraensis,Vochysiaceae,710.147.025.430.304,864.179.029.633.808,47.2,30.36,15.83,False,O,28.45
FN_A01,119,Qualea paraensis,Vochysiaceae,7.101.497.368.292,8.641.788.467.744,45.1,34.28,21.15,False,O,27.79
FN_A01,120,Aspidosperma excelsum,Apocynaceae,710.150.448.232.904,864.178.759.515.008,43.4,17.64,15.34,False,O,27.23
FN_A01,121,Erisma uncinatum,Vochysiaceae,710.154.995.543.736,864.178.218.252.872,40.7,20.51,16.29,False,O,26.32
FN_A01,122,Mezilaurus itauba,Lauraceae,710.155.598.164.896,864.178.889.712.192,69.0,20.14,15.01,False,O,33.95
FN_A01,123,,,71.016.391.368.108,86.417.860.736.596,50.4,12.83,,True,O,29.4
FN_A01,124,Aspidosperma excelsum,Apocynaceae,71.015.871.717.944,86.417.974.001.888,29.6,11.97,8.48,False,O,21.95
FN_A01,125,Guatteria schomburgkiana,Annonaceae,710.159.294.603.523,864.179.768.778.767,13.8,7.51,6.23,False,O,13.36
FN_A01,126,Ormosia coccinea,Fabaceae,710.157.270.086.016,864.179.887.122.032,16.1,17.11,11.06,False,O,14.85
FN_A01,127,,,710.160.992.845.536,864.180.027.931.872,10.0,3.46,,True,O,10.62
FN_A01,128,Ormosia grossa,Fabaceae,710.163.273.582.256,864.180.316.044.512,13.3,15.43,11.37,False,O,13.02
FN_A01,129,Tovomita sp.,Clusiaceae,710.170.360.832.496,864.180.572.555.392,10.7,13.07,10.37,False,O,11.15
FN_A01,130,Tovomita sp.,Clusiaceae,710.169.932.757.016,864.180.541.947.432,23.0,17.16,12.72,False,O,18.79
FN_A01,131,Protium paniculatum,Burseraceae,71.017.264.663.984,86.418.086.086.768,12.5,7.87,5.73,False,O,12.46
FN_A01,132,Qualea paraensis,Vochysiaceae,710.176.781.964.696,864.181.031.674.792,29.6,22.92,16.37,False,O,21.95
FN_A01,133,,,710.182.707.526.064,864.181.330.732.928,17.0,17.0,12.99,False,O,15.41
FN_A01,134,Aniba parviflora,Lauraceae,7.101.849.670.736,8.641.812.431.252,50.0,28.77,18.58,False,O,29.28
FN_A01,135,Aspidosperma spruceanum,Apocynaceae,710.188.316.738,864.182.105.264,16.0,17.9,12.95,False,O,14.79
FN_A01,136,,,7.101.975.511.872,8.641.800.259.284,54.5,24.55,,True,O,30.54
FN_A01,137,Qualea paraensis,Vochysiaceae,710.185.716.859.712,864.178.546.404.224,56.0,24.56,17.42,False,O,30.93
FN_A01,138,Qualea paraensis,Vochysiaceae,710.189.271.222.064,864.178.426.992.128,37.3,23.72,18.79,False,O,25.09
FN_A01,139,Erisma uncinatum,Vochysiaceae,7.101.990.927.848,8.641.781.349.116,78.4,24.54,17.48,False,O,35.74
FN_A01,140,Qualea paraensis,Vochysiaceae,710.213.844.051.728,864.178.579.605.056,74.0,32.88,21.1,False,O,34.94
FN_A01,141,,,7.102.053.140.168,8.641.773.319.556,60.2,4.09,,True,O,31.98
FN_A01,142,Pouteria gongrijpii,Sapotaceae,71.018.518.982.704,86.417.725.219.408,37.9,26.36,20.15,False,O,25.31
FN_A01,143,Dipteryx odorata,Fabaceae,71.018.075.144.848,86.417.781.097.496,38.7,30.18,18.9,False,O,25.61
FN_A01,144,,,710.173.249.557.136,864.177.759.245.672,47.0,,,True,O,28.38
FN_A01,145,Qualea paraensis,Vochysiaceae,710.170.313.635.792,864.176.160.874.584,66.0,18.1,,False,O,33.31
FN_A01,146,Qualea paraensis,Vochysiaceae,710.162.929.801.536,864.177.392.230.472,44.7,26.75,20.41,False,O,27.66
FN_A01,147,Nectandra cuspidata,Lauraceae,710.269.449.238.784,864.188.272.958.464,13.8,10.87,7.64,False,O,13.36
FN_A01,148,Protium heptaphyllum,Burseraceae,710.276.993.427.232,864.188.743.342.272,11.7,8.2,4.3,False,O,11.89
FN_A01,149,Casearia javitensis,Salicaceae,71.027.827.168.192,86.418.847.375.872,22.9,19.09,14.09,False,O,18.73
FN_A01,150,Pouteria gongrijpii,Sapotaceae,710.282.580.875.514,864.188.788.135.226,39.5,23.11,17.08,False,O,25.89
FN_A01,151,Protium heptaphyllum,Burseraceae,71.028.177.688.199,864.188.860.624.958,13.6,16.09,12.05,False,O,13.22
FN_A01,152,Tetragastris altissima,Burseraceae,710.278.832.909.376,864.189.011.524.896,18.5,14.32,,False,O,16.31
FN_A01,153,Swartzia laevicarpa,Fabaceae,710.285.359.136.672,864.189.204.224.512,17.5,17.89,16.2,False,O,15.71
FN_A01,154,Aniba parviflora,Lauraceae,7.102.891.661.928,8.641.893.803.484,49.7,28.98,22.08,False,O,29.19
FN_A01,155,,,710.291.297.506.576,864.189.609.786.096,14.1,,,False,L,13.56
FN_A01,156,Strychnos subcordata,Loganiaceae,71.029.331.365.328,86.418.968.199.568,19.0,15.25,11.46,False,O,16.6
FN_A01,157,Mouriri collocarpa,Melastomataceae,710.297.195.782,864.190.456.823,14.5,16.21,12.53,False,O,13.82
FN_A01,158,Helicostylis sp.,Moraceae,71.029.760.025.056,86.419.048.865.776,28.9,28.98,23.65,False,O,21.64
FN_A01,159,,,71.030.488.068.464,86.419.106.168.344,80.0,15.35,,True,O,36.02
FN_A01,160,Vochysia guianensis,Vochysiaceae,71.030.407.174.752,86.419.099.801.392,12.6,18.82,14.05,False,O,12.53
FN_A01,161,Qualea paraensis,Vochysiaceae,710.307.172.712,864.189.512.472,64.1,26.51,19.44,False,O,32.89
FN_A01,162,Qualea paraensis,Vochysiaceae,710.305.835.622.944,864.188.148.186.624,60.1,27.24,21.59,False,O,31.96
FN_A01,163,,,71.031.687.425.904,86.418.902.765.844,40.2,26.3,,True,O,26.14
FN_A01,164,Tetragastris altissima,Burseraceae,7.103.145.591.144,8.641.884.877.704,44.0,24.07,17.64,False,O,27.43
FN_A01,165,Qualea paraensis,Vochysiaceae,7.103.198.124.104,8.641.874.191.144,36.4,33.55,24.95,False,O,24.75
FN_A01,166,Qualea paraensis,Vochysiaceae,7.103.249.973.224,8.641.872.088.724,66.0,34.52,26.06,False,O,33.31
FN_A01,167,Qualea paraensis,Vochysiaceae,7.103.296.717.208,8.641.875.754.508,42.1,32.74,22.47,False,O,26.8
FN_A01,168,Aspidosperma excelsum,Apocynaceae,710.322.892.394.336,864.186.673.714.656,59.2,22.12,14.13,False,O,31.74
FN_A01,169,Dipteryx odorata,Fabaceae,710.303.479.584.032,864.186.630.892.672,54.3,26.79,19.27,False,O,30.48
FN_A01,170,Aspidosperma excelsum,Apocynaceae,710.302.767.323.552,864.185.095.861.792,41.8,25.45,17.48,False,O,26.7
FN_A01,171,Aspidosperma excelsum,Apocynaceae,7.102.872.824.984,8.641.860.990.744,47.8,32.91,20.54,False,O,28.63
FN_A01,172,,,71.028.293.342.864,86.418.649.705.744,46.6,15.44,,True,O,28.26
FN_A01,173,,,710.286.458.224.544,864.187.365.864.224,47.7,5.53,,True,O,28.6
FN_A01,174,Bowdichia nitida,Fabaceae,71.028.382.848.272,86.418.804.723.312,36.9,16.93,11.52,False,O,24.94
FN_A01,1,Pouteria gongrijpii,Sapotaceae,7.136.527.410.696,86.433.175.633.996,27.4,22.92,17.68,False,O,20.95
FN_A01,2,Pouteria gongrijpii,Sapotaceae,7.136.556.517.256,86.433.226.744.976,19.3,16.38,12.72,False,O,16.77
FN_A01,3,Protium paniculatum,Burseraceae,7.136.585.501.106,86.433.238.036.896,10.0,11.25,6.94,False,O,10.62
FN_A01,4,,,713.659.296.224,8.643.312.497.174,71.0,5.43,1.26,True,O,34.35
FN_A01,5,,,7.136.638.770.878,86.433.043.917.008,52.8,10.53,1.34,True,O,30.07
FN_A01,6,Myrciaria floribunda,Myrtaceae,7.136.602.094.912,86.433.265.185.152,11.6,13.93,7.0,False,O,11.82
FN_A01,7,Protium paniculatum,Burseraceae,71.366.066.079.012,864.332.820.780.832,10.4,11.51,5.85,False,O,10.93
FN_A01,8,Tovomita sp.,Clusiaceae,7.136.664.466.078,86.433.330.761.008,23.4,16.95,10.38,False,O,18.99
FN_A01,9,Fusaea longifolia,Annonaceae,71.367.255.610.864,864.333.435.443.464,27.2,19.72,13.59,False,O,20.86
FN_A01,10,Stryphnodendron pulcherrimum,Fabaceae,71.367.272.402.618,864.333.578.617.088,11.9,9.6,5.95,False,O,12.03
FN_A01,11,Pouteria gongrijpii,Sapotaceae,713.676.391.085,8.643.336.319.704,17.7,18.02,12.52,False,O,15.83
FN_A01,12,,,7.136.763.434.012,86.433.414.034.432,13.1,7.87,1.33,True,O,12.88
FN_A01,13,Protium heptaphyllum,Burseraceae,713.677.104.693,8.643.342.044.008,10.1,8.13,4.75,False,O,10.7
FN_A01,14,Cochlospermum vitifolium,Bixaceae,7.136.846.998.479,86.433.459.104.064,11.2,12.76,8.85,False,O,11.53
FN_A01,15,Protium heptaphyllum,Burseraceae,7.136.894.215.808,86.433.486.460.408,42.8,24.68,20.35,False,O,27.04
FN_A01,16,Aspidosperma excelsum,Apocynaceae,7.136.928.689.552,86.433.312.731.296,70.5,33.18,23.52,False,O,34.25
FN_A01,17,,,7.136.879.011.696,86.433.372.033.016,35.0,17.05,1.84,True,O,24.21
FN_A01,18,Pouteria gongrijpii,Sapotaceae,7.136.918.040.824,86.433.251.578.424,35.2,23.84,14.53,False,O,24.28
FN_A01,19,,,713.688.048.881,864.332.050.948,45.8,3.76,1.34,True,O,28.01
FN_A01,20,,,713.680.006.004,8.643.326.488.496,67.3,9.31,1.22,True,O,33.59
FN_A01,21,Endlicheria sp.,Lauraceae,713.679.143.774,8.643.330.935.024,44.1,29.49,18.62,False,O,27.46
FN_A01,22,,,71.366.861.599.892,864.332.841.310.712,55.8,5.13,0.91,True,O,30.88
FN_A01,23,,,7.136.672.152.472,86.433.219.747.184,46.0,5.63,1.26,True,O,28.07
FN_A01,24,,,713.676.596.976,8.643.289.956.904,54.5,3.49,1.24,True,O,30.54
FN_A01,25,,,71.367.474.181.556,864.330.730.550.216,57.2,10.84,1.76,True,O,31.24
FN_A01,26,,,71.376.859.275.116,86.434.154.569.692,48.1,28.89,1.89,True,O,28.72
FN_A01,27,,,71.376.939.834.832,86.434.160.428.184,10.8,6.32,1.47,True,O,11.23
FN_A01,28,Protium heptaphyllum,Burseraceae,71.377.407.147.126,86.434.144.169.202,11.6,11.77,6.29,False,O,11.82
FN_A01,29,Ormosia sp.,Fabaceae,71.378.256.571.424,86.434.218.602.688,12.2,14.44,8.9,False,O,12.25
FN_A01,30,Casearia javitensis,Salicaceae,7.137.838.990.972,8.643.426.588.104,10.4,15.75,12.11,False,O,10.93
FN_A01,31,Qualea paraensis,Vochysiaceae,71.378.690.954.148,86.434.237.719.396,15.3,14.02,9.86,False,O,14.34
FN_A01,32,Tachigali myrmecophila,Fabaceae,713.790.877.491.232,864.342.791.395.784,19.6,23.06,18.94,False,O,16.94
FN_A01,33,,,7.137.959.830.546,8.643.435.375.842,28.8,19.09,1.8,True,O,21.59
FN_A01,34,Aniba parviflora,Lauraceae,713.797.736.724.672,864.343.290.972.064,16.0,18.03,13.27,False,O,14.79
FN_A01,35,,,713.795.324.136.248,864.343.240.106.776,10.7,,,False,L,11.15
FN_A01,36,,,713.799.361.993.888,864.343.658.701.056,21.2,13.39,1.49,True,O,17.83
FN_A01,37,Ormosia sp.,Fabaceae,713.784.785.254.076,864.342.723.253.812,18.4,17.9,8.58,False,O,16.25
FN_A01,38,Pouteria gongrijpii,Sapotaceae,713.799.930.480.684,864.343.824.650.308,12.5,23.29,16.64,False,O,12.46
FN_A01,39,Sacoglottis guianensis,Humiriaceae,713.801.135.313.392,864.343.787.726.304,11.1,14.49,10.85,False,O,11.45
FN_A01,40,Xylopia amazonica,Annonaceae,713.801.461.115.288,864.343.935.961.656,18.9,29.07,22.33,False,O,16.54
FN_A01,41,Pouteria gongrijpii,Sapotaceae,713.802.989.238.328,864.343.922.616.336,24.1,26.3,20.84,False,O,19.35
FN_A01,42,Tachigali paniculata,Fabaceae,7.138.046.819.524,8.643.440.457.768,34.8,29.02,24.57,False,O,24.13
FN_A01,43,Casearia javitensis,Salicaceae,71.380.790.616.968,86.434.428.036.816,13.5,21.82,14.44,False,O,13.15
FN_A01,44,Aspidosperma excelsum,Apocynaceae,7.137.944.408.416,8.643.423.006.512,38.3,26.18,19.93,False,O,25.46
FN_A01,45,Aspidosperma excelsum,Apocynaceae,71.379.045.114.348,86.434.037.603.676,42.3,23.54,15.83,False,O,26.87
FN_A01,46,Tachigali paniculata,Fabaceae,7.137.893.050.542,8.643.395.351.814,38.0,32.3,19.75,False,O,25.35
FN_A01,47,Aniba parviflora,Lauraceae,713.792.080.719.632,864.339.361.250.184,38.0,29.32,21.1,False,O,25.35
FN_A01,48,Sacoglottis guianensis,Humiriaceae,713.781.068.989.467,864.341.989.227.447,49.3,25.36,20.1,False,O,29.08
FN_A01,49,,,713.806.304.439.096,864.341.165.349.552,51.0,3.65,1.42,True,O,29.57
FN_A01,50,Qualea paraensis,Vochysiaceae,71.383.222.772.488,86.434.120.047.456,36.1,28.51,15.73,False,O,24.63
FN_A01,51,,,71.389.423.832.368,86.435.103.598.608,24.2,5.09,1.37,True,O,19.4
FN_A01,52,Protium heptaphyllum,Burseraceae,713.892.524.710.354,864.351.299.132.241,18.1,14.76,9.59,False,O,16.07
FN_A01,53,,,71.389.840.963.208,86.435.148.846.048,39.4,26.22,2.48,True,O,25.86
FN_A01,54,Aniba parviflora,Lauraceae,713.904.048.414.524,864.351.919.570.744,25.2,25.0,17.17,False,O,19.9
FN_A01,55,,,71.390.726.038.392,86.435.193.581.472,17.4,18.36,2.73,True,O,15.65
FN_A01,56,Aspidosperma excelsum,Apocynaceae,71.390.893.119.054,86.435.206.722.264,70.7,28.76,19.08,False,O,34.29
FN_A01,57,,,713.907.934.390.592,864.352.113.252.352,14.4,,,False,L,13.76
FN_A01,58,,,713.907.813.567.976,864.352.228.182.656,27.7,19.22,2.13,True,O,21.09
FN_A01,59,Maquira coriacea,Moraceae,713.908.650.663.648,864.352.418.474.688,13.6,12.7,8.97,False,O,13.22
FN_A01,60,,,713.909.011.178.912,864.352.571.289.472,21.5,6.36,1.85,True,O,17.99
FN_A01,61,Tachigali myrmecophila,Fabaceae,71.391.156.562.768,86.435.277.225.408,36.8,28.11,15.3,False,O,24.9
FN_A01,62,,,713.917.410.157.816,864.352.858.570.296,10.7,10.71,7.64,False,O,11.15
FN_A01,63,,,713.917.376.892.616,864.352.980.442.496,63.3,8.41,1.11,True,O,32.71
FN_A01,64,Calophyllum brasiliense,Calophyllaceae,71.392.114.481.056,86.435.352.587.136,14.9,18.33,11.77,False,O,14.08
FN_A01,65,Casearia javitensis,Salicaceae,713.922.984.138.536,864.353.296.992.616,21.2,23.86,18.33,False,O,17.83
FN_A01,66,Casearia javitensis,Salicaceae,713.924.258.191.272,864.353.397.203.432,19.4,22.05,9.98,False,O,16.83
FN_A01,67,Protium paniculatum,Burseraceae,713.923.645.627.872,864.353.598.078.432,10.1,9.58,6.82,False,O,10.7
FN_A01,68,Pouteria gongrijpii,Sapotaceae,713.926.143.273.536,864.353.670.014.016,12.0,15.21,9.88,False,O,12.11
FN_A01,69,,,713.897.235.287.304,864.350.774.292.024,43.5,4.75,1.57,True,O,27.27
FN_A01,70,Tetragastris altissima,Burseraceae,713.901.130.510.688,864.349.837.299.528,40.2,19.34,13.73,False,O,26.14
FN_A01,71,,,713.910.481.972.094,864.349.353.815.846,44.5,10.17,1.81,True,O,27.59
FN_A01,72,Aspidosperma excelsum,Apocynaceae,713.911.791.384.912,864.350.053.275.072,37.7,21.35,15.83,False,O,25.24
FN_A01,73,,,713.937.219.415.193,864.350.408.090.717,86.5,25.83,2.36,True,O,37.08
FN_A01,74,Hymenolobium petraeum,Fabaceae,713.935.203.517.376,864.350.822.070.256,41.6,28.14,14.94,False,O,26.63
FN_A01,75,Dipteryx odorata,Fabaceae,713.937.571.480.169,864.351.182.121.773,37.4,29.2,20.29,False,O,25.13
FN_A01,76,Goupia glabra,Goupiaceae,71.393.561.673.192,86.435.192.461.152,50.3,23.05,16.15,False,O,29.37
FN_A01,77,Casearia javitensis,Salicaceae,714.009.109.870.656,864.359.984.094.496,32.8,17.9,10.9,False,O,23.32
FN_A01,78,Pouteria gongrijpii,Sapotaceae,714.014.043.400.528,864.360.239.157.648,11.9,9.34,5.38,False,O,12.03
FN_A01,79,Strychnos subcordata,Loganiaceae,7.140.160.805.322,8.643.602.691.282,12.8,11.63,7.3,False,O,12.67
FN_A01,80,Myrcia deflexa,Myrtaceae,7.140.172.542.864,8.643.603.606.984,26.7,13.14,12.64,False,O,20.62
FN_A01,81,Pouteria gongrijpii,Sapotaceae,714.021.069.108.909,864.360.965.889.421,19.4,12.66,10.05,False,O,16.83
FN_A01,82,Bowdichia nitida,Fabaceae,71.402.554.600.112,86.436.139.057.792,16.4,16.58,9.65,False,O,15.04
FN_A01,83,Tetragastris panamensis,Burseraceae,714.025.936.852.088,864.361.548.326.808,16.9,8.92,7.45,False,O,15.35
FN_A01,84,Ocotea cernua,Lauraceae,71.402.969.513.524,86.436.158.589.284,12.6,13.77,6.58,False,O,12.53
FN_A01,85,Vochysia guianensis,Vochysiaceae,7.140.329.043.424,8.643.615.816.344,15.6,12.05,6.18,False,O,14.54
FN_A01,86,Nectandra cuspidata,Lauraceae,71.403.204.326.428,86.436.176.860.748,12.9,11.75,6.62,False,O,12.74
FN_A01,87,,,71.403.619.115.712,86.436.196.477.392,19.4,9.61,0.55,True,O,16.83
FN_A01,88,Bellucia grossularioides,Melastomataceae,714.043.391.134.528,864.362.525.751.648,18.2,13.01,7.39,False,O,16.13
FN_A01,89,Tetragastris altissima,Burseraceae,714.041.516.891.632,864.362.757.509.712,11.5,8.27,5.65,False,O,11.75
FN_A01,90,Bellucia grossularioides,Melastomataceae,714.044.721.565.136,864.362.629.410.576,12.2,12.48,6.97,False,O,12.25
FN_A01,91,Bellucia grossularioides,Melastomataceae,714.044.721.565.136,864.362.629.410.576,12.7,11.69,7.52,False,O,12.6
FN_A01,92,,,71.401.634.762.992,86.435.899.574.432,36.8,13.98,0.56,True,O,24.9
FN_A01,93,Aspidosperma excelsum,Apocynaceae,714.018.528.527.296,864.359.427.512.736,39.0,15.18,9.31,False,O,25.71
FN_A01,94,,,714.025.048.864.296,864.358.241.652.136,56.1,4.02,0.68,True,O,30.96
FN_A01,95,Albizia pedicellaris,Fabaceae,714.031.206.422.502,864.358.461.979.078,40.6,23.13,14.83,False,O,26.28
FN_A01,96,,,714.049.113.450.059,864.358.623.523.467,75.4,2.03,0.34,True,O,35.2
FN_A01,97,Qualea paraensis,Vochysiaceae,71.407.165.596.768,86.435.931.913.488,59.5,26.6,16.01,False,O,31.81
FN_A01,91,Endlicheria ruforamula,Lauraceae,80.561.519.426.324,868.885.754.427.596,17.4,21.93,15.81,False,O,15.65
FN_A01,92,Endlicheria ruforamula,Lauraceae,805.615.406.166,86.888.602.476.768,16.7,23.51,19.37,False,O,15.22
FN_A01,93,Helicostylis sp.,Moraceae,805.615.306.841.176,86.888.602.458.175,16.8,24.44,18.8,False,O,15.29
FN_A01,94,Guatteria schomburgkiana,Annonaceae,805.615.380.722,86.888.606.193.656,17.7,18.18,12.63,False,O,15.83
FN_A01,95,,,80.561.123.274.784,868.886.297.359.016,14.5,14.22,,True,O,13.82
FN_A01,96,Pouteria sp.,Sapotaceae,8.056.121.227.808,86.888.644.808.312,26.3,25.01,18.72,False,O,20.43
FN_A01,97,Endlicheria ruforamula,Lauraceae,80.561.111.249.272,868.886.465.376.128,10.1,12.65,7.41,False,O,10.7
FN_A01,98,Endlicheria ruforamula,Lauraceae,80.561.609.164.328,868.886.481.430.472,39.4,29.36,17.95,False,O,25.86
FN_A01,99,Micropholis venulosa,Sapotaceae,805.612.776.509.856,868.886.654.121.382,10.4,13.62,10.52,False,O,10.93
FN_A01,100,Bellucia grossularioides,Melastomataceae,805.613.604.207.776,868.887.046.139.091,15.4,14.42,11.08,False,O,14.41
FN_A01,101,Protium paniculatum,Burseraceae,8.056.106.915.998,86.888.705.343.602,14.2,22.27,15.47,False,O,13.62
FN_A01,102,Guatteria schomburgkiana,Annonaceae,80.561.051.121.712,868.887.305.461.688,11.1,20.85,16.12,False,O,11.45
FN_A01,103,Cecropia palmata,Urticaceae,805.612.402.406,8.688.874.739.164,18.4,19.57,16.68,False,O,16.25
FN_A01,104,,,8.056.154.823.824,86.888.738.175.576,50.5,3.5,,True,O,29.43
FN_A01,105,Ocotea cernua,Lauraceae,8.056.101.237.284,86.888.784.685.016,15.8,17.29,13.3,False,O,14.66
FN_A01,106,Endlicheria ruforamula,Lauraceae,80.561.212.200.644,868.887.874.386.236,12.8,17.09,12.71,False,O,12.67
FN_A01,107,Casearia javitensis,Salicaceae,80.561.396.858,8.688.881.248.094,12.4,15.53,11.55,False,O,12.39
FN_A01,108,Strychnos subcordata,Loganiaceae,80.561.177.639.768,868.888.367.988.592,12.1,13.24,10.21,False,O,12.18
FN_A01,109,Diospyros guianensis,Ebenaceae,8.056.097.896.864,86.888.831.356.436,25.9,23.54,16.94,False,O,20.24
FN_A01,110,Protium paniculatum,Burseraceae,805.610.571.574,8.688.886.391.686,10.5,9.34,4.77,False,O,11.0
FN_A01,111,Pouteria gongrijpii,Sapotaceae,80.561.756.681.096,868.888.807.251.664,44.7,25.57,15.87,False,O,27.66
FN_A01,112,Neea oppositifolia,Nyctaginaceae,8.056.110.330.128,86.888.942.969.932,11.0,13.28,9.38,False,O,11.38
FN_A01,113,Pouteria gongrijpii,Sapotaceae,8.056.099.444.904,86.888.952.492.656,17.5,16.91,13.38,False,O,15.71
FN_A01,114,Casearia javitensis,Salicaceae,805.609.746.464,8.688.898.046.396,16.8,19.68,15.13,False,O,15.29
FN_A01,115,Protium paniculatum,Burseraceae,8.056.094.824.288,86.889.017.759.032,17.4,13.97,6.25,False,O,15.65
FN_A01,116,Nectandra cuspidata,Lauraceae,8.056.374.851.076,86.888.964.916.584,40.1,30.24,20.12,False,O,26.11
FN_A01,117,Goupia glabra,Goupiaceae,80.564.418.929,868.888.378.592,117.7,37.26,18.82,False,O,40.9
FN_A01,118,Erisma uncinatum,Vochysiaceae,8.056.571.045.792,86.888.916.336.848,66.7,32.11,21.15,False,O,33.46
FN_A01,119,Erisma uncinatum,Vochysiaceae,8.056.273.408.148,86.888.948.931.632,62.4,28.58,16.86,False,O,32.5
FN_A01,120,Erisma uncinatum,Vochysiaceae,805.618.369.444,8.688.891.385.832,56.5,25.44,15.9,False,O,31.06
FN_A01,121,Erisma uncinatum,Vochysiaceae,805.609.746.464,8.688.898.046.396,72.8,36.16,20.65,False,O,34.71
FN_A01,122,Tetragastris altissima,Burseraceae,805.610.772.176,8.688.898.022.294,36.5,31.76,21.13,False,O,24.79
FN_A01,123,Aspidosperma parvifolium,Apocynaceae,80.562.264.842.956,868.887.172.237.364,66.5,26.66,16.25,False,O,33.42
FN_A01,124,Sloanea guianensis,Elaeocarpaceae,805.611.082.863.512,868.885.951.217.345,12.1,15.69,9.08,False,O,12.18
FN_A01,125,Sloanea guianensis,Elaeocarpaceae,805.603.071.662.448,86.890.093.233.168,17.7,17.83,10.9,False,O,15.83
FN_A01,126,Strychnos subcordata,Loganiaceae,8.056.061.078.928,868.901.098.936,12.3,14.85,9.55,False,O,12.32
FN_A01,127,Tapirira guianensis,Anacardiaceae,8.056.158.047.456,86.890.103.126,41.5,22.61,16.49,False,O,26.59
FN_A01,128,Tetragastris altissima,Burseraceae,8.056.100.060.042,8.689.014.310.688,47.9,20.63,13.27,False,O,28.66
FN_A01,129,Strychnos subcordata,Loganiaceae,8.056.069.643.425,868.901.533.108,21.4,20.54,13.42,False,O,17.94
FN_A01,130,Dipteryx odorata,Fabaceae,80.560.284.062.744,8.689.022.712.176,14.9,16.74,12.79,False,O,14.08
FN_A01,131,Nectandra cuspidata,Lauraceae,805.603.744.668,868.902.535.056,24.0,21.48,14.04,False,O,19.3
FN_A01,132,,,805.606.702.568,8.689.025.653.328,23.5,16.64,,True,O,19.05
FN_A01,133,Strychnos subcordata,Loganiaceae,8.056.055.547.782,868.903.153.118,11.5,13.43,9.26,False,O,11.75
FN_A01,134,Licania octandra,Chrysobalanaceae,80.560.440.340.742,8.689.036.906.704,30.4,30.24,22.49,False,O,22.3
FN_A01,135,Albizia pedicellaris,Fabaceae,8.056.074.294.584,868.903.671.264,63.2,30.3,22.32,False,O,32.69
FN_A01,136,Aniba parviflora,Lauraceae,8.056.074.056.096,868.903.771.492,13.3,14.52,11.11,False,O,13.02
FN_A01,137,Tapirira guianensis,Anacardiaceae,80.560.608.697.112,8.689.041.921.176,22.1,24.85,18.48,False,O,18.31
FN_A01,138,Tetragastris altissima,Burseraceae,8.056.021.024.881,868.904.605.132,39.7,13.55,10.83,False,O,25.97
FN_A01,139,Vochysia guianensis,Vochysiaceae,8.056.020.708.083,8.689.047.053,21.3,18.78,15.4,False,O,17.88
FN_A01,140,Ocotea cernua,Lauraceae,8.056.020.708.083,8.689.047.053,18.5,23.0,17.12,False,O,16.31
FN_A01,141,Guatteria schomburgkiana,Annonaceae,80.560.275.502.136,8689051.43,13.8,16.04,12.32,False,O,13.36
FN_A01,142,Aspidosperma excelsum,Apocynaceae,805.646.331.586,868.904.353.612,58.9,28.89,21.5,False,O,31.67
FN_A01,143,Erisma uncinatum,Vochysiaceae,805.626.725.505,86.890.466.392,67.0,33.63,23.06,False,O,33.53
FN_A01,144,Qualea paraensis,Vochysiaceae,80.563.173.386,868.903.476.584,51.0,28.01,19.45,False,O,29.57
FN_A01,145,Erisma uncinatum,Vochysiaceae,8.056.399.825.744,868.903.847.932,36.5,26.1,19.54,False,O,24.79
FN_A01,146,Poeppigia procera,Fabaceae,805.642.115.784,868.904.117.032,47.5,30.53,24.69,False,O,28.54
FN_A01,147,Erisma uncinatum,Vochysiaceae,805.638.861.259,868.903.461.936,44.9,21.27,13.07,False,O,27.72
FN_A01,148,,,805.630.670.494,868.903.091.032,40.2,6.78,,True,O,26.14
FN_A01,149,Tetragastris altissima,Burseraceae,80.562.663.687,86.890.315.708,47.7,19.06,13.92,False,O,28.6
FN_A01,150,Tetragastris panamensis,Burseraceae,805.598.403.418.936,868.916.262.759.336,32.0,21.2,15.03,False,O,22.99
FN_A01,151,Aspidosperma spruceanum,Apocynaceae,805.599.716.817.928,868.917.257.109.528,18.7,15.87,13.02,False,O,16.42
FN_A01,152,Protium paniculatum,Burseraceae,805.599.520.740.781,868.917.359.947.981,10.9,13.39,10.15,False,O,11.3
FN_A01,153,Casearia javitensis,Salicaceae,805.597.709.002.328,868.917.583.909.128,24.5,19.06,15.05,False,O,19.55
FN_A01,154,Guatteria schomburgkiana,Annonaceae,805.600.576.140.264,868.917.918.964.664,10.4,13.68,9.92,False,O,10.93
FN_A01,155,Tapirira guianensis,Anacardiaceae,805.601.593.816.672,868.918.023.547.072,23.1,21.6,15.43,False,O,18.84
FN_A01,156,Inga sp.,Fabaceae,805.601.408.745.512,868.918.332.552.312,15.2,20.52,11.83,False,O,14.28
FN_A01,157,Tetragastris altissima,Burseraceae,80.560.684.821.752,86.891.825.677.672,38.1,11.51,7.5,False,O,25.39
FN_A01,158,Dipteryx odorata,Fabaceae,805.610.888.334,868.918.138.946,42.6,10.78,8.07,False,O,26.97
FN_A01,159,Ormosia coccinea,Fabaceae,805.597.384.314.588,868.919.320.671.188,32.1,23.8,11.53,False,O,23.03
FN_A01,160,Aspidosperma excelsum,Apocynaceae,80.563.186.181.746,86.891.917.326.326,51.0,38.82,29.44,False,O,29.57
FN_A01,161,Tetragastris altissima,Burseraceae,80.562.894.604.608,86.891.856.648.608,41.3,28.8,22.1,False,O,26.53
FN_A01,162,Hymenolobium petraeum,Fabaceae,8.056.365.107.386,8.689.171.695.406,65.0,36.25,26.95,False,O,33.09
FN_A01,163,Byrsonima crispa,Malpighiaceae,80.562.999.199.872,86.893.219.397.928,47.0,31.92,20.33,False,O,28.38
FN_A01,164,Protium paniculatum,Burseraceae,805.593.821.410.969,86.893.055.326.343,18.3,15.73,8.2,False,O,16.19
FN_A01,165,Protium paniculatum,Burseraceae,805.594.582.602.624,868.930.603.205.376,13.8,16.72,8.8,False,O,13.36
FN_A01,166,Tetragastris altissima,Burseraceae,805.595.815.273.638,868.930.699.855.762,13.1,16.58,9.78,False,O,12.88
FN_A01,167,Dialium guianense,Fabaceae,805.597.709.622.272,868.930.844.953.728,18.7,17.83,8.73,False,O,16.42
FN_A01,168,Licania octandra,Chrysobalanaceae,805.593.581.612.429,868.930.791.346.471,17.5,13.85,8.73,False,O,15.71
FN_A01,169,Tetragastris altissima,Burseraceae,80.559.379.677.184,86.893.164.075.216,38.6,38.32,24.35,False,O,25.57
FN_A01,170,Dialium guianense,Fabaceae,805.593.784.248.832,868.931.703.373.368,27.2,21.63,13.05,False,O,20.86
FN_A01,171,Tetragastris altissima,Burseraceae,80.559.845.012.064,86.893.220.646.336,40.2,31.07,23.1,False,O,26.14
FN_A01,172,Protium paniculatum,Burseraceae,80.559.741.353.856,86.893.257.201.564,12.8,11.97,6.09,False,O,12.67
FN_A01,173,,,80.559.550.650.816,86.893.259.683.884,14.3,5.2,,True,O,13.69
FN_A01,174,Cordia scabrifolia,Boraginaceae,80.559.438.524.256,86.893.342.262.544,13.7,18.62,12.52,False,O,13.29
FN_A01,175,Mucuna rostrata,Fabaceae,805.594.178.272.704,868.934.423.630.496,25.0,19.97,14.11,False,O,19.8
FN_A01,176,Guatteria schomburgkiana,Annonaceae,80.559.416.964.896,86.893.446.533.904,15.6,15.49,11.03,False,O,14.54
FN_A01,177,Tetragastris altissima,Burseraceae,8.056.000.628.928,8.689.356.490.332,45.5,26.45,19.44,False,O,27.91
FN_A01,178,Tetragastris altissima,Burseraceae,80.561.178.835.968,86.893.510.346.832,42.0,31.26,23.13,False,O,26.77
FN_A01,179,Luehea speciosa,Malvaceae,80.561.548.288,868.935.230.085,51.6,35.7,24.48,False,O,29.74
FN_A01,180,Albizia pedicellaris,Fabaceae,80.561.604.352,86.893.369.959,40.3,21.41,15.0,False,O,26.18
FN_A01,181,Tetragastris altissima,Burseraceae,8.056.230.636.288,8.689.327.386.312,46.0,17.73,10.78,False,O,28.07
FN_A01,182,Ormosia excelsa,Fabaceae,8.056.203.075.696,8.689.348.541.424,63.8,29.46,20.03,False,O,32.82
FN_A01,183,Aspidosperma excelsum,Apocynaceae,8.056.204.708.272,8.689.344.479.568,46.5,32.49,21.97,False,O,28.23
FN_A01,184,Vochysia guianensis,Vochysiaceae,8.056.194.629.104,8.689.321.959.996,40.8,18.01,11.43,False,O,26.35
FN_A01,185,Tetragastris altissima,Burseraceae,80.561.868.437.472,86.893.172.875.878,40.7,12.73,8.59,False,O,26.32
FN_A01,1,Sacoglottis guianensis,Humiriaceae,805.559.704.966.847,867.137.358.652.271,33.9,23.69,16.11,False,O,23.77
FN_A01,2,Tapirira guianensis,Anacardiaceae,805.559.445.443.861,867.137.403.545.797,30.4,20.92,14.82,False,O,22.3
FN_A01,3,Casearia grandiflora,Salicaceae,805.557.910.197.232,867.138.231.898.672,10.2,10.75,7.77,False,O,10.78
FN_A01,4,Esenbeckia febrifuga,Rutaceae,805.557.255.435.712,867.138.360.710.752,16.7,15.11,11.81,False,O,15.22
FN_A01,5,Casearia grandiflora,Salicaceae,8.055.559.635.704,8.671.381.965.384,12.6,12.04,7.74,False,O,12.53
FN_A01,6,Casearia grandiflora,Salicaceae,80.555.827.213.998,86.713.872.328.358,10.9,12.02,9.23,False,O,11.3
FN_A01,7,Casearia grandiflora,Salicaceae,805.558.329.264.496,867.138.736.630.816,14.7,12.02,9.23,False,O,13.95
FN_A01,8,,,805.558.541.265.472,867.138.943.743.712,70.4,2.31,,True,O,34.23
FN_A01,9,Casearia grandiflora,Salicaceae,805.560.368.176.666,867.137.465.337.018,16.3,11.17,7.48,False,O,14.98
FN_A01,10,Sloanea guianensis,Elaeocarpaceae,805.556.047.430.768,867.139.065.581.328,12.4,11.57,7.05,False,O,12.39
FN_A01,11,,,805.556.859.664.672,867.139.427.806.912,49.4,12.58,,True,O,29.11
FN_A01,12,,,80.555.019.243.828,86.713.985.591.588,15.3,4.42,,True,O,14.34
FN_A01,13,,,80.554.951.348.156,86.714.005.113.676,15.7,2.62,,True,O,14.6
FN_A01,14,Qualea paraensis,Vochysiaceae,8.055.516.678.847,8.671.406.239.387,57.6,22.02,14.17,False,O,31.34
FN_A01,15,Aspidosperma excelsum,Apocynaceae,80.555.153.310.398,86.714.066.272.758,17.1,12.16,7.37,False,O,15.47
FN_A01,16,Inga thibaudiana,Fabaceae,805.549.718.993.552,867.140.826.781.392,10.4,12.48,8.03,False,O,10.93
FN_A01,17,Guatteria schomburgkiana,Annonaceae,805.549.090.527.203,867.141.305.990.147,12.1,14.28,8.91,False,O,12.18
FN_A01,18,Inga alba,Fabaceae,805.547.337.778.016,867.141.571.580.736,19.2,18.0,10.04,False,O,16.71
FN_A01,19,Esenbeckia febrifuga,Rutaceae,8.055.576.126.868,8.671.410.014.428,43.2,17.62,8.67,False,O,27.17
FN_A01,20,Ormosia excelsa,Fabaceae,80.555.846.180.848,86.714.135.435.008,50.0,26.87,16.65,False,O,29.28
FN_A01,21,Dipteryx odorata,Fabaceae,805.562.585.251,867.140.105.431,58.3,18.72,11.45,False,O,31.52
FN_A01,22,Ormosia excelsa,Fabaceae,80.556.584.865.904,86.714.161.571.584,71.8,22.56,14.51,False,O,34.51
FN_A01,23,Hymenolobium petraeum,Fabaceae,80.557.565.439.792,86.714.237.714.432,56.5,25.52,15.77,False,O,31.06
FN_A01,24,Dipteryx odorata,Fabaceae,8.055.760.419.148,8.671.416.644.308,47.4,27.9,18.14,False,O,28.51
FN_A01,25,Licania octandra,Chrysobalanaceae,805.583.413.606,867.141.929.626,40.5,19.23,12.11,False,O,26.25
FN_A01,26,,,805.577.760.004,867.143.269.684,47.0,26.97,,True,O,28.38
FN_A01,27,Neea oppositifolia,Nyctaginaceae,8.055.808.403.776,8.671.402.744.696,49.7,18.27,13.51,False,O,29.19
FN_A01,28,Aniba parviflora,Lauraceae,805.585.821.282.832,867.140.030.132.272,41.6,1.07,0.76,False,O,26.63
FN_A01,29,Pouteria gongrijpii,Sapotaceae,805.588.343.539.096,867.139.838.447.416,36.3,20.79,17.29,False,O,24.71
FN_A01,30,Protium paniculatum,Burseraceae,8.055.096.956.568,8.671.519.120.504,13.6,8.22,4.85,False,O,13.22
FN_A01,31,Guatteria schomburgkiana,Annonaceae,80.551.134.000.504,86.715.197.272.912,11.6,12.78,8.33,False,O,11.82
FN_A01,32,Eriotheca globosa,Malvaceae,805.510.735.575.782,867.152.147.732.147,13.3,8.97,6.86,False,O,13.02
FN_A01,33,Ocotea cernua,Lauraceae,80.550.850.079.552,86.715.285.440.656,20.5,17.02,9.02,False,O,17.45
FN_A01,34,Vismia guianensis,Hypericaceae,80.550.566.335.152,86.715.307.969.456,12.4,8.08,4.72,False,O,12.39
FN_A01,35,Cecropia palmata,Urticaceae,805.505.669.088.077,86.715.415.114.983,20.1,16.42,12.87,False,O,17.22
FN_A01,36,Ormosia coccinea,Fabaceae,80.550.179.905.896,86.715.419.868.688,12.6,11.16,6.47,False,O,12.53
FN_A01,37,Tachigali paniculata,Fabaceae,80.550.979.294.912,86.715.486.438.736,43.4,23.29,13.8,False,O,27.23
FN_A01,38,,,805.498.741.227.456,867.155.084.150.368,16.7,18.79,9.52,False,O,15.22
FN_A01,39,Guatteria schomburgkiana,Annonaceae,805.496.321.844.288,867.155.784.736.864,24.3,17.9,11.87,False,O,19.45
FN_A01,40,Maquira coriacea,Moraceae,80.549.558.258.832,86.715.599.880.496,33.1,20.36,9.73,False,O,23.44
FN_A01,41,Ormosia excelsa,Fabaceae,80.551.529.493.168,86.715.625.011.504,70.0,28.29,15.19,False,O,34.15
FN_A01,42,Tetragastris panamensis,Burseraceae,80.555.113.460.304,86.715.333.370.912,40.6,18.91,8.82,False,O,26.28
FN_A01,43,Esenbeckia febrifuga,Rutaceae,805.545.323.202,867.153.226.756,42.6,24.19,17.02,False,O,26.97
FN_A01,44,Tetragastris altissima,Burseraceae,805.520.772.019.712,867.153.475.319.136,52.7,21.8,13.54,False,O,30.05
FN_A01,45,Aspidosperma excelsum,Apocynaceae,80.551.514.878.656,86.715.331.461.968,73.0,24.79,16.39,False,O,34.75
FN_A01,46,Casearia grandiflora,Salicaceae,805.461.161.268.708,867.166.630.958.392,18.1,12.66,9.31,False,O,16.07
FN_A01,47,Bellucia grossularioides,Melastomataceae,80.546.091.147.284,86.716.669.648.416,11.3,8.79,6.77,False,O,11.6
FN_A01,48,Bellucia grossularioides,Melastomataceae,8.054.577.929.645,867.166.964.771,16.9,18.77,11.47,False,O,15.35
FN_A01,49,Miconia poeppigii,Melastomataceae,805.458.499.223.729,867.167.081.656.451,22.5,18.71,14.75,False,O,18.53
FN_A01,50,Bellucia grossularioides,Melastomataceae,805.457.326.439.896,867.167.086.461.504,10.0,14.27,9.86,False,O,10.62
FN_A01,51,Miconia poeppigii,Melastomataceae,80.546.018.364.038,86.716.743.916.692,17.6,14.09,9.73,False,O,15.77
FN_A01,52,Sacoglottis guianensis,Humiriaceae,805.458.391.023.216,867.167.634.155.584,14.5,14.09,9.24,False,O,13.82
FN_A01,53,Miconia poeppigii,Melastomataceae,8.054.595.804.168,8.671.675.983.012,10.2,9.24,7.31,False,O,10.78
FN_A01,54,Miconia poeppigii,Melastomataceae,805.458.426.607.648,867.167.624.794.752,11.0,13.85,9.54,False,O,11.38
FN_A01,55,Miconia poeppigii,Melastomataceae,80.545.679.764.592,86.716.772.024.048,22.4,14.21,7.38,False,O,18.47
FN_A01,56,Trattinnickia burserifolia,Burseraceae,805.454.957.930.368,867.167.704.274.832,12.6,12.58,9.9,False,O,12.53
FN_A01,57,Tetragastris altissima,Burseraceae,80.545.187.169.068,86.716.850.930.432,18.9,13.7,8.48,False,O,16.54
FN_A01,58,Cordia scabrifolia,Boraginaceae,8.054.542.578.558,8.671.690.024.272,22.8,14.1,9.56,False,O,18.68
FN_A01,59,Cordia scabrifolia,Boraginaceae,805.444.837.935.112,867.170.344.022.688,17.3,11.89,10.01,False,O,15.59
FN_A01,60,,,80.549.754.742.512,86.716.776.003.088,45.2,14.15,,True,O,27.82
FN_A01,61,Dipteryx odorata,Fabaceae,805.468.559.044.014,867.166.824.946.026,58.5,20.71,12.24,False,O,31.57
FN_A01,62,,,80.546.799.487.466,86.716.650.304.064,45.6,20.3,,True,O,27.95
FN_A01,63,,,80.541.125.675.184,86.718.033.246.416,11.5,2.69,,True,O,11.75
FN_A01,64,Zanthoxylum rhoifolium,Rutaceae,80.541.023.082.416,86.718.062.834.384,12.1,6.98,4.74,False,O,12.18
FN_A01,65,Strychnos subcordata,Loganiaceae,805.410.184.795.408,867.180.834.744.032,13.2,13.29,6.49,False,O,12.95
FN_A01,66,Casearia grandiflora,Salicaceae,8.054.123.084.484,8.671.809.946.424,14.4,14.97,9.26,False,O,13.76
FN_A01,67,Qualea paraensis,Vochysiaceae,80.541.563.100.408,86.718.132.292.912,43.0,22.77,13.99,False,O,27.1
FN_A01,68,Tetragastris altissima,Burseraceae,805.415.617.909.416,867.181.582.962.464,53.2,25.26,18.06,False,O,30.18
FN_A01,69,Casearia grandiflora,Salicaceae,80.540.814.319.848,86.718.155.186.032,16.6,20.09,9.08,False,O,15.16
FN_A01,70,Tapirira guianensis,Anacardiaceae,805.407.271.503.472,867.181.738.874.688,21.7,20.18,9.44,False,O,18.1
FN_A01,71,Pouteria gongrijpii,Sapotaceae,80.540.458.822.192,86.718.225.568.208,40.2,24.63,17.61,False,O,26.14
FN_A01,72,Protium paniculatum,Burseraceae,80.540.544.814.584,86.718.232.863.856,16.2,14.36,9.05,False,O,14.91
FN_A01,73,Inga alba,Fabaceae,8.054.014.214.788,8.671.828.483.832,17.0,17.0,7.87,False,O,15.41
FN_A01,74,Nectandra cuspidata,Lauraceae,8.054.055.929.858,8.671.829.278.088,25.8,17.51,12.41,False,O,20.19
FN_A01,75,Aspidosperma spruceanum,Apocynaceae,8.054.037.392.656,8.671.831.414.824,16.7,19.06,13.07,False,O,15.22
FN_A01,76,Trattinnickia burserifolia,Burseraceae,80.540.255.128.144,86.718.348.367.616,13.4,13.24,7.76,False,O,13.08
FN_A01,77,Inga thibaudiana,Fabaceae,8.054.028.939.482,8.671.837.047.752,10.7,15.33,7.49,False,O,11.15
FN_A01,78,,,80.540.232.146.056,86.718.450.792.944,43.0,3.76,3.42,True,O,27.1
FN_A01,79,Protium paniculatum,Burseraceae,80.539.533.454,867.184.604.956,14.1,11.03,5.51,False,O,13.56
FN_A01,80,Ocotea cernua,Lauraceae,805.400.227.042,867.184.472.492,36.0,15.89,10.58,False,O,24.6
FN_A01,81,Trattinnickia burserifolia,Burseraceae,805.411.968.394,867.183.651.244,44.5,17.45,10.22,False,O,27.59
FN_A01,82,Vochysia guianensis,Vochysiaceae,8.054.247.932.464,8.671.847.490.856,62.3,19.52,7.23,False,O,32.48
FN_A01,83,Goupia glabra,Goupiaceae,8.054.238.154.804,8.671.853.418.296,38.1,24.18,23.37,False,O,25.39
FN_A01,84,Himatanthus sucuuba,Apocynaceae,8.054.411.755.328,8.671.860.867.992,51.5,32.93,20.49,False,O,29.71
FN_A01,85,Qualea paraensis,Vochysiaceae,8.054.402.276.444,8.671.844.759.096,50.0,24.21,16.72,False,O,29.28
FN_A01,86,Tachigali paniculata,Fabaceae,8.054.468.137.024,8.671.841.914.616,42.9,22.81,16.53,False,O,27.07
FN_A01,87,,,805.434.279.698,867.182.373.356,63.6,4.93,,True,O,32.78
FN_A01,88,,,8.054.478.156.248,8.671.826.537.672,37.1,19.19,,True,O,25.01
FN_A01,89,,,80.544.317.822,867.181.753.052,47.0,25.56,,True,O,28.38
FN_A01,90,,,8.054.418.489.776,8.671.814.959.064,39.5,3.61,,True,O,25.89
FN_A01,95,Diospyros guianensis,Ebenaceae,805.373.232.036.073,867.130.552.146.675,22.8,12.61,8.29,False,O,18.68
FN_A01,96,Ormosia grossa,Fabaceae,805.370.495.379.496,867.130.776.488.272,22.6,7.84,3.19,False,O,18.58
FN_A01,97,Protium paniculatum,Burseraceae,805.370.255.942.368,867.130.844.014.976,22.6,14.94,3.38,False,O,18.58
FN_A01,98,Astrocaryum aculeatum,Arecaceae,80.536.950.342.568,86.713.105.624.176,22.1,19.5,16.13,False,P,18.31
FN_A01,99,Mucuna rostrata,Fabaceae,805.371.873.012.032,867.131.239.565.824,22.2,16.08,11.8,False,O,18.37
FN_A01,100,Sloanea guianensis,Elaeocarpaceae,805.370.067.037.877,867.132.053.035.418,14.4,14.4,10.47,False,O,13.76
FN_A01,101,Mucuna rostrata,Fabaceae,805.368.983.059.115,867.132.297.913.527,20.5,14.28,9.79,False,O,17.45
FN_A01,102,,,805.364.441.040.688,867.132.483.949.216,45.1,21.92,,True,O,27.79
FN_A01,103,Endlicheria ruforamula,Lauraceae,80.536.533.935.016,86.713.253.474.912,34.1,22.35,14.54,False,O,23.85
FN_A01,104,Protium paniculatum,Burseraceae,8.053.654.281.772,8.671.327.530.128,25.9,13.24,7.24,False,O,20.24
FN_A01,105,Ormosia excelsa,Fabaceae,80.536.914.457.672,86.713.298.230.704,65.0,28.04,16.12,False,O,33.09
FN_A01,106,Qualea paraensis,Vochysiaceae,8.053.697.051.292,8.671.334.325.064,45.4,20.64,10.41,False,O,27.88
FN_A01,107,Enterolobium schomburgkii,Fabaceae,8.053.651.566.036,8.671.334.987.192,17.8,13.54,7.0,False,O,15.89
FN_A01,108,Tetragastris altissima,Burseraceae,805.363.643.115.424,867.133.621.413.568,14.2,9.08,5.83,False,O,13.62
FN_A01,109,Inga alba,Fabaceae,80.536.326.024.876,86.713.375.980.512,10.5,13.62,10.36,False,O,11.0
FN_A01,110,,,8.053.631.637.244,8.671.337.566.128,13.0,11.2,,True,O,12.81
FN_A01,111,Protium paniculatum,Burseraceae,80.535.547.925.104,86.713.501.137.728,17.6,11.95,7.11,False,O,15.77
FN_A01,112,Pouteria gongrijpii,Sapotaceae,8.054.064.077.636,8.671.346.389.912,65.0,18.06,14.02,False,O,33.09
FN_A01,113,Tetragastris altissima,Burseraceae,8.054.034.336.456,8.671.348.694.752,41.2,25.72,16.2,False,O,26.49
FN_A01,114,Sacoglottis guianensis,Humiriaceae,8.054.133.620.212,8.671.326.777.144,50.4,31.04,20.82,False,O,29.4
FN_A01,115,Pouteria gongrijpii,Sapotaceae,805.410.672.428.816,867.131.915.518.912,51.6,28.84,15.16,False,O,29.74
FN_A01,116,Endlicheria ruforamula,Lauraceae,80.539.849.135.992,86.713.230.942.944,51.0,29.37,18.97,False,O,29.57
FN_A01,117,Zanthoxylum rhoifolium,Rutaceae,80.532.267.048.464,86.714.464.292.524,14.4,11.62,4.0,False,O,13.76
FN_A01,118,Tetragastris altissima,Burseraceae,805.324.451.583.864,867.144.787.372.324,24.4,15.94,9.87,False,O,19.5
FN_A01,119,Licania canescens,Chrysobalanaceae,80.532.504.643.368,86.714.495.034.088,12.2,10.2,4.03,False,O,12.25
FN_A01,120,Aniba parviflora,Lauraceae,805.326.612.022.661,867.145.398.312.633,40.8,18.01,12.15,False,O,26.35
FN_A01,121,Tetragastris altissima,Burseraceae,80.533.465.597.232,86.714.510.798.812,37.1,22.8,13.29,False,O,25.01
FN_A01,122,Aniba parviflora,Lauraceae,80.533.707.941.592,86.714.638.379.872,51.2,25.1,13.13,False,O,29.63
FN_A01,123,Casearia grandiflora,Salicaceae,805.318.469.951.152,867.146.976.530.032,16.4,17.92,12.61,False,O,15.04
FN_A01,124,Tetragastris altissima,Burseraceae,80.531.585.415.364,86.714.744.571.174,40.3,22.44,15.22,False,O,26.18
FN_A01,125,Protium paniculatum,Burseraceae,805.315.911.568.424,867.147.394.160.884,10.9,10.24,5.85,False,O,11.3
FN_A01,126,Helicostylis sp.,Moraceae,8.053.156.995.236,8.671.474.935.236,31.5,15.84,13.12,False,O,22.78
FN_A01,127,Ormosia coccinea,Fabaceae,805.315.274.863.136,867.147.692.219.776,17.7,13.3,5.5,False,O,15.83
FN_A01,128,,,805.328.618.924.248,867.148.215.676.668,49.1,5.44,,True,O,29.02
FN_A01,129,,,8.053.364.449.908,8.671.472.182.048,40.6,0.88,,True,O,26.28
FN_A01,130,Dipteryx odorata,Fabaceae,805.324.518.969.296,867.148.133.316.736,44.5,19.91,12.48,False,O,27.59
FN_A01,131,Neea oppositifolia,Nyctaginaceae,80.531.658.438.516,86.714.822.615.056,17.1,7.66,4.34,False,O,15.47
FN_A01,132,Virola michelii,Myristicaceae,805.316.780.170.497,867.148.265.896.682,18.3,14.55,10.59,False,O,16.19
FN_A01,133,Guatteria schomburgkiana,Annonaceae,805.311.021.640.696,867.148.270.760.236,20.4,14.7,8.98,False,O,17.39
FN_A01,134,Jacaranda copaia,Bignoniaceae,805.309.853.682.728,867.148.634.500.948,15.2,13.7,12.69,False,O,14.28
FN_A01,135,,,805.312.105.515.472,867.148.538.023.552,35.3,3.77,,True,O,24.32
FN_A01,136,Esenbeckia febrifuga,Rutaceae,805.309.632.957.008,867.149.303.091.328,35.0,15.73,10.04,False,O,24.21
FN_A01,137,Ormosia excelsa,Fabaceae,80.534.614.551.304,86.714.855.698.864,78.0,23.28,10.02,False,O,35.67
FN_A01,138,Aspidosperma excelsum,Apocynaceae,80.532.459.082.272,86.714.837.229.412,73.0,25.38,16.89,False,O,34.75
FN_A01,139,,,8.053.664.450.032,8.671.473.052.872,56.0,4.24,,True,O,30.93
FN_A01,140,Dipteryx odorata,Fabaceae,80.534.632.912.016,86.714.942.088.556,61.9,14.29,11.7,False,O,32.39
FN_A01,141,Erisma uncinatum,Vochysiaceae,80.527.876.393.676,867.158.904.282.424,23.0,15.19,9.77,False,O,18.79
FN_A01,142,Protium paniculatum,Burseraceae,80.527.735.596.576,867.159.352.273.344,24.5,15.98,9.6,False,O,19.55
FN_A01,143,Himatanthus sucuuba,Apocynaceae,80.527.558.486.596,867.159.555.483.304,42.3,29.28,17.92,False,O,26.87
FN_A01,144,Mucuna rostrata,Fabaceae,805.277.302.747.126,867.159.683.022.596,13.7,13.76,8.72,False,O,13.29
FN_A01,145,Calophyllum brasiliense,Calophyllaceae,8.052.753.331.024,86.715.991.267.296,32.4,22.72,11.78,False,O,23.15
FN_A01,146,Aspidosperma excelsum,Apocynaceae,8.052.803.858.952,86.716.022.923.728,86.4,31.68,24.27,False,O,37.07
FN_A01,147,Pouteria gongrijpii,Sapotaceae,8.052.812.535.138,86.716.110.840.212,35.3,17.53,8.79,False,O,24.32
FN_A01,148,,,8.052.798.067.362,86.716.122.117.108,91.0,3.84,,True,O,37.75
FN_A01,149,Jacaranda copaia,Bignoniaceae,80.526.876.590.094,867.161.450.788.156,19.4,17.81,16.51,False,O,16.83
FN_A01,150,Guatteria schomburgkiana,Annonaceae,805.283.673.020.952,867.160.293.054.373,11.4,14.37,6.58,False,O,11.67
FN_A01,151,Dipteryx odorata,Fabaceae,805.277.415.096,8.671.621.371.728,60.4,22.74,13.74,False,O,32.03
FN_A01,152,Copaifera reticulata,Fabaceae,8.052.795.240.128,86.716.265.499.392,50.5,22.55,14.81,False,O,29.43
FN_A01,153,,,805.277.603.998,86.716.289.609.736,78.0,5.26,,True,O,35.67
FN_A01,154,Esenbeckia febrifuga,Rutaceae,80.528.935.469.058,867.163.539.338.132,39.0,17.97,11.55,False,O,25.71
FN_A01,155,Ormosia excelsa,Fabaceae,8.052.873.088.178,86.716.453.716.692,48.9,22.69,16.58,False,O,28.96
FN_A01,156,Pouteria gongrijpii,Sapotaceae,8.052.899.676.752,86.716.462.217.888,35.1,22.88,13.65,False,O,24.25
FN_A01,157,,,80.529.043.145.436,867.164.531.660.424,54.5,19.72,,True,O,30.54
FN_A01,158,Erisma uncinatum,Vochysiaceae,80.529.206.934.272,867.164.373.921.328,46.0,26.23,15.64,False,O,28.07
FN_A01,159,Aspidosperma excelsum,Apocynaceae,8.053.074.597.184,86.716.405.467.216,47.4,19.29,11.53,False,O,28.51
FN_A01,160,Hymenaea courbaril,Fabaceae,8.053.037.633.208,86.716.371.891.312,71.4,35.06,19.42,False,O,34.43
FN_A01,161,Licania octandra,Chrysobalanaceae,8.053.056.605.468,86.716.326.251.352,35.2,17.09,8.09,False,O,24.28
FN_A01,162,Goupia glabra,Goupiaceae,80.530.057.333,867.163.502.562,38.0,16.27,9.28,False,O,25.35
FN_A01,163,Pouteria gongrijpii,Sapotaceae,80.529.538.346,86.716.224.778,50.0,23.69,16.6,False,O,29.28
FN_A01,164,Licania canescens,Chrysobalanaceae,8.053.074.195.324,86.716.258.998.376,46.5,25.58,14.6,False,O,28.23
FN_A01,165,Dialium guianense,Fabaceae,80.527.464.965,8.671.631.471.756,37.8,14.07,8.35,False,O,25.28
FN_A01,166,Ormosia excelsa,Fabaceae,8.052.646.889.536,86.716.258.395.984,50.0,24.13,12.94,False,O,29.28
FN_A01,167,Qualea paraensis,Vochysiaceae,8.052.786.894.864,86.716.124.601.088,55.4,20.22,13.49,False,O,30.77
FN_A01,168,Enterolobium schomburgkii,Fabaceae,80.528.679.527.776,867.161.276.786.784,54.8,26.7,21.29,False,O,30.62
FN_A01,169,Aniba parviflora,Lauraceae,805.296.314.397.016,867.159.825.458.942,55.9,23.36,12.29,False,O,30.91
FN_A01,170,Guatteria schomburgkiana,Annonaceae,80.523.018.397.688,86.717.309.484.456,11.1,19.49,11.23,False,O,11.45
FN_A01,171,,,80.523.233.953.948,86.717.356.613.836,15.8,17.67,11.0,False,O,14.66
FN_A01,172,Cordia goeldiana,Boraginaceae,805.225.722.790.872,867.174.133.010.264,11.6,16.43,13.2,False,O,11.82
FN_A01,173,Cordia scabrifolia,Boraginaceae,805.226.029.152.784,867.174.306.195.808,16.5,18.54,13.37,False,O,15.1
FN_A01,174,Byrsonima crispa,Malpighiaceae,805.225.773.527.113,867.174.341.286.443,24.0,17.45,12.96,False,O,19.3
FN_A01,175,Casearia grandiflora,Salicaceae,80.522.486.329.632,86.717.433.302.384,15.1,26.39,17.29,False,O,14.21
FN_A01,176,Jacaranda copaia,Bignoniaceae,8.052.261.956.366,8.671.747.581.792,28.3,20.79,17.48,False,O,21.37
FN_A01,177,Inga alba,Fabaceae,805.223.118.859.344,867.175.255.276.328,29.1,18.08,9.85,False,O,21.73
FN_A01,178,Inga sp.,Fabaceae,805.222.802.625.184,867.175.353.769.408,13.3,16.17,10.01,False,O,13.02
FN_A01,179,Zanthoxylum rhoifolium,Rutaceae,805.220.729.536.808,867.175.294.993.896,13.2,10.2,5.16,False,O,12.95
FN_A01,180,Protium paniculatum,Burseraceae,80.521.913.333.264,86.717.566.644.768,11.8,5.37,3.94,False,O,11.96
FN_A01,181,Cecropia palmata,Urticaceae,805.222.281.084.514,867.175.871.417.043,30.1,24.26,17.98,False,O,22.17
FN_A01,182,Esenbeckia febrifuga,Rutaceae,805.218.678.692.717,867.176.044.051.242,11.0,9.06,5.72,False,O,11.38
FN_A01,183,Ocotea cernua,Lauraceae,805.218.817.555.912,867.176.234.609.944,17.9,15.11,10.04,False,O,15.95
FN_A01,184,Schefflera morototoni,Araliaceae,80.521.433.288.992,86.717.703.215.104,15.5,16.26,13.21,False,O,14.47
FN_A01,185,Sloanea guianensis,Elaeocarpaceae,805.214.016.914.064,867.177.130.698.968,10.4,9.5,5.76,False,O,10.93
FN_A01,186,Cecropia ficifolia,Urticaceae,80.521.053.838.712,86.717.766.658.344,23.7,19.34,7.69,False,O,19.15
FN_A01,187,Vochysia guianensis,Vochysiaceae,80.523.769.930.416,86.717.806.560.992,41.7,25.35,18.63,False,O,26.66
FN_A01,188,Ormosia excelsa,Fabaceae,8.052.460.841.584,8.671.768.006.408,53.8,28.76,19.78,False,O,30.35
FN_A01,189,Tetragastris altissima,Burseraceae,8.052.427.007.848,8.671.755.814.576,36.8,25.01,15.56,False,O,24.9
FN_A01,190,Ormosia excelsa,Fabaceae,8.052.521.865.724,8.671.786.824.688,35.5,29.73,12.99,False,O,24.4
FN_A01,191,Aniba parviflora,Lauraceae,80.523.423.412.624,86.717.838.861.088,68.0,29.73,12.99,False,O,33.74
FN_A01,1,Tapirira guianensis,Anacardiaceae,805.184.073.955.648,867.124.300.918.176,11.7,12.0,10.5,False,O,11.89
FN_A01,2,Qualea paraensis,Vochysiaceae,805.183.074.632.816,867.124.563.620.592,47.4,26.09,18.58,False,O,28.51
FN_A01,3,Inga sp.,Fabaceae,805.181.025.632.176,867.124.827.456.112,14.3,15.29,10.81,False,O,13.69
FN_A01,4,Tapirira guianensis,Anacardiaceae,805.180.300.056.892,867.125.017.412.704,17.0,16.54,10.32,False,O,15.41
FN_A01,5,Ocotea cernua,Lauraceae,805.179.885.442.444,867.125.125.959.328,15.1,15.6,10.55,False,O,14.21
FN_A01,6,Protium paniculatum,Burseraceae,805.177.489.903.631,867.125.780.887.339,20.4,14.38,10.27,False,O,17.39
FN_A01,7,Qualea paraensis,Vochysiaceae,805.176.603.078.064,867.125.985.286.768,64.5,35.63,21.55,False,O,32.98
FN_A01,8,Inga sp.,Fabaceae,80.517.230.100.471,86.712.697.022.052,12.6,13.51,8.84,False,O,12.53
FN_A01,9,Protium paniculatum,Burseraceae,805.171.875.563.816,867.127.109.649.392,10.8,11.66,6.68,False,O,11.23
FN_A01,10,Neea oppositifolia,Nyctaginaceae,80.517.190.411.432,86.712.721.548.184,38.5,26.32,13.4,False,O,25.53
FN_A01,11,,,80.517.240.155.848,86.712.765.550.376,22.6,9.03,,True,O,18.58
FN_A01,12,,,805.172.332.823.256,867.127.673.647.472,13.1,6.02,,True,O,12.88
FN_A01,13,Tetragastris altissima,Burseraceae,805.187.967.109.524,867.127.558.801.688,37.1,18.03,10.18,False,O,25.01
FN_A01,14,Ormosia excelsa,Fabaceae,80.518.656.132.008,86.712.644.506.496,66.1,26.59,18.38,False,O,33.33
FN_A01,15,,,805.191.131.472.988,867.125.478.761.056,50.8,30.18,,True,O,29.51
FN_A01,16,Parkia pendula,Fabaceae,8.051.959.912.048,8.671.258.677.076,55.0,26.19,14.91,False,O,30.67
FN_A01,17,Trattinnickia burserifolia,Burseraceae,8.052.234.655.256,8.671.256.404.892,46.9,32.1,16.73,False,O,28.35
FN_A01,18,Qualea paraensis,Vochysiaceae,8.052.127.469.752,8.671.273.816.744,49.1,25.71,13.1,False,O,29.02
FN_A01,19,Jacaranda copaia,Bignoniaceae,805.215.968.564,8671296.87,40.0,25.52,19.58,False,O,26.07
FN_A01,20,Cecropia palmata,Urticaceae,80.513.711.349.684,867.138.306.075,22.3,20.02,17.11,False,O,18.42
FN_A01,21,Schefflera morototoni,Araliaceae,80.513.706.930.536,8.671.385.077.704,19.0,27.19,20.35,False,O,16.6
FN_A01,22,Schefflera morototoni,Araliaceae,805.139.423.882.446,86.713.850.986.467,17.2,20.47,16.64,False,O,15.53
FN_A01,23,Schefflera morototoni,Araliaceae,805.138.779.442.312,86.713.858.877.724,13.5,21.64,15.92,False,O,13.15
FN_A01,24,Schefflera morototoni,Araliaceae,80.513.685.853.154,8.671.385.569.085,11.7,20.6,18.64,False,O,11.89
FN_A01,25,Schefflera morototoni,Araliaceae,8.051.373.367.944,8.671.386.856.512,15.2,20.23,17.71,False,O,14.28
FN_A01,26,Nectandra cuspidata,Lauraceae,805.138.596.165.248,86.713.887.371.536,14.3,19.41,12.23,False,O,13.69
FN_A01,27,,,8.051.340.245.763,8.671.390.244.315,10.1,12.63,,True,O,10.7
FN_A01,28,Guatteria schomburgkiana,Annonaceae,8.051.338.130.064,867.139.073.634,10.0,18.18,10.12,False,O,10.62
FN_A01,29,Endlicheria ruforamula,Lauraceae,8.051.330.371.744,867.139.496.352,16.0,21.83,14.73,False,O,14.79
FN_A01,30,Poeppigia procera,Fabaceae,80.513.008.937.616,867.139.939.598,13.4,13.84,8.36,False,O,13.08
FN_A01,31,Neea oppositifolia,Nyctaginaceae,805.133.711.461,867.140.072.451,36.4,18.79,8.66,False,O,24.75
FN_A01,32,Goupia glabra,Goupiaceae,8.051.360.822.872,867.140.254.608,42.5,24.88,14.4,False,O,26.93
FN_A01,33,,,80.513.955.379.666,8.671.401.744.525,35.7,21.66,14.65,True,O,24.48
FN_A01,34,Pouteria gongrijpii,Sapotaceae,805.149.523.696.284,86.713.999.813.378,42.9,24.54,15.06,False,O,27.07
FN_A01,35,Bowdichia nitida,Fabaceae,8.051.246.141.824,867.141.461.232,38.1,29.47,20.41,False,O,25.39
FN_A01,36,Heisteria densifrons,Olacaceae,80.512.498.389.044,8.671.416.244.262,12.7,7.07,4.5,False,O,12.6
FN_A01,37,Guatteria schomburgkiana,Annonaceae,80.512.298.062.752,867.141.592.802,12.2,14.08,9.55,False,O,12.25
FN_A01,38,Pouteria gongrijpii,Sapotaceae,8.051.263.743.632,867.142.052.744,45.1,31.12,21.68,False,O,27.79
FN_A01,39,Ormosia excelsa,Fabaceae,80.513.602.979.548,867.141.555.564,89.0,39.59,21.44,False,O,37.46
FN_A01,40,Inga alba,Fabaceae,8.051.181.568.338,867.142.714.619,14.3,18.08,12.17,False,O,13.69
FN_A01,41,Qualea paraensis,Vochysiaceae,805.133.887.344,867.141.280.432,46.2,28.82,21.36,False,O,28.14
FN_A01,42,Qualea paraensis,Vochysiaceae,8.051.397.132.642,867.142.187.679,85.7,30.28,21.49,False,O,36.96
FN_A01,43,Licania octandra,Chrysobalanaceae,805.129.593.823,867.142.565.289,37.9,27.75,13.07,False,O,25.31
FN_A01,44,Goupia glabra,Goupiaceae,805.166.622.657,867.143.493.591,38.2,27.44,17.49,False,O,25.42
FN_A01,45,Tetragastris altissima,Burseraceae,8.051.348.593.248,867.142.591.444,48.8,22.85,16.52,False,O,28.93
FN_A01,46,Pouteria gongrijpii,Sapotaceae,8.051.215.419.522,867.141.927.379,41.0,27.19,16.62,False,O,26.42
FN_A01,47,Pouteria gongrijpii,Sapotaceae,8.051.262.987.808,867.141.068.256,38.0,25.46,15.41,False,O,25.35
FN_A01,48,Qualea paraensis,Vochysiaceae,8.051.314.528.314,867.141.103.427,36.3,24.7,15.92,False,O,24.71
FN_A01,49,Sloanea guianensis,Elaeocarpaceae,80.508.596.658.504,8.671.525.127.054,12.1,13.79,8.27,False,O,12.18
FN_A01,50,Schefflera morototoni,Araliaceae,805.084.617.061.328,86.715.296.287.428,18.3,18.0,13.1,False,O,16.19
FN_A01,51,Endlicheria ruforamula,Lauraceae,805.086.177.492.829,867.153.444.471.088,11.8,13.09,8.39,False,O,11.96
FN_A01,52,,,8.050.809.792.148,867.154.176.373,47.2,23.07,,True,O,28.45
FN_A01,53,Endlicheria ruforamula,Lauraceae,805.079.747.040.976,86.715.458.739.676,19.5,16.31,10.28,False,O,16.88
FN_A01,54,Tetragastris altissima,Burseraceae,805.083.471.886.005,867.154.696.588.848,12.0,14.94,10.22,False,O,12.11
FN_A01,55,Inga alba,Fabaceae,8.050.832.837.732,867.154.829.572,12.7,14.89,10.41,False,O,12.6
FN_A01,56,Inga alba,Fabaceae,80.507.907.227.912,8.671.548.124.812,13.2,21.11,13.4,False,O,12.95
FN_A01,57,Xylopia nitida,Annonaceae,805.080.451.840.235,867.154.991.443.552,18.4,19.34,14.02,False,O,16.25
FN_A01,58,Inga alba,Fabaceae,805.079.259.593.296,86.715.567.016.896,15.2,21.54,17.74,False,O,14.28
FN_A01,59,Pouteria gongrijpii,Sapotaceae,80.507.991.500.936,8.671.559.453.356,39.3,16.69,12.14,False,O,25.82
FN_A01,60,Pouteria gongrijpii,Sapotaceae,80.508.000.366.104,8.671.559.159.734,12.5,9.02,7.18,False,O,12.46
FN_A01,61,Goupia glabra,Goupiaceae,80.508.148.935.296,8.671.560.558.496,46.6,30.5,19.06,False,O,28.26
FN_A01,62,Trattinnickia burserifolia,Burseraceae,805.077.230.709.824,86.715.648.421.824,15.6,13.59,9.49,False,O,14.54
FN_A01,63,Schefflera morototoni,Araliaceae,80.507.423.159.624,8.671.564.272.174,21.7,21.48,17.59,False,O,18.1
FN_A01,64,Casearia grandiflora,Salicaceae,8.050.736.448.468,867.156.622.943,16.8,21.78,16.12,False,O,15.29
FN_A01,65,Qualea paraensis,Vochysiaceae,805.107.526.938.128,86.715.757.595.928,49.2,25.87,19.04,False,O,29.05
FN_A01,66,Dipteryx odorata,Fabaceae,80.511.000.180.808,8.671.578.640.308,80.0,30.22,14.37,False,O,36.02
FN_A01,67,Vochysia guianensis,Vochysiaceae,8.051.206.094.684,867.157.212.484,44.8,22.28,13.5,False,O,27.69
FN_A01,68,Tetragastris altissima,Burseraceae,8.051.092.433.092,867.156.769.262,70.3,32.81,20.92,False,O,34.21
FN_A01,69,Qualea paraensis,Vochysiaceae,8.051.050.392.732,867.156.752.132,65.8,34.39,11.57,False,O,33.27
FN_A01,70,Pouteria gongrijpii,Sapotaceae,80.512.344.449.664,8.671.560.078.464,38.5,18.47,11.73,False,O,25.53
FN_A01,71,,,80.511.057.024.457,867.153.908.008.296,38.0,9.8,,True,O,25.35
FN_A01,72,Ormosia excelsa,Fabaceae,80.510.347.000.564,8.671.534.883.684,85.0,36.35,23.55,False,O,36.85
FN_A01,73,Quiina florida,Ochnaceae,80.504.086.696.072,86.716.665.577.698,13.1,10.63,5.83,False,O,12.88
FN_A01,74,Qualea paraensis,Vochysiaceae,80.504.096.029.666,86.716.665.824.269,14.8,17.14,11.07,False,O,14.02
FN_A01,75,Endlicheria ruforamula,Lauraceae,80.504.161.404.256,86.716.679.561.934,11.4,,,False,O,11.67
FN_A01,76,Pouteria gongrijpii,Sapotaceae,805.037.975.821.744,867.166.669.192.616,14.2,15.32,9.65,False,O,13.62
FN_A01,77,Inga alba,Fabaceae,805.039.098.291.184,867.166.938.818.776,10.4,12.15,8.42,False,O,10.93
FN_A01,78,Inga alba,Fabaceae,80.503.670.776.548,86.716.689.495.472,14.8,14.53,8.21,False,O,14.02
FN_A01,79,Esenbeckia febrifuga,Rutaceae,80.503.563.178.448,86.716.766.574.272,15.5,15.61,8.78,False,O,14.47
FN_A01,80,Dipteryx odorata,Fabaceae,805.040.682.711.559,867.168.237.223.839,57.1,14.04,6.06,False,O,31.21
FN_A01,81,Jacaranda copaia,Bignoniaceae,80.503.315.865.104,86.716.839.920.256,15.7,14.92,11.87,False,O,14.6
FN_A01,82,Schefflera morototoni,Araliaceae,805.031.989.140.048,867.168.446.567.072,15.7,19.66,14.36,False,O,14.6
FN_A01,83,,,805.030.878.209.424,867.168.776.389.136,20.2,20.44,15.39,True,O,17.28
FN_A01,84,Inga sp.,Fabaceae,80.503.084.735.024,86.716.878.555.086,17.4,9.51,,False,O,15.65
FN_A01,85,Jacaranda copaia,Bignoniaceae,8.050.343.726.076,8.671.689.363.814,20.1,10.57,6.54,False,O,17.22
FN_A01,86,,,805.030.936.065.568,867.168.938.769.152,12.5,9.21,,True,O,12.46
FN_A01,87,,,805.030.353.603.296,867.168.932.138.444,19.0,8.03,,True,O,16.6
FN_A01,88,Inga sp.,Fabaceae,805.032.821.632.515,867.169.335.336.973,14.8,22.29,11.41,False,O,14.02
FN_A01,89,Qualea paraensis,Vochysiaceae,805.030.282.626.817,867.169.282.009.926,23.6,14.33,8.25,False,O,19.1
FN_A01,90,Inga alba,Fabaceae,80.502.697.581.744,86.717.023.285.216,10.0,14.53,8.55,False,O,10.62
FN_A01,91,Bellucia grossularioides,Melastomataceae,80.502.602.930.904,86.717.081.057.256,21.2,18.62,14.53,False,O,17.83
FN_A01,92,Nectandra cuspidata,Lauraceae,80.502.762.843.856,86.717.093.013.834,11.0,16.96,11.26,False,O,11.38
FN_A01,93,Tetragastris altissima,Burseraceae,8.050.748.287.732,8.671.689.472.348,73.1,34.7,21.08,False,O,34.77
FN_A01,94,Ormosia excelsa,Fabaceae,80.503.367.029.304,86.717.033.135.156,60.0,38.29,26.25,False,O,31.94
