site,tree_id,scientific_name,family_name,utm_easting,utm_northing,wsd,agb_source,dbh,htot,hcom,dead,type,plot_id,htot_feldpausch
FNA_A01,1,,,715679.7056,8617104.557,,0.0047418,6.3,4.46,,D,O,T01,7.54
FNA_A01,2,,,715680.2481,8617104.949,,0.014259592,9.1,9.5,,D,O,T01,9.92
FNA_A01,3,,,715676.4788,8617105.656,,0.022395566,13.7,6.07,,D,O,T01,13.29
FNA_A01,4,,,715680.411,8617106.393,,0.005589774,6.6,4.86,,D,O,T01,7.81
FNA_A01,5,,,715679.9634,8617109.056,,0.004430187,5.4,5.98,,D,O,T01,6.71
FNA_A01,6,,,715680.6854,8617110.793,,0.005143372,6.2,5.12,,D,O,T01,7.45
FNA_A01,7,,,715679.4661,8617112.015,,0.005437994,6.8,4.37,,D,O,T01,7.99
FNA_A01,8,,,715677.4917,8617111.695,,0.003928912,5.7,6.17,,D,O,T01,6.99
FNA_A01,9,,,715679.2009,8617113.592,,0.003166704,5.8,3.33,,D,O,T01,7.09
FNA_A01,10,,,715680.3538,8617112.766,,0.004821431,7.4,4.18,,D,O,T01,8.51
FNA_A01,11,,,715679.293,8617119.077,,1.02336457,71.0,8.52,,D,O,T01,34.35
FNA_A01,12,,,715677.2192,8617119.35,,0.033047805,15.2,7.57,,D,O,T01,14.28
FNA_A01,13,,,715693.0141,8617121.903,0.58,0.041707423,18.5,4.56,,D,O,T01,16.31
FNA_A01,14,,,715695.9978,8617104.152,0.58,0.328829029,27.6,21.42,,D,O,T01,21.05
FNA_A01,15,,,715712.6142,8617107.851,0.58,0.012548255,10.4,4.3,,D,O,T01,10.93
FNA_A01,16,,,715710.0651,8617147.147,0.58,0.338522984,32.6,14.77,,D,O,T01,23.24
FNA_A01,17,,,715715.41,8617109.316,0.58,0.765077167,45.4,17.81,,D,O,T01,27.88
FNA_A01,18,,,715720.0144,8617112.086,0.58,0.036296321,13.8,7.89,,D,O,T01,13.36
FNA_A01,19,,,715721.1673,8617111.26,0.58,0.01182659,8.0,7.59,,D,O,T01,9.02
FNA_A01,20,,,715696.9555,8617128.618,0.58,0.088543873,22.6,7.02,,D,O,T01,18.58
FNA_A01,21,Mabea angularis,Euphorbiaceae,715693.8355,8617123.049,0.615698006,0.005754093,5.4,6.3,1.78,A,O,T01,6.71
FNA_A01,22,Mabea angularis,Euphorbiaceae,715693.5188,8617112.868,0.615698006,0.391266885,52.5,4.53,,A,O,T01,29.99
FNA_A01,23,Mabea angularis,Euphorbiaceae,715692.1853,8617126.834,0.615698006,0.012446016,7.2,7.66,,A,O,T01,8.34
FNA_A01,24,Mabea angularis,Euphorbiaceae,715690.8666,8617128.647,0.615698006,0.225464874,27.7,9.38,,A,O,T01,21.09
FNA_A01,25,Mabea angularis,Euphorbiaceae,715711.4317,8617132.984,0.615698006,0.010805015,8.1,5.25,,A,O,T01,9.1
FNA_A01,26,Mabea angularis,Euphorbiaceae,715691.1907,8617132.751,0.615698006,0.026970955,15.5,3.58,,A,O,T01,14.47
FNA_A01,27,,,715688.7043,8617147.543,0.58,0.113012135,23.8,8.34,,D,O,T01,19.2
FNA_A01,28,,,715688.5459,8617142.453,0.45,0.05140671,22.8,4.82,,D,O,T01,18.68
FNA_A01,29,,,715706.6468,8617143.353,0.58,0.1770212,31.2,7.45,,D,O,T01,22.65
FNA_A01,30,,,715673.7456,8617133.983,0.58,0.216848136,27.7,12.76,,D,O,T01,21.09
FNA_A01,31,,,715674.5295,8617111.824,0.58,0.044560926,19.5,4.35,,D,O,T01,16.88
FNA_A01,32,,,715695.5005,8617107.111,0.7,0.037200583,12.5,8.22,,D,O,T01,12.46
FNA_A01,33,,,715692.0884,8617260.287,0.7,0.642870042,44.5,12.02,,D,O,T01,27.59
FNA_A01,34,Cordia scabrifolia,Boraginaceae,715691.6182,8617263.25,0.474,0.004823493,7.5,3.55,2.82,A,O,T01,8.6
FNA_A01,35,,,715696.7171,8617263.02,0.7,0.024099109,11.4,6.06,,D,O,T01,11.67
FNA_A01,36,Esenbeckia febrifuga,Rutaceae,715690.4731,8617264.086,0.64,0.012848233,6.8,8.53,5.76,A,O,T01,7.99
FNA_A01,37,,,715697.0787,8617267.123,0.7,0.014512016,9.0,5.81,4.49,D,O,T01,9.84
FNA_A01,38,Esenbeckia febrifuga,Rutaceae,715693.9567,8617267.655,0.64,0.005117802,5.5,5.19,,A,O,T01,6.81
FNA_A01,39,,,715689.1107,8617279.052,0.45,0.006162352,7.5,5.46,,D,O,T01,8.6
FNA_A01,40,Esenbeckia febrifuga,Rutaceae,715685.8195,8617299.793,0.64,0.007669233,5.7,7.25,5.51,A,O,T01,6.99
FNA_A01,41,Esenbeckia febrifuga,Rutaceae,715687.2781,8617296.981,0.64,0.005893315,5.4,6.2,4.85,A,O,T01,6.71
FNA_A01,42,Esenbeckia febrifuga,Rutaceae,715686.7599,8617293.867,0.64,0.013164048,7.6,7.0,4.76,A,O,T01,8.68
FNA_A01,43,Esenbeckia febrifuga,Rutaceae,715685.6147,8617294.703,0.64,0.025280195,22.8,1.49,,A,O,T01,18.68
FNA_A01,44,,,715651.2242,8617294.486,0.45,0.009042065,8.7,6.08,,D,O,T01,9.6
FNA_A01,45,Esenbeckia febrifuga,Rutaceae,715651.4062,8617294.615,0.64,0.005024915,5.7,4.75,3.07,A,O,T01,6.99
FNA_A01,46,,,715651.803,8617284.458,0.58,0.086325015,17.2,13.27,,D,O,T01,15.53
FNA_A01,47,Cordia scabrifolia,Boraginaceae,715629.37,8617403.385,0.474,0.002536589,5.5,3.48,1.79,A,O,T01,6.81
FNA_A01,48,,,715632.1096,8617409.849,0.7,2.220368432,58.8,27.67,,D,O,T01,31.64
FNA_A01,49,,,715632.8774,8617404.908,0.58,0.082619529,26.6,4.33,,D,O,T01,20.58
FNA_A01,50,,,715648.0946,8617411.178,0.58,0.139145738,25.9,8.75,,D,O,T01,20.24
FNA_A01,51,,,715658.2963,8617410.649,0.58,0.023400038,19.4,2.0,,D,O,T01,16.83
FNA_A01,53,,,715674.3667,8617404.916,0.7,0.00572735,6.8,3.7,,D,O,T01,7.99
FNA_A01,54,,,715664.1985,8617437.789,0.7,0.39753738,32.7,14.18,,D,O,T01,23.28
FNA_A01,55,Aspidosperma polyneuron,Apocynaceae,715630.5394,8617446.001,0.75,1.152175556,35.7,23.68,16.28,A,O,T01,24.48
FNA_A01,56,,,715606.53,8617557.171,0.58,0.012012961,8.4,6.87,,D,O,T01,9.35
FNA_A01,57,,,715619.5838,8617551.489,0.58,0.02485002,13.0,5.74,,D,O,T01,12.81
FNA_A01,58,,,715612.4985,8617557.785,0.58,0.018615218,12.4,4.53,,D,O,T01,12.39
FNA_A01,59,Aspidosperma nitidum,Apocynaceae,715605.7332,8617580.875,0.763327689,6.942663921,73.2,33.35,15.98,A,O,T01,34.79
FNA_A01,60,,,715611.6163,8617575.759,0.58,0.242378772,33.3,9.32,,D,O,T01,23.53
FNA_A01,61,Mezilaurus itauba,Lauraceae,715621.8828,8617574.809,0.720305556,1.714275353,43.4,24.82,13.0,A,O,T01,27.23
FNA_A01,62,,,715622.0527,8617567.5,0.58,0.087805111,21.0,8.32,,D,O,T01,17.72
FNA_A01,63,,,715628.2549,8617560.41,0.58,0.055640148,17.1,7.87,,D,O,T01,15.47
FNA_A01,64,,,715625.1391,8617592.205,0.58,0.633426531,36.3,24.43,,D,O,T01,24.71
FNA_A01,65,,,715624.8201,8617594.18,0.7,0.085365032,22.8,5.22,,D,O,T01,18.68
FNA_A01,66,,,715602.9356,8617591.928,0.7,0.031726549,14.4,4.79,,D,O,T01,13.76
FNA_A01,67,,,715647.5397,8617597.521,0.7,0.01968359,16.3,1.97,,D,O,T01,14.98
FNA_A01,68,,,715640.0228,8617587.715,0.58,0.047827246,21.7,3.65,,D,O,T01,18.1
FNA_A01,69,,,715638.5495,8617590.575,0.58,0.101873918,22.8,8.16,,D,O,T01,18.68
FNA_A01,1,Esenbeckia febrifuga,Rutaceae,715481.1207,8617074.351,0.64,0.005380056,5.5,5.46,3.44,A,O,T02,6.81
FNA_A01,2,Cecropia distachya,Urticaceae,715482.5004,8617071.329,0.358461538,0.004596191,6.3,6.35,,A,O,T02,7.54
FNA_A01,3,Esenbeckia febrifuga,Rutaceae,715486.8938,8617076.276,0.64,0.008426615,6.2,6.73,2.98,A,O,T02,7.45
FNA_A01,4,Esenbeckia febrifuga,Rutaceae,715485.8821,8617076.926,0.64,0.014304756,8.4,6.22,3.52,A,O,T02,9.35
FNA_A01,5,,,715494.663,8617074.467,0.7,0.243624303,26.4,13.15,,D,O,T02,20.48
FNA_A01,6,,,715495.1907,8617077.588,0.58,0.050397687,17.7,6.41,,D,O,T02,15.83
FNA_A01,7,,,715498.614,8617075.092,0.58,0.01883606,14.6,3.08,,D,O,T02,13.89
FNA_A01,8,,,715505.5281,8617076.185,0.6,0.024969816,15.5,3.6,,D,O,T02,14.47
FNA_A01,9,,,715506.0557,8617079.305,0.7,0.080604392,15.5,12.51,,D,O,T02,14.47
FNA_A01,10,,,715514.4853,8617083.675,0.7,0.065827066,18.6,6.25,,D,O,T02,16.36
FNA_A01,11,,,715519.6449,8617089.553,0.58,0.036938654,14.2,7.51,,D,O,T02,13.62
FNA_A01,12,,,715514.1604,8617098.81,0.7,0.204866562,23.4,14.29,,D,O,T02,18.99
FNA_A01,13,,,715509.7494,8617101.15,0.58,0.190253452,27.8,10.78,,D,O,T02,21.14
FNA_A01,14,,,715509.5779,8617115.297,0.58,0.242953281,30.5,11.59,,D,O,T02,22.35
FNA_A01,15,,,715495.2689,8617120.121,0.58,0.013590305,13.7,2.42,,D,O,T02,13.29
FNA_A01,16,,,715493.9952,8617117.895,0.58,0.205361934,23.0,18.82,,D,O,T02,18.79
FNA_A01,17,,,715491.2711,8617109.365,0.58,0.028868037,14.6,5.19,,D,O,T02,13.89
FNA_A01,18,,,715461.3822,8617227.784,0.58,0.185930435,49.0,2.62,,D,O,T02,28.99
FNA_A01,19,,,715467.1871,8617235.772,0.58,0.058268288,24.6,3.42,,D,O,T02,19.6
FNA_A01,20,,,715465.1156,8617236.057,0.7,0.023719709,11.5,5.82,,D,O,T02,11.75
FNA_A01,21,,,715477.0681,8617237.31,0.7,0.088861172,19.5,8.04,,D,O,T02,16.88
FNA_A01,22,,,715470.2217,8617248.389,0.7,0.047509092,15.6,6.45,,D,O,T02,14.54
FNA_A01,23,,,715470.3806,8617247.401,0.7,0.0301436,13.0,5.78,,D,O,T02,12.81
FNA_A01,24,,,715492.5067,8617260.966,0.7,0.019327816,12.5,3.69,,D,O,T02,12.46
FNA_A01,25,,,715496.6179,8617260.594,0.7,0.022171754,10.8,6.25,,D,O,T02,11.23
FNA_A01,26,,,715497.4472,8617261.735,0.7,0.253687051,29.5,10.53,,D,O,T02,21.91
FNA_A01,27,,,715494.1652,8617263.248,0.7,0.134668696,21.1,11.02,,D,O,T02,17.78
FNA_A01,28,,,715489.1011,8617269.544,0.7,0.235991655,25.7,13.51,,D,O,T02,20.14
FNA_A01,29,,,715488.0778,8617263.313,0.58,0.446949821,30.5,24.42,,D,O,T02,22.35
FNA_A01,30,,,715491.7126,8617265.903,0.7,1.517214637,50.9,24.72,,D,O,T02,29.54
FNA_A01,31,,,715488.7131,8617259.364,0.7,0.123047684,16.4,18.28,,D,O,T02,15.04
FNA_A01,32,,,715487.7602,8617265.287,0.7,0.238237002,22.6,18.71,,D,O,T02,18.58
FNA_A01,33,,,715488.113,8617269.39,0.58,0.123280128,20.6,13.2,,D,O,T02,17.5
FNA_A01,34,,,715477.2439,8617267.698,0.58,0.00709593,10.1,2.3,,D,O,T02,10.7
FNA_A01,35,,,715467.9982,8617262.211,0.58,0.083146378,19.2,9.69,,D,O,T02,16.71
FNA_A01,36,,,715468.9863,8617262.365,0.7,0.256029423,23.6,18.38,,D,O,T02,19.1
FNA_A01,37,,,715467.1689,8617261.07,0.6,0.197565442,27.6,11.03,,D,O,T02,21.05
FNA_A01,38,,,715470.6097,8617258.569,0.58,0.385404172,29.0,23.05,,D,O,T02,21.68
FNA_A01,39,,,715448.7479,8617262.25,0.58,0.353143143,49.2,5.69,,D,O,T02,29.05
FNA_A01,40,,,715436.8505,8617369.129,0.58,0.11671672,38.0,2.76,,D,O,T02,25.35
FNA_A01,41,,,715440.1595,8617373.786,0.58,0.041795023,15.1,7.52,,D,O,T02,14.21
FNA_A01,42,,,715443.9819,8617381.583,0.58,0.368940472,29.5,20.96,,D,O,T02,21.91
FNA_A01,43,,,715445.9504,8617381.936,0.58,0.287368317,25.9,21.22,,D,O,T02,20.24
FNA_A01,44,,,715446.0773,8617400.243,0.58,0.092434587,20.0,9.98,,D,O,T02,17.17
FNA_A01,45,,,715443.9518,8617400.877,0.58,0.173296294,45.1,2.95,,D,O,T02,27.79
FNA_A01,46,,,715432.6116,8617395.794,0.58,0.081173792,17.8,11.32,,D,O,T02,15.89
FNA_A01,47,,,715428.2556,8617407.913,0.7,0.076777026,16.3,10.42,,D,O,T02,14.98
FNA_A01,48,,,715426.6759,8617414.028,0.7,0.063527431,17.2,7.25,,D,O,T02,15.53
FNA_A01,49,,,715475.877,8617397.467,0.58,0.619118537,44.0,14.85,,D,O,T02,27.43
FNA_A01,50,,,715473.9084,8617397.113,0.6,0.815153086,40.7,24.12,,D,O,T02,26.32
FNA_A01,51,,,715468.6731,8617398.205,0.6,0.352239446,28.7,20.32,,D,O,T02,21.55
FNA_A01,52,Cordia scabrifolia,Boraginaceae,715433.4716,8617524.81,0.474,1.31213887,48.8,22.84,16.54,A,O,T02,28.93
FNA_A01,53,,,715429.8751,8617528.26,0.6,0.133116257,23.5,10.08,,D,O,T02,19.05
FNA_A01,54,,,715430.5707,8617536.49,0.6,0.031267513,15.6,4.67,,D,O,T02,14.54
FNA_A01,55,,,715440.9102,8617535.191,0.6,0.24524066,30.8,10.98,,D,O,T02,22.48
FNA_A01,56,,,715445.9714,8617528.946,0.7,0.422563848,26.5,25.55,,D,O,T02,20.53
FNA_A01,57,,,715448.2914,8617533.394,0.7,0.936128877,37.2,29.48,,D,O,T02,25.05
FNA_A01,58,,,715454.3674,8617533.404,0.7,0.114306773,21.5,8.61,,D,O,T02,17.99
FNA_A01,59,,,715456.1226,8617522.545,0.7,0.546263541,31.0,23.83,,D,O,T02,22.56
FNA_A01,60,,,715447.5223,8617544.419,0.7,0.027291688,16.8,2.73,,D,O,T02,15.29
FNA_A01,61,,,715447.8988,8617554.624,0.7,0.055955733,15.6,7.88,,D,O,T02,14.54
FNA_A01,62,,,715449.3922,8617557.918,0.7,0.287968284,21.9,25.48,,D,O,T02,18.21
FNA_A01,63,,,715448.9135,8617560.879,0.7,0.142300811,36.7,3.05,,D,O,T02,24.86
FNA_A01,1,,,715282.9809,8617051.627,0.58,0.06144681,16.7,9.41,,D,O,T03,15.22
FNA_A01,2,,,715285.2289,8617048.61,0.58,0.097602071,21.9,8.54,,D,O,T03,18.21
FNA_A01,3,,,715290.107,8617037.99,0.7,0.189740734,23.8,12.48,,D,O,T03,19.2
FNA_A01,4,,,715328.472,8617053.115,0.7,0.211279263,36.0,5.18,,D,O,T03,24.6
FNA_A01,5,,,715319.9912,8617062.651,0.7,0.013111423,11.3,2.94,,D,O,T03,11.6
FNA_A01,6,,,715318.5099,8617068.445,0.7,0.290413042,27.2,15.16,,D,O,T03,20.86
FNA_A01,7,,,715324.2175,8617076.606,0.7,0.105398962,20.5,8.76,,D,O,T03,17.45
FNA_A01,8,,,715320.0598,8617073.798,0.7,0.0551142,27.7,1.9,,D,O,T03,21.09
FNA_A01,9,,,715321.6928,8617078.155,0.7,0.105806543,16.0,16.14,,D,O,T03,14.79
FNA_A01,10,,,715313.665,8617078.666,0.7,0.034571834,19.6,2.5,,D,O,T03,16.94
FNA_A01,11,,,715297.707,8617066.549,0.6,0.375821631,34.6,13.92,,D,O,T03,24.05
FNA_A01,12,,,715296.1986,8617060.698,0.7,0.043330744,12.9,9.18,,D,O,T03,12.74
FNA_A01,13,,,715266.959,8617208.851,0.58,0.089919036,29.7,3.67,,D,O,T03,22.0
FNA_A01,14,,,715278.2092,8617206.576,0.58,0.072307911,19.1,8.27,,D,O,T03,16.65
FNA_A01,15,,,715281.2687,8617206.046,0.58,0.021380111,13.5,4.36,,D,O,T03,13.15
FNA_A01,16,,,715282.6399,8617202.22,0.58,0.013597255,11.1,4.04,,D,O,T03,11.45
FNA_A01,17,,,715286.1116,8617197.41,0.58,0.063866013,15.2,12.42,,D,O,T03,14.28
FNA_A01,18,,,715315.115,8617198.226,0.7,0.021038571,11.5,5.02,,D,O,T03,11.75
FNA_A01,21,,,715302.2944,8617237.641,0.58,0.474622462,35.0,18.77,,D,O,T03,24.21
FNA_A01,22,,,715287.3803,8617236.309,0.58,0.36279659,29.9,19.86,,D,O,T03,22.09
FNA_A01,23,,,715278.0764,8617228.785,0.58,0.137387342,27.7,7.31,,D,O,T03,21.09
FNA_A01,24,,,715280.9443,8617230.246,0.58,0.023562672,15.0,3.79,,D,O,T03,14.15
FNA_A01,25,,,715282.6694,8617212.329,0.58,0.022696252,14.6,3.87,,D,O,T03,13.89
FNA_A01,26,,,715263.8626,8617230.595,0.58,2.119413454,58.1,33.87,,D,O,T03,31.47
FNA_A01,27,,,715259.5663,8617351.468,0.58,0.056328699,16.1,9.26,,D,O,T03,14.85
FNA_A01,28,,,715256.8188,8617358.118,0.58,0.031625461,13.2,7.43,,D,O,T03,12.95
FNA_A01,29,,,715257.0358,8617365.229,0.58,0.04489928,14.5,9.06,,D,O,T03,13.82
FNA_A01,30,,,715263.9531,8617366.302,0.58,0.058360008,18.6,6.79,,D,O,T03,16.36
FNA_A01,31,,,715264.8311,8617367.449,0.58,0.978334717,51.0,18.1,,D,O,T03,29.57
FNA_A01,32,,,715287.783,8617359.888,0.58,0.028957366,13.0,6.92,,D,O,T03,12.81
FNA_A01,33,,,715287.5627,8617361.876,0.58,0.014721151,10.6,4.99,,D,O,T03,11.08
FNA_A01,34,,,715286.6846,8617360.729,0.58,0.040800326,13.2,10.14,,D,O,T03,12.95
FNA_A01,35,,,715293.2747,8617355.685,0.58,0.020490495,17.9,2.08,,D,O,T03,15.95
FNA_A01,36,,,715289.8596,8617386.496,0.58,0.024542601,11.6,7.47,,D,O,T03,11.82
FNA_A01,37,,,715286.7849,8617387.03,0.58,0.041433426,17.4,5.26,,D,O,T03,15.65
FNA_A01,38,,,715252.8595,8617375.702,0.58,0.043891992,25.7,2.17,,D,O,T03,20.14
FNA_A01,39,,,715264.2141,8617494.218,0.58,0.057228804,14.5,12.19,,D,O,T03,13.82
FNA_A01,40,,,715262.8881,8617505.138,0.58,0.119473245,24.4,8.4,,D,O,T03,19.5
FNA_A01,41,,,715261.7737,8617506.02,0.58,0.21357889,24.3,17.26,,D,O,T03,19.45
FNA_A01,42,,,715262.0148,8617504.034,0.58,0.018263838,12.2,4.6,,D,O,T03,12.25
FNA_A01,43,,,715250.2688,8617517.811,0.58,0.502140786,45.0,10.88,,D,O,T03,27.76
FNA_A01,44,,,715256.3521,8617517.487,0.58,0.076598149,19.0,8.99,,D,O,T03,16.6
FNA_A01,45,,,715275.4133,8617534.715,0.58,0.325880321,27.8,20.82,,D,O,T03,21.14
FNA_A01,46,,,715275.1722,8617536.701,0.58,0.339123851,29.3,19.22,,D,O,T03,21.82
FNA_A01,47,,,715244.2444,8617534.242,0.58,0.261017821,29.1,14.19,,D,O,T03,21.73
FNA_A01,1,Esenbeckia febrifuga,Rutaceae,715081.6881,8617007.905,0.64,0.004895235,5.3,5.35,1.23,A,O,T04,6.62
FNA_A01,2,Esenbeckia febrifuga,Rutaceae,715081.589,8617007.891,0.64,0.006803508,6.3,5.26,1.32,A,O,T04,7.54
FNA_A01,3,Esenbeckia febrifuga,Rutaceae,715080.8273,8617015.459,0.64,0.008964517,6.6,6.32,2.95,A,O,T04,7.81
FNA_A01,4,Esenbeckia febrifuga,Rutaceae,715081.5185,8617021.312,0.64,0.006271997,5.4,6.6,2.56,A,O,T04,6.71
FNA_A01,5,Esenbeckia febrifuga,Rutaceae,715078.7284,8617026.07,0.64,0.009191671,6.4,6.89,3.51,A,O,T04,7.64
FNA_A01,6,Esenbeckia febrifuga,Rutaceae,715080.5044,8617029.955,0.64,0.008624642,6.3,6.67,3.04,A,O,T04,7.54
FNA_A01,7,,,715078.7385,8617037.483,0.58,0.106318275,22.2,9.17,,D,O,T04,18.37
FNA_A01,8,,,715080.5194,8617037.026,0.58,0.031444515,19.2,2.95,,D,O,T04,16.71
FNA_A01,9,Esenbeckia febrifuga,Rutaceae,715081.1474,8617039.74,0.64,0.007009802,6.3,5.42,3.04,A,O,T04,7.54
FNA_A01,10,Esenbeckia febrifuga,Rutaceae,715080.813,8617042.117,0.64,0.010040822,6.9,6.47,2.05,A,O,T04,8.08
FNA_A01,11,,,715078.5873,8617052.912,0.58,0.268614162,32.6,11.14,,D,O,T04,23.24
FNA_A01,12,Cordia scabrifolia,Boraginaceae,715084.6497,8617050.735,0.474,0.008512885,9.3,4.08,2.04,A,O,T04,10.08
FNA_A01,13,,,715091.5814,8617051.711,0.58,0.021287752,13.9,4.04,,D,O,T04,13.42
FNA_A01,14,,,715112.0979,8617056.617,0.58,0.287182886,48.5,4.57,,D,O,T04,28.84
FNA_A01,15,Pouteria gongrijpii,Sapotaceae,715113.9391,8617057.886,0.799402922,0.26900049,19.6,17.21,12.81,A,O,T04,16.94
FNA_A01,16,,,715113.0732,8617049.686,0.58,0.600295956,37.0,21.84,,D,O,T04,24.98
FNA_A01,17,,,715118.1637,8617049.392,0.58,0.909611295,50.8,16.72,,D,O,T04,29.51
FNA_A01,18,Sacoglottis guianensis,Humiriaceae,715123.9809,8617058.289,0.84,3.587025333,54.3,28.45,19.91,A,O,T04,30.48
FNA_A01,19,Esenbeckia febrifuga,Rutaceae,715126.7523,8617031.413,0.64,0.014819976,8.2,6.77,2.74,A,O,T04,9.19
FNA_A01,20,Esenbeckia febrifuga,Rutaceae,715127.2072,8617032.487,0.64,0.011708539,7.4,6.56,3.38,A,O,T04,8.51
FNA_A01,21,Esenbeckia febrifuga,Rutaceae,715126.613,8617032.404,0.64,0.029112996,9.8,9.31,3.3,A,O,T04,10.47
FNA_A01,22,,,715118.5367,8617025.208,0.58,0.004899024,7.6,2.93,,D,O,T04,8.68
FNA_A01,23,,,715115.8596,8617029.881,0.58,0.029298824,10.8,11.05,,D,O,T04,11.23
FNA_A01,24,Cecropia distachya,Urticaceae,715108.9279,8617028.905,0.358461538,0.011119003,9.6,6.61,5.23,A,O,T04,10.31
FNA_A01,25,Cecropia distachya,Urticaceae,715108.2163,8617026.785,0.358461538,0.007521723,8.7,5.45,4.79,A,O,T04,9.6
FNA_A01,26,,,715097.1843,8617026.243,0.58,0.909545448,51.5,16.17,,D,O,T04,29.71
FNA_A01,27,,,715096.1641,8617011.962,0.6,0.038752459,24.3,2.05,,D,O,T04,19.45
FNA_A01,28,,,715095.3132,8617010.832,0.6,0.448974859,32.9,19.57,,D,O,T04,23.36
FNA_A01,29,,,715091.7701,8617007.304,0.6,0.023667866,11.5,7.0,,D,O,T04,11.75
FNA_A01,30,,,715087.8092,8617006.747,0.58,0.333482724,27.3,22.38,,D,O,T04,20.91
FNA_A01,31,Cecropia distachya,Urticaceae,715086.9582,8617005.617,0.358461538,0.005613686,6.9,6.46,5.52,A,O,T04,8.08
FNA_A01,32,,,715071.5107,8617159.282,0.58,0.780980068,41.3,23.02,,D,O,T04,26.53
FNA_A01,33,,,715064.5579,8617170.152,0.7,0.077549344,18.8,7.44,,D,O,T04,16.48
FNA_A01,34,,,715065.7099,8617169.357,0.6,0.035248671,10.8,13.29,,D,O,T04,11.23
FNA_A01,35,Oenocarpus bacaba,Arecaceae,715071.2588,8617172.473,0.65,0.048475812,14.9,8.38,6.54,A,P,T04,14.08
FNA_A01,36,,,715094.4285,8617161.702,0.58,0.034406147,17.1,4.37,,D,O,T04,15.47
FNA_A01,37,,,715096.8006,8617159.718,0.58,0.648759588,43.0,16.63,,D,O,T04,27.1
FNA_A01,38,,,715097.503,8617167.392,0.58,0.289606344,26.8,19.71,,D,O,T04,20.67
FNA_A01,39,,,715098.7439,8617177.818,0.58,1.421307212,52.4,26.75,,D,O,T04,29.96
FNA_A01,40,,,715092.221,8617197.939,0.7,0.237552339,23.3,17.31,,D,O,T04,18.94
FNA_A01,41,,,715089.4058,8617202.484,0.58,0.8129594,47.0,17.63,,D,O,T04,28.38
FNA_A01,42,,,715088.7242,8617206.425,0.58,0.155213396,24.1,11.92,,D,O,T04,19.35
FNA_A01,43,,,715089.1465,8617192.248,0.58,0.222635551,23.4,19.91,,D,O,T04,18.99
FNA_A01,44,Cordia scabrifolia,Boraginaceae,715081.9751,8617186.78,0.474,0.097343902,20.2,9.89,5.29,A,O,T04,17.28
FNA_A01,45,,,715061.0887,8617184.347,0.7,0.145333126,20.0,13.79,,D,O,T04,17.17
FNA_A01,46,,,715057.3651,8617309.557,0.58,0.020375384,15.9,2.75,,D,O,T04,14.73
FNA_A01,47,,,715030.6482,8617316.531,0.58,0.364465186,31.6,17.45,,D,O,T04,22.82
FNA_A01,48,,,715039.4476,8617313.638,0.58,0.045817018,15.8,7.53,,D,O,T04,14.66
FNA_A01,49,,,715041.3351,8617314.457,0.58,0.125201557,22.2,11.2,,D,O,T04,18.37
FNA_A01,50,,,715048.0752,8617316.535,0.58,0.066858112,16.5,10.75,,D,O,T04,15.1
FNA_A01,51,,,715047.5467,8617325.62,0.58,0.228186257,31.3,10.08,,D,O,T04,22.69
FNA_A01,52,,,715047.3185,8617303.081,0.58,0.083836205,20.0,8.86,,D,O,T04,17.17
FNA_A01,53,,,715066.5014,8617315.427,0.6,0.015585216,12.6,3.36,,D,O,T04,12.53
FNA_A01,54,Poeppigia sp.,Fabaceae,715073.5358,8617309.799,0.69,0.495863123,30.7,14.98,9.48,A,O,T04,22.43
FNA_A01,55,,,715073.2012,8617311.771,0.58,0.83370548,45.0,20.22,,D,O,T04,27.76
FNA_A01,56,,,715074.0188,8617348.749,0.7,0.414343828,29.0,20.01,,D,O,T04,21.68
FNA_A01,57,,,715046.6304,8617348.933,0.58,0.033361328,16.1,4.88,,D,O,T04,14.85
FNA_A01,58,,,715041.4098,8617349.843,0.58,0.945044443,38.4,34.73,,D,O,T04,25.5
FNA_A01,59,,,715029.9008,8617346.014,0.58,0.018554745,12.0,4.89,,D,O,T04,12.11
FNA_A01,60,,,715035.2149,8617338.582,0.7,0.324966129,24.3,22.91,,D,O,T04,19.45
FNA_A01,61,Aspidosperma nitidum,Apocynaceae,715027.3737,8617331.052,0.763327689,1.090470579,35.5,22.27,13.13,A,O,T04,24.4
FNA_A01,62,,,715011.7829,8617447.441,0.58,0.017677039,14.3,3.0,,D,O,T04,13.69
FNA_A01,63,,,715009.5468,8617454.304,0.58,0.018701648,11.5,5.47,,D,O,T04,11.75
FNA_A01,64,Esenbeckia febrifuga,Rutaceae,715013.2153,8617456.488,0.64,0.019819103,8.5,8.42,3.19,A,O,T04,9.43
FNA_A01,65,,,715053.3187,8617459.133,0.58,0.240033879,28.8,13.14,,D,O,T04,21.59
FNA_A01,66,,,715045.5561,8617474.247,0.58,0.045951965,16.9,6.41,,D,O,T04,15.35
FNA_A01,67,,,715046.3549,8617475.458,0.58,0.110054053,20.0,12.35,,D,O,T04,17.17
FNA_A01,68,,,715041.6023,8617490.758,0.58,0.114700057,19.2,14.36,,D,O,T04,16.71
FNA_A01,69,,,715024.692,8617488.883,0.6,0.554640378,51.0,8.68,,D,O,T04,29.57
FNA_A01,70,,,715025.3156,8617491.078,0.7,0.330191508,25.4,20.96,,D,O,T04,20.0
FNA_A01,71,,,715045.8694,8617500.975,0.58,0.291524689,37.2,8.91,,D,O,T04,25.05
FNA_A01,73,,,715045.3436,8617503.929,0.58,0.522244532,36.5,19.04,,D,O,T04,24.79
FNA_A01,74,,,715024.8874,8617499.18,0.58,0.056936971,23.9,3.57,,D,O,T04,19.25
FNA_A01,1,,,714881.499,8616988.752,0.7,0.184574645,22.85,13.33,,D,O,T05,18.71
FNA_A01,2,,,714892.1676,8616981.795,0.7,0.153077146,26.2,7.59,,D,O,T05,20.38
FNA_A01,3,,,714897.2732,8616981.473,0.58,0.039103453,14.3,7.92,,D,O,T05,13.69
FNA_A01,4,,,714901.1025,8616976.258,0.58,0.352453443,31.8,16.49,,D,O,T05,22.9
FNA_A01,5,,,714925.3632,8617002.85,0.58,0.602886562,45.0,13.6,,D,O,T05,27.76
FNA_A01,6,,,714925.0713,8617018.024,0.58,0.02375061,10.5,9.16,,D,O,T05,11.0
FNA_A01,7,,,714914.2371,8617016.122,0.58,0.641080197,38.1,22.03,,D,O,T05,25.39
FNA_A01,8,,,714911.8149,8617018.742,0.58,0.175707879,22.2,16.96,,D,O,T05,18.37
FNA_A01,9,,,714862.3311,8617126.175,0.58,0.949254679,46.3,22.1,,D,O,T05,28.17
FNA_A01,10,,,714864.7999,8617129.71,0.58,0.058133167,13.5,14.8,,D,O,T05,13.15
FNA_A01,11,,,714860.9623,8617147.291,0.58,0.089850647,17.4,13.55,,D,O,T05,15.65
FNA_A01,12,,,714897.4993,8617165.6,0.58,0.08470452,30.5,3.2,,D,O,T05,22.35
FNA_A01,13,,,714895.6947,8617164.23,0.58,0.712243856,40.2,21.97,,D,O,T05,26.14
FNA_A01,14,,,714876.3845,8617278.474,0.58,0.645782987,37.3,23.41,,D,O,T05,25.09
FNA_A01,15,,,714874.0829,8617298.362,0.58,0.155109313,20.8,17.07,,D,O,T05,17.61
FNA_A01,16,,,714842.3375,8617312.432,0.7,0.105795352,19.4,10.08,,D,O,T05,16.83
FNA_A01,17,,,714841.515,8617311.284,0.58,0.056809553,17.1,8.07,,D,O,T05,15.47
FNA_A01,18,,,714850.2319,8617295.482,0.58,0.049928789,14.1,11.05,,D,O,T05,13.56
FNA_A01,19,,,714835.6911,8617295.135,0.7,1.982438898,53.0,31.05,,D,O,T05,30.13
FNA_A01,20,Bellucia grossularioides,Melastomataceae,714834.6064,8617310.157,0.61,0.312090634,27.1,13.69,7.98,A,O,T05,20.81
FNA_A01,21,,,714810.2109,8617463.226,0.58,0.043475043,12.8,11.82,,D,O,T05,12.67
FNA_A01,22,,,714812.0636,8617464.201,0.58,0.016834541,10.8,5.61,,D,O,T05,11.23
FNA_A01,23,,,714812.2847,8617464.652,0.7,0.052645908,14.8,8.32,,D,O,T05,14.02
FNA_A01,24,,,714811.0273,8617464.303,0.58,0.025646415,11.3,8.41,,D,O,T05,11.6
FNA_A01,25,,,714817.1855,8617442.176,0.58,2.279263369,75.5,19.51,,D,O,T05,35.22
FNA_A01,26,Terminalia amazonia,Combretaceae,714818.0569,8617442.958,0.68038,0.017059003,7.8,8.1,6.41,A,O,T05,8.85
FNA_A01,27,Terminalia amazonia,Combretaceae,714818.2532,8617442.996,0.68038,0.01603101,9.1,5.59,3.57,A,O,T05,9.92
FNA_A01,28,,,714826.9862,8617427.793,0.58,0.047560781,20.0,4.43,,D,O,T05,17.17
FNA_A01,29,Esenbeckia febrifuga,Rutaceae,714857.1588,8617429.631,0.64,0.010562374,7.3,6.08,2.66,A,O,T05,8.43
FNA_A01,30,,,714850.5506,8617448.716,0.58,0.140763619,31.5,5.5,,D,O,T05,22.78
