site,tree_id,scientific_name,family_name,utm_easting,utm_northing,wsd,agb_source,dbh,htot,hcom,dead,type,plot_id,htot_feldpausch
FST_A01,1,Brosimum rubescens,Moraceae,587710.9825,9821885.241,0.825151429,0.151940343,13.6,19.56,11.24,A,O,1,13.22
FST_A01,2,Aspidosperma nitidum,Apocynaceae,587708.5653,9821888.458,0.763327689,0.076589941,11.6,14.65,7.26,A,O,1,11.82
FST_A01,3,Swartzia corrugata,Fabaceae,587705.9342,9821894.535,1.0565,2.562283696,40.0,29.78,23.11,A,O,1,26.07
FST_A01,4,Protium hepytaphillum ,Burseraceae,587702.1446,9821893.9,0.629,0.051819431,11.1,13.14,7.69,A,O,1,11.45
FST_A01,5,Mezilaurus itauba,Lauraceae,587696.2038,9821894.51,0.720305556,18.99623864,100.2,51.61,32.58,A,O,1,38.99
FST_A01,6,Nectandra cuspidata,Lauraceae,587692.7628,9821897.703,0.56,1.120577127,30.8,41.44,29.24,A,O,1,22.48
FST_A01,7,Protium hepytaphillum ,Burseraceae,587695.5423,9821900.838,0.629,0.090869113,13.0,16.79,9.81,A,O,1,12.81
FST_A01,8,Alibertia edulis,Rubiaceae,587689.6922,9821900.7,0.76,0.155259586,14.5,19.09,13.85,A,O,1,13.82
FST_A01,9,,,587690.4693,9821901.878,0.58,1.160396277,42.5,34.83,,D,O,1,26.93
FST_A01,10,Protium hepytaphillum ,Burseraceae,587686.281,9821905.735,0.629,0.070090457,10.9,18.43,13.75,A,O,1,11.3
FST_A01,11,Nectandra cuspidata,Lauraceae,587686.424,9821905.875,0.56,0.268344123,21.0,21.35,14.36,A,O,1,17.72
FST_A01,12,Protium paniculatum,Burseraceae,587686.002,9821908.252,0.49,0.127785326,14.6,24.04,10.01,A,O,1,13.89
FST_A01,13,Maquira sclerophylla,Moraceae,587684.2446,9821911.416,0.53,0.368015713,22.5,26.95,16.8,A,O,1,18.53
FST_A01,14,Pourouma minor,Urticaceae,587681.7061,9821910.47,0.444604162,0.273720367,20.2,29.64,22.11,A,O,1,17.28
FST_A01,15,Protium paniculatum,Burseraceae,587680.6991,9821912.833,0.49,0.372872418,23.3,27.54,21.25,A,O,1,18.94
FST_A01,16,Anacardium spruceanum,Anacardiaceae,587696.6795,9821927.056,0.479166667,1.687410298,44.3,35.25,23.3,A,O,1,27.53
FST_A01,17,Pouteria macrophilla,Sapotaceae,587704.7393,9821926.565,0.737,10.93263939,80.0,45.54,32.35,A,O,1,36.02
FST_A01,18,Nectandra cuspidata,Lauraceae,587712.9279,9821920.619,0.56,1.304465611,37.6,32.37,18.71,A,O,1,25.2
FST_A01,19,Pouteria sp.,Sapotaceae,587712.3736,9821913.103,0.781766198,11.2790538,82.0,42.16,29.33,A,O,1,36.36
FST_A01,20,Cordia scabrifolia,Boraginaceae,587722.5146,9821917.435,0.474,1.235438346,40.7,30.91,19.88,A,O,1,26.32
FST_A01,21,Inga alba,Fabaceae,587740.8764,9821914.458,0.586080352,1.548182887,40.1,32.27,22.39,A,O,1,26.11
FST_A01,22,Pouteria guianensis,Sapotaceae,587739.4782,9821911.697,0.929561667,2.526229265,40.1,33.2,18.97,A,O,1,26.11
FST_A01,23,Pouteria sp.,Sapotaceae,587712.2169,9821882.542,0.781766198,0.236772404,18.7,17.02,12.83,A,O,1,16.42
FST_A01,24,Nectandra cuspidata,Lauraceae,587712.3342,9821883.773,0.56,0.875367053,31.6,30.75,19.6,A,O,1,22.82
FST_A01,25,Protium paniculatum,Burseraceae,587598.7819,9821985.699,0.49,0.102603637,14.6,19.3,13.5,A,O,2,13.89
FST_A01,26,Pouteria retinervis,Sapotaceae,587590.6649,9821994.402,0.783318031,0.53751337,23.3,24.83,16.75,A,O,2,18.94
FST_A01,27,,,587583.3611,9821995.157,0.6,0.411927361,48.8,6.72,,D,O,2,28.93
FST_A01,28,Maquira sclerophylla,Moraceae,587574.9777,9822004.88,0.53,0.051091903,10.8,16.24,8.58,A,O,2,11.23
FST_A01,29,Licania octandra,Chrysobalanaceae,587574.2501,9822006.429,0.825,0.758402435,27.3,24.23,17.59,A,O,2,20.91
FST_A01,31,,,587588.4046,9822020.595,0.58,0.347541429,53.0,4.65,,D,O,2,30.13
FST_A01,32,Pouteria sp.,Sapotaceae,587597.1473,9822035.468,0.781766198,1.723964405,39.6,27.63,20.79,A,O,2,25.93
FST_A01,33,Pouteria hispida,Sapotaceae,587600.1783,9822032.858,0.87,1.867010075,37.3,30.3,25.89,A,O,2,25.09
FST_A01,34,Tamarindus indica,Fabaceae,587602.5167,9822029.527,0.64,1.121171479,54.5,11.59,8.02,A,O,2,30.54
FST_A01,35,Lecythis pisonis,Lecythidaceae,587604.0322,9822028.222,0.852360511,13.7580743,87.6,41.32,30.93,A,O,2,37.25
FST_A01,36,Pouteria sp.,Sapotaceae,587602.3457,9822017.814,0.781766198,5.717221876,65.0,34.01,23.47,A,O,2,33.09
FST_A01,37,Tetragastris altissima,Burseraceae,587623.6036,9822014.004,0.707804286,32.85512518,140.3,46.33,21.59,A,O,2,42.75
FST_A01,38,Ocotea canaliculata,Lauraceae,587628.5819,9822016.305,0.479426667,1.17341634,37.0,35.12,22.05,A,O,2,24.98
FST_A01,39,Caryocar glabrum,Caryocaraceae,587632.9329,9822016.512,0.6758827,1.682056996,40.4,29.96,21.97,A,O,2,26.21
FST_A01,40,Ocotea sp.,Lauraceae,587619.6437,9822005.554,0.500567938,3.236961759,60.3,34.94,25.86,A,O,2,32.01
FST_A01,41,Pouteria oppositifolia,Sapotaceae,587610.8114,9822007.889,0.65,1.384474935,40.4,25.64,19.29,A,O,2,26.21
FST_A01,42,Geissospermum sericeum,Apocynaceae,587603.8857,9822000.675,0.782,0.891126672,35.0,18.28,9.36,A,O,2,24.21
FST_A01,43,Goupia glabra,Goupiaceae,587603.519,9821993.084,0.7272025,11.47435169,90.0,38.27,20.48,A,O,2,37.61
FST_A01,44,Strychnos subcordata,Loganiaceae,587496.7756,9822078.996,0.54,0.120198203,13.5,23.99,16.57,A,O,3,13.15
FST_A01,45,Poeppigia sp.,Fabaceae,587495.9355,9822077.876,0.69,0.612828123,25.5,26.83,15.61,A,O,3,20.05
FST_A01,46,Eschweilera coriacea,Lecythidaceae,587495.9806,9822080.259,0.852013744,0.437478237,18.0,31.13,18.84,A,O,3,16.01
FST_A01,47,Xylopia cayennensis,Annonaceae,587495.2865,9822083.315,0.57,0.523830149,25.0,28.89,19.42,A,O,3,19.8
FST_A01,48,,,587495.95,9822087.019,0.58,0.754126721,53.1,11.93,,D,O,3,30.16
FST_A01,49,Protium paniculatum,Burseraceae,587493.8271,9822083.028,0.49,0.066880321,13.2,15.39,11.33,A,O,3,12.95
FST_A01,50,Goupia glabra,Goupiaceae,587490.9709,9822087.515,0.7272025,6.021710031,69.7,33.49,18.36,A,O,3,34.09
FST_A01,51,Virola melinoni,Myristicaceae,587483.7173,9822092.776,0.476163695,0.042479335,14.2,8.69,4.9,A,O,3,13.62
FST_A01,52,,,587478.3196,9822099.847,0.58,0.409550462,35.8,14.83,,D,O,3,24.52
FST_A01,53,Pouteria retinervis,Sapotaceae,587472.8672,9822105.352,0.783318031,0.060330036,13.0,8.95,5.27,A,O,3,12.81
FST_A01,54,Pouteria gongrijpii,Sapotaceae,587463.4783,9822113.904,0.799402922,1.381599063,33.0,31.18,14.88,A,O,3,23.4
FST_A01,55,Inga heterophylla,Fabaceae,587459.8212,9822111.849,0.56,0.103455364,12.9,21.81,11.66,A,O,3,12.74
FST_A01,56,Dimorphandra macrostachya,Fabaceae,587468.5573,9822117.357,0.6,1.318856905,36.5,32.41,24.11,A,O,3,24.79
FST_A01,57,,,587473.1322,9822111.843,0.6,1.92008129,56.8,30.44,,D,O,3,31.14
FST_A01,58,Parkia pendula,Fabaceae,587473.6363,9822120.81,0.53,2.463474511,50.4,35.95,25.01,A,O,3,29.4
FST_A01,59,Manilkara huberi,Sapotaceae,587485.177,9822134.536,0.93,4.912482595,54.5,34.94,21.56,A,O,3,30.54
FST_A01,60,Parkia paraensis,Fabaceae,587484.481,9822141.902,0.41,1.119131409,38.2,36.75,20.6,A,O,3,25.42
FST_A01,61,Geissospermum sericeum,Apocynaceae,587489.9776,9822140.935,0.782,3.80711415,45.5,46.2,21.85,A,O,3,27.91
FST_A01,62,Goupia glabra,Goupiaceae,587488.6815,9822147.502,0.7272025,5.014953915,86.0,18.32,12.33,A,O,3,37.01
FST_A01,63,Caryocar glabrum,Caryocaraceae,587493.0739,9822136.768,0.6758827,2.936268345,51.0,32.81,23.87,A,O,3,29.57
FST_A01,64,Chimarrhis turbinata,Rubiaceae,587499.4923,9822140.348,0.72,7.552203035,76.0,35.68,26.37,A,O,3,35.31
FST_A01,65,Pouteria hispida,Sapotaceae,587488.2301,9822123.675,0.87,3.180797459,47.0,32.52,18.48,A,O,3,28.38
FST_A01,66,Enterolobium schomburgkii,Fabaceae,587488.3693,9822122.202,0.711902716,8.089124333,74.7,40.01,19.32,A,O,3,35.07
FST_A01,67,Chimarrhis turbinata,Rubiaceae,587482.8294,9822116.476,0.72,2.168028117,49.4,24.24,15.29,A,O,3,29.11
FST_A01,68,Pouteria sp.,Sapotaceae,587492.5265,9822121.108,0.781766198,0.50930077,39.2,8.33,5.02,A,O,3,25.79
FST_A01,69,Geissospermum sericeum,Apocynaceae,587495.5269,9822125.108,0.782,2.101816188,42.1,29.79,15.19,A,O,3,26.8
FST_A01,70,Mezilaurus itauba,Lauraceae,587501.4844,9822126.414,0.720305556,13.46123452,97.0,39.02,28.14,A,O,3,38.58
FST_A01,71,Geissospermum sericeum,Apocynaceae,587505.6417,9822125.32,0.782,2.091004703,44.7,26.29,19.83,A,O,3,27.66
FST_A01,72,Pouteria hispida,Sapotaceae,587509.8422,9822130.92,0.87,2.342796041,43.1,28.48,23.59,A,O,3,27.14
FST_A01,73,Protium paniculatum,Burseraceae,587517.3742,9822122.713,0.49,0.833132157,35.6,26.36,16.7,A,O,3,24.44
FST_A01,74,Swartzia corrugata,Fabaceae,587513.4521,9822114.166,1.0565,9.186070247,70.0,34.86,27.71,A,O,3,34.15
FST_A01,75,Pouteria gongrijpii,Sapotaceae,587513.1737,9822117.113,0.799402922,1.929499757,41.0,28.21,21.93,A,O,3,26.42
FST_A01,76,Tachigali alba,Fabaceae,587375.4896,9822191.398,0.560284357,0.165495762,16.1,22.39,14.72,A,O,4,14.85
FST_A01,77,Pouteria retinervis,Sapotaceae,587373.8983,9822197.4,0.783318031,0.363360033,20.0,22.78,13.73,A,O,4,17.17
FST_A01,78,Pouteria gongrijpii,Sapotaceae,587384.5689,9822193.161,0.799402922,1.972595592,40.0,30.3,18.11,A,O,4,26.07
FST_A01,79,,,587385.9689,9822201.305,0.6,0.884101125,72.1,6.58,,D,O,4,34.57
FST_A01,80,Manilkara huberi,Sapotaceae,587385.4952,9822207.106,0.93,2.256558736,46.4,22.14,15.06,A,O,4,28.2
FST_A01,81,Terminalia amazonia,Combretaceae,587376.3964,9822200.524,0.68038,13.27258603,90.0,47.32,27.35,A,O,4,37.61
FST_A01,82,Manilkara huberi,Sapotaceae,587373.3062,9822204.651,0.93,3.212202618,42.5,37.57,27.79,A,O,4,26.93
FST_A01,83,Pseudopiptadenia suaveolens,Fabaceae,587382.6742,9822216.366,0.679712857,5.661699149,60.0,45.46,26.83,A,O,4,31.94
FST_A01,84,Tachigali alba,Fabaceae,587376.6261,9822220.471,0.560284357,1.013394255,35.2,28.68,21.27,A,O,4,24.28
FST_A01,85,Nectandra cuspidata,Lauraceae,587369.3221,9822202.866,0.56,1.609860158,39.5,36.2,27.16,A,O,4,25.89
FST_A01,86,Pouteria gongrijpii,Sapotaceae,587364.1214,9822207.551,0.799402922,3.963671182,51.5,36.73,27.62,A,O,4,29.71
FST_A01,87,Annona ambotay,Annonaceae,587362.798,9822206.056,0.413,0.11004344,16.7,18.77,5.01,A,O,4,15.22
FST_A01,88,Pouteria guianensis,Sapotaceae,587351.2843,9822213.876,0.929561667,0.284060738,17.4,19.83,13.19,A,O,4,15.65
FST_A01,89,Jacaranda copaia,Bignoniaceae,587348.0562,9822214.635,0.353578132,0.050743601,13.2,16.18,13.41,A,O,4,12.95
FST_A01,90,,,587358.4795,9822226.071,0.6,0.967593603,40.0,31.04,,D,O,4,26.07
FST_A01,92,Geissospermum sericeum,Apocynaceae,587401.7332,9822227.412,0.782,2.626395911,55.1,21.73,16.76,A,O,4,30.7
FST_A01,93,Tachigali alba,Fabaceae,587403.0683,9822219.491,0.560284357,1.306050634,42.5,25.35,14.12,A,O,4,26.93
FST_A01,1,Eschweilera coriacea,Lecythidaceae,587316.4276,9820665.597,0.852013744,0.11531968,13.2,15.26,3.38,A,O,1,12.95
FST_A01,2,Inga marginata,Fabaceae,587312.8833,9820672.1,0.573055556,2.332162803,48.7,33.71,26.07,A,O,1,28.9
FST_A01,3,Ocotea canaliculata,Lauraceae,587315.8723,9820675.596,0.479426667,1.844333196,47.9,32.94,21.2,A,O,1,28.66
FST_A01,4,,,587309.9289,9820677.771,0.58,4.625031326,86.0,33.7,,D,O,1,37.01
FST_A01,5,Pouteria gongrijpii,Sapotaceae,587305.8853,9820671.672,0.799402922,0.123005012,13.0,17.89,11.48,A,O,1,12.81
FST_A01,6,Maquira sclerophylla,Moraceae,587301.8912,9820678.104,0.53,1.144431722,36.0,32.73,24.5,A,O,1,24.6
FST_A01,7,Hevea sp.,Euphorbiaceae,587302.3307,9820687.137,0.515536777,0.957870808,36.0,28.17,18.45,A,O,1,24.6
FST_A01,8,Aspidosperma nitidum,Apocynaceae,587299.2063,9820694.892,0.763327689,6.460305927,74.8,29.72,17.5,A,O,1,35.09
FST_A01,9,Manilkara huberi,Sapotaceae,587292.0836,9820688.841,0.93,2.472988071,37.5,37.15,27.5,A,O,1,25.16
FST_A01,10,Manilkara amazonica,Sapotaceae,587287.6347,9820692.764,0.883636668,7.484152333,62.1,43.15,27.77,A,O,1,32.43
FST_A01,11,Mouriri collocarpa,Melastomataceae,587291.0143,9820680.897,0.833333333,0.123215938,13.5,15.94,9.63,A,O,1,13.15
FST_A01,12,Pouteria sp.,Sapotaceae,587281.9867,9820684.636,0.781766198,2.715075494,46.3,31.83,16.67,A,O,1,28.17
FST_A01,13,Protium paniculatum,Burseraceae,587282.7764,9820686.472,0.49,0.203909249,18.4,24.15,19.3,A,O,1,16.25
FST_A01,14,Sloanea guianensis,Elaeocarpaceae,587280.842,9820685.578,0.821152911,0.072741839,10.6,15.49,10.54,A,O,1,11.08
FST_A01,15,Nectandra cuspidata,Lauraceae,587281.3867,9820688.498,0.56,0.456387443,25.1,25.41,19.85,A,O,1,19.85
FST_A01,16,Pouteria guianensis,Sapotaceae,587327.8232,9820691.098,0.929561667,2.884009119,41.3,35.74,17.91,A,O,1,26.53
FST_A01,17,Batesia floribunda,Fabaceae,587323.1743,9820696.308,0.54,1.124993163,40.4,25.08,17.28,A,O,1,26.21
FST_A01,18,Swartzia polyphylla,Fabaceae,587313.4732,9820671.269,0.691,8.298644611,86.0,31.9,22.35,A,O,1,37.01
FST_A01,19,,,587308.6294,9820676.251,0.6,0.422950488,43.7,9.09,,D,O,1,27.33
FST_A01,20,Bombax paraense,Malvaceae,587326.5726,9820713.975,0.39,6.776713454,90.8,41.41,28.81,A,O,1,37.73
FST_A01,21,Nectandra cuspidata,Lauraceae,587323.5633,9820716.539,0.56,0.860693165,35.4,24.1,9.51,A,O,1,24.36
FST_A01,22,,,587322.2241,9820707.366,0.58,0.246153616,63.7,1.95,,D,O,1,32.8
FST_A01,23,Pouteria guianensis,Sapotaceae,587303.729,9820717.676,0.929561667,1.861761193,36.0,30.36,18.63,A,O,1,24.6
FST_A01,24,NI,NI,587307.2783,9820709.659,0.64,2.522818972,43.9,40.18,28.91,A,O,1,27.4
FST_A01,25,Pouteria sp.,Sapotaceae,587304.929,9820709.953,0.781766198,4.065100705,56.7,31.78,22.87,A,O,1,31.11
FST_A01,26,Protium paniculatum,Burseraceae,587283.3859,9820695.4,0.49,1.023404933,38.0,28.42,16.45,A,O,1,25.35
FST_A01,27,Manilkara huberi,Sapotaceae,587193.2964,9820754.346,0.93,13.43417192,85.6,38.73,23.43,A,O,2,36.94
FST_A01,28,,,587191.0135,9820754.684,0.45,0.11608327,51.0,1.82,,D,O,2,29.57
FST_A01,29,,,587183.7571,9820758.379,0.45,0.61042199,77.0,5.07,,D,O,2,35.49
FST_A01,30,Virola melinoni,Myristicaceae,587181.4674,9820756.317,0.476163695,0.04537872,12.0,13.0,6.21,A,O,2,12.11
FST_A01,31,Mouriri collocarpa,Melastomataceae,587175.8756,9820761.293,0.833333333,0.208150171,17.0,16.98,11.66,A,O,2,15.41
FST_A01,32,Pouteria gongrijpii,Sapotaceae,587171.3696,9820761.087,0.799402922,0.17392151,19.7,11.01,8.52,A,O,2,17.0
FST_A01,33,Thyrsodium paraense,Anacardiaceae,587172.4322,9820762.414,0.613333333,0.247404121,17.8,25.01,18.72,A,O,2,15.89
FST_A01,34,Pouteria hispida,Sapotaceae,587170.4809,9820762.529,0.87,0.190510107,12.7,26.67,19.9,A,O,2,12.6
FST_A01,35,Pouteria hispida,Sapotaceae,587170.6915,9820763.589,0.87,1.041897452,28.1,29.8,18.22,A,O,2,21.28
FST_A01,36,Pouteria hispida,Sapotaceae,587167.0049,9820766.798,0.87,0.802564991,30.6,19.36,16.83,A,O,2,22.39
FST_A01,37,Ormosia coccinea,Fabaceae,587163.412,9820766.457,0.625,0.352933128,19.0,30.73,16.4,A,O,2,16.6
FST_A01,38,Dipteryx odorata,Fabaceae,587161.988,9820769.462,0.92,17.04920624,96.4,39.18,20.6,A,O,2,38.5
FST_A01,39,Manilkara huberi,Sapotaceae,587164.0876,9820777.664,0.93,7.920378755,63.5,41.5,26.19,A,O,2,32.76
FST_A01,40,Virola elongata,Myristicaceae,587159.205,9820769.176,0.52,0.143288578,15.8,21.69,13.4,A,O,2,14.66
FST_A01,41,Inga thibaudiana,Fabaceae,587154.3973,9820772.42,0.576407927,0.094301116,18.2,9.7,8.69,A,O,2,16.13
FST_A01,42,Ocotea canaliculata,Lauraceae,587161.8115,9820780.403,0.479426667,0.997890409,37.0,29.87,24.27,A,O,2,24.98
FST_A01,43,Pouteria sp.,Sapotaceae,587178.6755,9820796.677,0.781766198,1.172887406,35.1,23.92,14.12,A,O,2,24.25
FST_A01,45,Brosimum rubescens,Moraceae,587182.8338,9820798.681,0.825151429,2.6126026,40.1,38.68,18.53,A,O,2,26.11
FST_A01,46,Ficus broadwayi,Moraceae,587179.4908,9820791.318,0.415277778,2.927709802,65.0,32.78,20.28,A,O,2,33.09
FST_A01,47,Endopleura uchi,Humiriaceae,587201.926,9820795.415,0.771796039,1.458014087,37.1,26.96,21.3,A,O,2,25.01
FST_A01,48,Aspidosperma nitidum,Apocynaceae,587201.4667,9820794.523,0.763327689,19.37387975,113.2,38.91,24.81,A,O,2,40.46
FST_A01,49,Inga alba,Fabaceae,587204.8067,9820786.257,0.586080352,1.073515895,36.7,26.72,17.67,A,O,2,24.86
FST_A01,50,Zygia racemosa,Fabaceae,587188.3396,9820778.132,0.75,2.812089971,47.0,33.35,24.8,A,O,2,28.38
FST_A01,51,Pouteria sp.,Sapotaceae,587185.062,9820779.141,0.781766198,2.942063889,49.3,30.42,22.03,A,O,2,29.08
FST_A01,52,Pouteria gongrijpii,Sapotaceae,587181.9365,9820775.238,0.799402922,2.068602837,39.8,32.09,18.67,A,O,2,26.0
FST_A01,53,Zygia racemosa,Fabaceae,587172.601,9820777.931,0.75,2.911254208,44.9,37.83,27.83,A,O,2,27.72
FST_A01,54,,,587065.4008,9820830.648,0.6,0.083967265,23.8,5.56,,D,O,3,19.2
FST_A01,55,Protium paniculatum,Burseraceae,587057.5798,9820830.035,0.49,0.054152014,10.5,19.69,10.46,A,O,3,11.0
FST_A01,56,NI,NI,587052.4733,9820834.679,0.64,2.572314943,52.5,28.65,13.09,A,O,3,29.99
FST_A01,57,Pseudopiptadenia suaveolens,Fabaceae,587050.0997,9820834.908,0.679712857,14.09651344,87.0,53.83,27.41,A,O,3,37.16
FST_A01,58,Protium hepytaphillum ,Burseraceae,587048.9967,9820842.818,0.629,1.324771012,36.0,31.93,23.2,A,O,3,24.6
FST_A01,59,Tetragastris panamensis,Burseraceae,587043.7541,9820838.22,0.732202857,0.016377502,10.8,3.77,3.14,A,O,3,11.23
FST_A01,60,Eschweilera parviflora,Lecythidaceae,587049.0244,9820849.622,0.8889275,1.906673746,38.3,28.73,20.88,A,O,3,25.46
FST_A01,61,Nectandra cuspidata,Lauraceae,587045.2641,9820850.65,0.56,1.795583024,43.7,32.99,20.48,A,O,3,27.33
FST_A01,62,Pouteria sp.,Sapotaceae,587037.9956,9820843.466,0.78,0.287652069,18.2,21.87,15.51,A,O,3,16.13
FST_A01,63,Protium hepytaphillum ,Burseraceae,587062.2137,9820830.209,0.629,0.488211678,23.9,26.7,17.0,A,O,3,19.25
FST_A01,64,Aspidosperma spruceanum,Apocynaceae,587037.4224,9820844.933,0.753333333,0.110173532,12.4,18.69,15.38,A,O,3,12.39
FST_A01,65,Tetragastris panamensis,Burseraceae,587037.2826,9820846.15,0.732202857,0.084071309,12.0,15.67,9.67,A,O,3,12.11
FST_A01,66,Pouteria guianensis,Sapotaceae,587033.342,9820845.577,0.929561667,0.098335138,12.4,13.52,9.77,A,O,3,12.39
FST_A01,67,Pouteria gongrijpii,Sapotaceae,587035.9284,9820850.681,0.799402922,3.146006482,46.7,35.45,16.02,A,O,3,28.29
FST_A01,68,Pouteria gongrijpii,Sapotaceae,587030.7292,9820851.059,0.799402922,0.446922886,20.4,26.39,16.98,A,O,3,17.39
FST_A01,69,Sterculia pruriens,Malvaceae,587030.2092,9820851.358,0.486208,1.260282793,36.7,37.81,29.22,A,O,3,24.86
FST_A01,70,Ormosia coccinea,Fabaceae,587027.6632,9820849.072,0.625,0.250029428,18.3,23.47,15.94,A,O,3,16.19
FST_A01,71,Licania canescens,Chrysobalanaceae,587032.9039,9820858.901,0.88,3.844966256,48.0,37.26,22.04,A,O,3,28.69
FST_A01,72,Pouteria gongrijpii,Sapotaceae,587022.7792,9820852.907,0.799402922,0.679947965,25.2,26.31,16.03,A,O,3,19.9
FST_A01,73,,,587047.9727,9820861.594,0.7,0.408812703,35.6,11.92,,D,O,3,24.44
FST_A01,74,,,587049.6332,9820864.049,0.58,1.386068612,90.0,6.91,,D,O,3,37.61
FST_A01,75,Hymenaea intermedia,Fabaceae,587051.0555,9820879.144,0.82,4.941447183,59.0,34.01,17.83,A,O,3,31.69
FST_A01,76,Ocotea canaliculata,Lauraceae,587058.7771,9820883.793,0.479426667,3.899988,60.0,44.39,27.14,A,O,3,31.94
FST_A01,77,Zygia racemosa,Fabaceae,587058.1369,9820883.025,0.75,2.84283991,48.4,31.79,21.17,A,O,3,28.81
FST_A01,78,Brosimum rubescens,Moraceae,587072.6441,9820875.812,0.825151429,9.456927763,74.4,40.68,26.16,A,O,3,35.01
FST_A01,79,Pouteria hispida,Sapotaceae,587070.3099,9820871.472,0.87,2.54155568,43.9,29.78,19.77,A,O,3,27.4
FST_A01,80,Licania canescens,Chrysobalanaceae,587085.2702,9820861.724,0.88,2.477734136,43.6,29.1,18.37,A,O,3,27.3
FST_A01,81,Pseudopiptadenia suaveolens,Fabaceae,587086.1369,9820861.225,0.679712857,4.962912447,56.8,44.46,25.99,A,O,3,31.14
FST_A01,82,Goupia glabra,Goupiaceae,587077.3221,9820858.342,0.7272025,1.736896838,44.4,23.8,17.51,A,O,3,27.56
FST_A01,83,Manilkara huberi,Sapotaceae,587077.8203,9820845.552,0.93,13.340889,88.6,35.9,22.23,A,O,3,37.4
FST_A01,84,Endopleura uchi,Humiriaceae,587073.7862,9820843.327,0.771796039,2.685972113,51.0,26.29,18.67,A,O,3,29.57
FST_A01,85,Hymenolobium petraeum,Fabaceae,587062.1056,9820847.776,0.713,1.693230453,42.2,26.2,15.54,A,O,3,26.83
FST_A01,86,Alibertia edulis,Rubiaceae,586936.9505,9820909.008,0.76,0.111722919,15.2,12.5,5.7,A,O,4,14.28
FST_A01,87,Oenocarpus bacaba,Arecaceae,586933.07,9820917.109,,0.050303908,15.2,22.32,15.54,A,P,4,14.28
FST_A01,88,Bowdichia nitida,Fabaceae,586927.7194,9820914.99,0.81,0.079106741,10.1,18.81,11.65,A,O,4,10.7
FST_A01,89,Quiina florida,Quiinaceae,586927.9829,9820918.98,0.728,0.046842937,11.0,10.45,7.7,A,O,4,11.38
FST_A01,90,Lacunaria jenmanii,Quiinaceae,586927.867,9820920.481,0.804333333,0.088655746,11.7,15.82,11.3,A,O,4,11.89
FST_A01,91,Pouteria gongrijpii,Sapotaceae,586919.864,9820923.29,0.799402922,0.373887926,19.4,24.41,18.58,A,O,4,16.83
FST_A01,92,Alexa grandiflora,Fabaceae,586917.7483,9820922.641,0.64,0.315160092,20.5,23.02,16.2,A,O,4,17.45
FST_A01,93,Oenocarpus bacaba,Arecaceae,586914.0642,9820923.721,,0.057273078,16.3,11.61,8.81,A,P,4,14.98
FST_A01,94,Eschweilera coriacea,Lecythidaceae,586914.0795,9820924.899,0.852013744,0.061833836,11.2,11.37,7.95,A,O,4,11.53
FST_A01,95,Pouteria sp.,Sapotaceae,586916.0497,9820929.327,0.781766198,2.847153812,47.4,31.85,21.66,A,O,4,28.51
FST_A01,96,Tetragastris altissima,Burseraceae,586911.186,9820929.508,0.707804286,0.245632063,16.3,25.66,20.63,A,O,4,14.98
FST_A01,97,Pouteria gongrijpii,Sapotaceae,586909.2571,9820926.955,0.799402922,0.441315096,21.8,22.82,12.23,A,O,4,18.15
FST_A01,98,Pouteria gongrijpii,Sapotaceae,586903.5943,9820933.358,0.799402922,0.758779064,25.4,28.9,16.15,A,O,4,20.0
FST_A01,99,Pouteria sp.,Sapotaceae,586912.5865,9820936.326,0.781766198,4.3446912,51.3,41.49,30.29,A,O,4,29.65
FST_A01,100,Dialium guianense,Fabaceae,586920.5291,9820941.876,0.890242424,1.485146307,39.1,21.44,14.17,A,O,4,25.75
FST_A01,101,Sterculia pruriens,Malvaceae,586926.4341,9820940.426,0.486208,1.896242428,49.1,31.78,23.52,A,O,4,29.02
FST_A01,102,Swartzia laevicarpa,Fabaceae,586930.3865,9820944.996,0.613,2.532528545,54.2,27.63,19.1,A,O,4,30.46
FST_A01,107,Pouteria sp.,Sapotaceae,586910.9081,9820937.414,0.781766198,3.20434242,50.1,32.08,16.2,A,O,4,29.31
FST_A01,108,Nectandra cuspidata,Lauraceae,586964.9704,9820942.789,0.56,5.326266888,76.6,31.85,15.14,A,O,4,35.42
FST_A01,109,Xylopia sp.,Annonaceae,586956.0821,9820942.606,0.570128696,1.336748396,37.1,33.47,28.35,A,O,4,25.01
FST_A01,110,,,586949.9244,9820931.146,0.58,0.467330991,75.1,2.85,,D,O,4,35.15
FST_A01,111,,,586935.0553,9820939.593,0.58,0.646374872,36.0,25.56,,D,O,4,24.6
FST_A01,112,Mouriri collocarpa,Melastomataceae,586939.2359,9820935.695,0.833333333,3.28451315,49.7,31.35,22.56,A,O,4,29.19
FST_A01,113,Manilkara amazonica,Sapotaceae,586942.3482,9820927.736,0.883636668,8.048243664,70.0,36.52,29.92,A,O,4,34.15
FST_A01,114,Ocotea canaliculata,Lauraceae,586941.1426,9820926.14,0.479426667,1.668326986,45.0,33.76,22.65,A,O,4,27.76
FST_A01,1,Theobroma glaucum,Malvaceae,585273.7059,9820633.654,0.529714286,0.049343033,10.6,16.29,11.59,A,O,1,11.08
FST_A01,2,Poeppigia sp.,Fabaceae,585279.4631,9820640.14,0.69,0.905535193,42.0,14.62,12.95,A,O,1,26.77
FST_A01,3,Pouteria sp.,Sapotaceae,585278.2243,9820645.781,0.781766198,1.423259226,36.7,26.56,18.1,A,O,1,24.86
FST_A01,4,Guatteria schomburgkiana,Annonaceae,585273.004,9820636.531,0.6,0.054985063,10.6,16.02,12.37,A,O,1,11.08
FST_A01,5,Inga marginata,Fabaceae,585269.2261,9820638.277,0.573055556,0.044083399,10.2,14.53,9.33,A,O,1,10.78
FST_A01,6,Thyrsodium paraense,Anacardiaceae,585269.2508,9820638.739,0.613333333,0.553840931,26.5,25.26,19.72,A,O,1,20.53
FST_A01,7,Eschweilera parviflora,Lecythidaceae,585267.2904,9820641.279,0.8889275,0.080326249,10.8,15.22,12.04,A,O,1,11.23
FST_A01,8,Thyrsodium paraense,Anacardiaceae,585264.959,9820641.675,0.613333333,0.122560066,14.2,19.47,15.26,A,O,1,13.62
FST_A01,9,Protium paniculatum,Burseraceae,585260.3745,9820643.134,0.49,0.249523714,18.5,29.23,21.9,A,O,1,16.31
FST_A01,10,Qualea paraensis,Vochysiaceae,585256.6639,9820649.747,0.689333333,0.708223567,25.9,30.09,22.48,A,O,1,20.24
FST_A01,11,,,585255.7271,9820650.627,0.58,0.047399071,12.8,13.13,,D,O,1,12.67
FST_A01,12,,,585252.7235,9820648.848,0.6,0.291857799,36.1,9.21,,D,O,1,24.63
FST_A01,13,,,585251.6463,9820650.303,0.6,0.135290921,17.1,22.37,,D,O,1,15.47
FST_A01,14,Astronium gracile,Anacardiaceae,585245.7804,9820652.998,0.73,0.417795158,22.1,23.02,10.95,A,O,1,18.31
FST_A01,15,Pouteria sp.,Sapotaceae,585249.1116,9820657.31,0.781766198,2.458014676,45.5,29.84,18.43,A,O,1,27.91
FST_A01,16,Pouteria oppositifolia,Sapotaceae,585259.0551,9820662.49,0.65,4.453358936,63.4,33.49,24.09,A,O,1,32.73
FST_A01,17,Geissospermum sericeum,Apocynaceae,585266.9572,9820660.678,0.782,1.325051513,39.2,21.66,16.74,A,O,1,25.79
FST_A01,18,Swartzia laevicarpa,Fabaceae,585256.4336,9820670.274,0.613,2.443067642,50.0,31.32,15.34,A,O,1,29.28
FST_A01,19,Endopleura uchi,Humiriaceae,585249.9755,9820673.494,0.771796039,7.970130978,71.2,40.02,26.16,A,O,1,34.39
FST_A01,20,Tetragastris altissima,Burseraceae,585298.9774,9820657.945,0.707804286,1.679084775,45.3,22.71,16.66,A,O,1,27.85
FST_A01,21,Pouteria gongrijpii,Sapotaceae,585303.1639,9820668.261,0.799402922,1.714011547,47.4,18.75,13.1,A,O,1,28.51
FST_A01,22,,,585277.476,9820679.843,0.6,2.174733245,57.1,34.99,22.72,D,O,1,31.21
FST_A01,23,Pouteria sp.,Sapotaceae,585263.4278,9820669.084,0.781766198,2.234741503,40.8,33.74,20.82,A,O,1,26.35
FST_A01,24,,,585269.8435,9820673.083,0.6,1.247134902,44.6,32.44,25.05,D,O,1,27.63
FST_A01,25,Pouteria sp.,Sapotaceae,585271.6388,9820670.656,0.781766198,4.933214382,59.1,35.49,25.77,A,O,1,31.72
FST_A01,26,Pouteria gongrijpii,Sapotaceae,585285.7294,9820674.197,0.799402922,3.275176961,51.7,30.11,22.37,A,O,1,29.77
FST_A01,27,Hevea sp.,Euphorbiaceae,585293.0129,9820670.413,0.515536777,3.045835008,56.7,36.1,25.3,A,O,1,31.11
FST_A01,28,Manilkara huberi,Sapotaceae,585302.1939,9820670.123,0.93,2.388292474,41.4,29.44,19.38,A,O,1,26.56
FST_A01,29,Quiina florida,Quiinaceae,585307.9713,9820666.17,0.728,2.563388629,44.0,35.73,26.13,A,O,1,27.43
FST_A01,30,Glycydendron amazonicum,Euphorbiaceae,585251.5665,9820659.225,0.67,1.638168879,38.0,33.27,24.59,A,O,1,25.35
FST_A01,31,Dipteryx odorata,Fabaceae,585288.7242,9820654.175,0.92,33.62598257,124.8,46.1,24.08,A,O,1,41.55
FST_A01,32,Annona ambotay,Annonaceae,585148.8624,9820722.92,0.413,0.172403973,18.7,23.45,17.31,A,O,2,16.42
FST_A01,33,Pouteria retinervis,Sapotaceae,585145.4434,9820724.082,0.783318031,0.544341284,25.0,21.84,17.84,A,O,2,19.8
FST_A01,34,,,585141.1659,9820726.473,0.6,0.018444316,11.8,4.85,,D,O,2,11.96
FST_A01,35,Eschweilera coriacea,Lecythidaceae,585136.0547,9820730.718,0.852013744,0.033865549,13.0,4.62,2.73,A,O,2,12.81
FST_A01,36,,,585134.1342,9820731.791,0.6,0.085758436,24.4,5.37,,D,O,2,19.5
FST_A01,37,Mouriri collocarpa,Melastomataceae,585131.1436,9820731.004,0.833333333,0.036204772,14.0,4.35,2.98,A,O,2,13.49
FST_A01,38,,,585129.8543,9820736.0,0.6,0.159216751,27.5,8.54,,D,O,2,21.0
FST_A01,39,Pouteria macrophilla,Sapotaceae,585124.3136,9820735.034,0.737,0.042656543,10.3,10.72,8.03,A,O,2,10.85
FST_A01,40,Pouteria guianensis,Sapotaceae,585125.0554,9820736.864,0.929561667,0.125292024,13.1,15.43,13.54,A,O,2,12.88
FST_A01,41,Pouteria retinervis,Sapotaceae,585122.2746,9820736.494,0.783318031,0.797373168,32.4,19.05,13.07,A,O,2,23.15
FST_A01,42,,,585118.7139,9820740.087,0.6,0.030714946,23.0,1.77,,D,O,2,18.79
FST_A01,43,Pouteria sp.,Sapotaceae,585112.4991,9820744.629,0.781766198,6.22990293,67.0,34.88,23.91,A,O,2,33.53
FST_A01,44,Simaba cedron,Simaroubaceae,585116.1176,9820743.996,0.474426667,0.052489439,14.0,11.09,8.34,A,O,2,13.49
FST_A01,45,Pouteria gongrijpii,Sapotaceae,585141.342,9820761.331,0.799402922,3.292942381,44.0,41.8,30.0,A,O,2,27.43
FST_A01,46,Minquartia guianensis,Olacaceae,585143.2325,9820767.757,0.77,4.096342878,55.2,34.3,25.27,A,O,2,30.72
FST_A01,47,Pouteria anibifolia,Sapotaceae,585153.9566,9820768.179,0.66,1.957534051,42.3,32.57,22.2,A,O,2,26.87
FST_A01,48,Pouteria hispida,Sapotaceae,585164.1836,9820756.051,0.87,2.288558143,41.6,29.86,17.46,A,O,2,26.63
FST_A01,49,Pouteria gongrijpii,Sapotaceae,585165.9295,9820755.075,0.799402922,2.239541754,39.6,35.1,26.56,A,O,2,25.93
FST_A01,51,Pouteria sp.,Sapotaceae,585170.1903,9820753.763,0.781766198,2.000838989,37.0,36.73,27.45,A,O,2,24.98
FST_A01,52,Swartzia corrugata,Fabaceae,585172.2484,9820749.406,1.0565,3.064349493,39.3,36.89,27.58,A,O,2,25.82
FST_A01,53,NI,NI,585179.2725,9820754.033,0.64,4.523306293,56.4,43.65,36.73,A,O,2,31.04
FST_A01,54,,,585180.0178,9820745.065,0.6,1.219573156,44.0,32.62,,D,O,2,27.43
FST_A01,55,Sacoglottis guianensis,Humiriaceae,585174.4106,9820743.922,0.84,4.761531555,53.7,38.62,21.73,A,O,2,30.32
FST_A01,56,Pouteria gongrijpii,Sapotaceae,585176.8549,9820742.556,0.799402922,1.455567832,36.3,27.15,16.19,A,O,2,24.71
FST_A01,57,Pouteria hispida,Sapotaceae,585170.4418,9820737.588,0.87,3.120073609,45.4,34.18,21.36,A,O,2,27.88
FST_A01,58,Pouteria sp.,Sapotaceae,585149.0542,9820749.538,0.781766198,6.33017258,62.9,40.21,28.58,A,O,2,32.62
FST_A01,59,Pouteria sp.,Sapotaceae,585143.6719,9820745.063,0.781766198,3.714502974,47.9,40.69,29.97,A,O,2,28.66
FST_A01,60,Guatteria schomburgkiana,Annonaceae,585146.7071,9820739.091,0.6,1.622266211,38.5,35.84,25.59,A,O,2,25.53
FST_A01,61,Pouteria sp.,Sapotaceae,585148.349,9820739.242,0.781766198,3.946935955,50.0,39.68,29.37,A,O,2,29.28
FST_A01,62,Pouteria sp.,Sapotaceae,585151.4882,9820732.143,0.781766198,5.355515396,59.8,37.64,29.73,A,O,2,31.89
FST_A01,63,Pouteria sp.,Sapotaceae,585161.1278,9820729.964,0.781766198,5.415775299,62.7,34.62,27.91,A,O,2,32.57
FST_A01,64,Pouteria gongrijpii,Sapotaceae,585158.6129,9820730.3,0.799402922,1.975027084,38.4,32.92,24.25,A,O,2,25.5
FST_A01,65,Manilkara huberi,Sapotaceae,585026.2358,9820798.534,0.93,0.938953407,26.8,27.62,20.29,A,O,3,20.67
FST_A01,66,Inga marginata,Fabaceae,585025.0974,9820799.349,0.573055556,0.040704227,10.0,13.95,10.65,A,O,3,10.62
FST_A01,67,,,585031.6243,9820803.729,0.6,2.017532263,56.4,32.9,,D,O,3,31.04
FST_A01,68,Lecythis lurida,Lecythidaceae,585017.4327,9820804.345,0.83,4.464193507,54.8,35.19,17.04,A,O,3,30.62
FST_A01,69,Mouriri collocarpa,Melastomataceae,585017.4989,9820804.42,0.833333333,0.087639474,11.3,16.18,11.48,A,O,3,11.6
FST_A01,70,Goupia glabra,Goupiaceae,585023.2722,9820812.154,0.7272025,14.54804843,100.0,39.3,25.43,A,O,3,38.96
FST_A01,71,Hevea sp.,Euphorbiaceae,585027.9313,9820819.829,0.515536777,3.945824328,58.5,43.94,31.86,A,O,3,31.57
FST_A01,72,Oenocarpus bacaba,Arecaceae,585004.3852,9820816.62,,0.093309035,21.2,26.12,22.04,A,P,3,17.83
FST_A01,73,Guatteria schomburgkiana,Annonaceae,584999.9707,9820817.333,0.6,0.140718806,18.0,14.22,7.43,A,O,3,16.01
FST_A01,74,Sterculia pruriens,Malvaceae,584999.9556,9820817.467,0.486208,0.07224338,14.3,14.28,11.61,A,O,3,13.69
FST_A01,75,Tachigali myrmecophila,Fabaceae,585002.1065,9820824.857,0.53,1.158195579,36.2,32.76,19.15,A,O,3,24.67
FST_A01,76,Eschweilera ovata,Lecythidaceae,584991.6764,9820823.27,0.9,0.464729011,20.5,24.14,19.57,A,O,3,17.45
FST_A01,77,Inga grandis,Fabaceae,584988.2494,9820824.5,0.576407927,0.087740971,11.5,22.61,17.61,A,O,3,11.75
FST_A01,78,Pouteria gongrijpii,Sapotaceae,584999.8474,9820816.443,0.799402922,3.297291315,44.3,41.29,28.01,A,O,3,27.53
FST_A01,79,Goupia glabra,Goupiaceae,585013.9215,9820827.41,0.7272025,9.815993746,76.0,45.91,26.7,A,O,3,35.31
FST_A01,80,Terminalia amazonia,Combretaceae,585020.3931,9820836.234,0.68038,7.590411318,75.0,38.96,25.33,A,O,3,35.13
FST_A01,81,Pouteria retinervis,Sapotaceae,585008.1956,9820844.965,0.783318031,1.859108554,40.1,29.0,17.62,A,O,3,26.11
FST_A01,83,Hevea sp.,Euphorbiaceae,585033.638,9820851.22,0.515536777,3.752990427,59.4,40.53,29.15,A,O,3,31.79
FST_A01,84,,,585037.8547,9820846.978,0.6,0.610952841,58.5,6.98,,D,O,3,31.57
FST_A01,85,Aspidosperma nitidum,Apocynaceae,585036.8906,9820848.892,0.763327689,6.752005196,63.7,42.83,27.46,A,O,3,32.8
FST_A01,86,Pouteria sp.,Sapotaceae,585030.57,9820838.736,0.781766198,3.230568497,48.0,35.24,28.07,A,O,3,28.69
FST_A01,87,,,585038.098,9820838.241,0.6,0.282181664,39.0,7.32,,D,O,3,25.71
FST_A01,88,Terminalia amazonia,Combretaceae,585040.3865,9820837.826,0.68038,3.355979327,51.0,37.26,19.6,A,O,3,29.57
FST_A01,89,Pouteria gongrijpii,Sapotaceae,585032.4396,9820828.835,0.799402922,3.48999795,50.0,34.31,21.3,A,O,3,29.28
FST_A01,90,Hevea sp.,Euphorbiaceae,585049.4822,9820830.093,0.515536777,3.579074798,58.4,39.99,19.71,A,O,3,31.54
FST_A01,91,Brosimum rubescens,Moraceae,585055.86,9820829.198,0.825151429,1.877231191,38.4,30.31,19.11,A,O,3,25.5
FST_A01,92,Manilkara amazonica,Sapotaceae,585042.4525,9820814.328,0.883636668,10.37642749,73.3,42.94,33.63,A,O,3,34.81
FST_A01,93,Zollernia paraensis,Fabaceae,584897.258,9820882.264,0.99,0.132949268,12.1,18.02,13.32,A,O,4,12.18
FST_A01,94,Manilkara huberi,Sapotaceae,584906.3093,9820893.624,0.93,11.51150037,70.2,49.35,33.56,A,O,4,34.19
FST_A01,95,Pouteria retinervis,Sapotaceae,584895.4688,9820886.579,0.783318031,0.70441492,25.6,26.96,22.39,A,O,4,20.09
FST_A01,96,Pouteria guianensis,Sapotaceae,584888.6867,9820887.854,0.929561667,0.202007084,13.6,23.08,17.1,A,O,4,13.22
FST_A01,97,Pouteria sp.,Sapotaceae,584890.4442,9820890.24,0.781766198,2.456301649,41.4,36.02,26.5,A,O,4,26.56
FST_A01,98,Pouteria gongrijpii,Sapotaceae,584893.1284,9820892.422,0.799402922,3.852716267,51.2,36.12,22.8,A,O,4,29.63
FST_A01,99,Pouteria sp.,Sapotaceae,584888.8948,9820899.32,0.781766198,4.903253394,53.0,43.87,27.5,A,O,4,30.13
FST_A01,100,Swartzia laevicarpa,Fabaceae,584881.9207,9820892.578,0.613,2.476279976,53.0,28.25,16.71,A,O,4,30.13
FST_A01,101,Strychnos subcordata,Loganiaceae,584883.6463,9820894.246,0.54,0.054141012,11.2,15.7,10.07,A,O,4,11.53
FST_A01,102,Protium paniculatum,Burseraceae,584877.735,9820897.462,0.49,0.077596497,14.3,15.21,10.26,A,O,4,13.69
FST_A01,103,,,584877.1678,9820898.012,0.6,2.604197199,70.5,26.05,,D,O,4,34.25
FST_A01,104,Casearia javitensis,Salicaceae,584875.7938,9820898.058,0.76,0.050664612,10.2,12.59,6.0,A,O,4,10.78
FST_A01,105,Manilkara huberi,Sapotaceae,584875.7939,9820901.767,0.93,0.368347124,20.1,19.26,13.13,A,O,4,17.22
FST_A01,106,Chimarrhis turbinata,Rubiaceae,584876.4331,9820903.759,0.72,4.491574027,60.9,33.05,19.77,A,O,4,32.15
FST_A01,107,Pouteria gongrijpii,Sapotaceae,584867.9494,9820904.213,0.799402922,0.075901069,13.0,11.04,8.11,A,O,4,12.81
FST_A01,108,Tachigali myrmecophila,Fabaceae,584870.5219,9820909.447,0.53,1.307706032,37.7,34.11,24.35,A,O,4,25.24
FST_A01,109,Chimarrhis turbinata,Rubiaceae,584887.6972,9820918.769,0.72,1.690818267,36.4,34.82,22.96,A,O,4,24.75
FST_A01,110,Goupia glabra,Goupiaceae,584884.1023,9820915.294,0.7272025,6.541151176,66.0,40.57,26.83,A,O,4,33.31
FST_A01,111,Pouteria sp.,Sapotaceae,584891.5312,9820905.99,0.781766198,4.260294416,55.0,35.39,22.26,A,O,4,30.67
FST_A01,112,Pouteria sp.,Sapotaceae,584894.5677,9820930.906,0.781766198,7.828593331,72.0,37.95,10.65,A,O,4,34.55
FST_A01,113,Manilkara huberi,Sapotaceae,584929.1567,9820913.513,0.93,3.735549418,45.6,37.95,17.26,A,O,4,27.95
FST_A01,114,Geissospermum sericeum,Apocynaceae,584901.9956,9820896.873,0.782,0.77578538,41.3,11.43,9.55,A,O,4,26.53
FST_A01,115,Handroanthus serratifolius,Bignoniaceae,584890.6997,9820887.327,0.64,6.98974975,70.5,43.17,32.37,A,O,4,34.25
FST_A01,1,Pouteria anibifolia,Sapotaceae,585718.7328,9819660.237,0.66,2.599128308,50.7,30.1,20.79,A,O,1,29.48
FST_A01,2,Inga heterophylla,Fabaceae,585725.2183,9819666.788,0.56,0.994011163,36.0,26.91,19.11,A,O,1,24.6
FST_A01,3,Licania heteromorpha,Chrysobalanaceae,585714.0038,9819668.663,0.816432848,2.675543828,44.3,32.81,20.15,A,O,1,27.53
FST_A01,4,Brosimum rubescens,Moraceae,585716.8574,9819672.477,0.825151429,13.0156983,87.4,40.57,24.0,A,O,1,37.22
FST_A01,5,Tapirira guianensis,Anacardiaceae,585714.5714,9819667.273,0.457009167,1.005752236,36.0,33.36,20.71,A,O,1,24.6
FST_A01,6,Pouteria anibifolia,Sapotaceae,585708.0761,9819660.08,0.66,0.067061091,10.9,16.8,12.45,A,O,1,11.3
FST_A01,7,Pouteria guianensis,Sapotaceae,585700.2472,9819663.967,0.929561667,0.333077275,16.6,25.55,15.56,A,O,1,15.16
FST_A01,8,Helicostylis sp.,Moraceae,585702.686,9819662.73,0.652522564,0.051434435,10.5,14.05,9.69,A,O,1,11.0
FST_A01,9,NI,NI,585701.6478,9819669.013,0.64,1.715046023,41.2,31.02,19.05,A,O,1,26.49
FST_A01,10,Strychnos subcordata,Loganiaceae,585710.462,9819673.849,0.54,1.043084276,35.7,29.78,22.62,A,O,1,24.48
FST_A01,11,Swartzia laevicarpa,Fabaceae,585701.6993,9819674.372,0.613,1.76047943,40.0,35.26,22.98,A,O,1,26.07
FST_A01,12,Bombax paraense,Malvaceae,585698.5927,9819671.344,0.39,1.336835528,43.7,35.26,23.88,A,O,1,27.33
FST_A01,13,Luehea speciosa,Malvaceae,585687.0184,9819669.862,0.507,1.562645973,41.0,36.02,27.41,A,O,1,26.42
FST_A01,14,Pseudopiptadenia suaveolens,Fabaceae,585688.6916,9819672.495,0.679712857,0.669131811,23.5,35.02,25.73,A,O,1,19.05
FST_A01,15,Manilkara amazonica,Sapotaceae,585686.2095,9819689.379,0.883636668,4.579113993,55.3,33.29,19.38,A,O,1,30.75
FST_A01,16,Manilkara amazonica,Sapotaceae,585709.7862,9819691.461,0.883636668,3.232552071,46.0,33.97,23.6,A,O,1,28.07
FST_A01,17,Dialium guianense,Fabaceae,585713.0292,9819691.827,0.890242424,2.46220639,40.8,32.64,19.86,A,O,1,26.35
FST_A01,18,Brosimum rubescens,Moraceae,585718.5427,9819686.632,0.825151429,6.069332834,61.0,38.84,24.27,A,O,1,32.17
FST_A01,19,Zygia racemosa,Fabaceae,585728.5644,9819677.872,0.75,2.69794067,47.0,31.99,22.1,A,O,1,28.38
FST_A01,20,Minquartia guianensis,Olacaceae,585584.3182,9819737.589,0.77,14.43570615,99.2,37.43,26.27,A,O,2,38.86
FST_A01,21,Tetragastris panamensis,Burseraceae,585587.8999,9819735.703,0.732202857,0.285195914,18.4,22.6,14.49,A,O,2,16.25
FST_A01,22,Eschweilera ovata,Lecythidaceae,585572.5065,9819745.082,0.9,0.119411622,13.3,14.74,9.46,A,O,2,13.02
FST_A01,23,Helicostylis sp.,Moraceae,585572.3562,9819745.527,0.652522564,1.773823913,36.5,40.09,27.26,A,O,2,24.79
FST_A01,24,Clarisia racemosa,Moraceae,585589.9356,9819734.432,0.585417648,2.489878162,45.5,40.36,31.83,A,O,2,27.91
FST_A01,25,Pouteria guianensis,Sapotaceae,585588.1379,9819746.553,0.929561667,2.559084347,41.0,32.18,21.87,A,O,2,26.42
FST_A01,26,Manilkara amazonica,Sapotaceae,585569.7951,9819758.125,0.883636668,7.379420242,67.5,36.01,23.57,A,O,2,33.63
FST_A01,27,Mouriri collocarpa,Melastomataceae,585560.7621,9819755.81,0.833333333,2.48161596,38.9,38.66,26.29,A,O,2,25.68
FST_A01,28,Dipteryx odorata,Fabaceae,585564.5993,9819761.487,0.92,16.40098068,93.0,40.49,20.11,A,O,2,38.04
FST_A01,29,Swartzia laevicarpa,Fabaceae,585554.9464,9819756.516,0.613,1.600814491,35.0,41.88,28.41,A,O,2,24.21
FST_A01,30,NI,NI,585552.458,9819755.496,0.64,0.147635216,17.3,15.14,10.59,A,O,2,15.59
FST_A01,31,Tetragastris panamensis,Burseraceae,585550.6768,9819756.609,0.732202857,0.052529461,11.4,10.85,7.36,A,O,2,11.67
FST_A01,32,Manilkara amazonica,Sapotaceae,585569.9168,9819782.854,0.883636668,5.084432247,62.1,29.31,19.06,A,O,2,32.43
FST_A01,33,Pseudopiptadenia psilostachya,Fabaceae,585570.9539,9819782.557,0.67,3.003521905,45.9,41.8,23.61,A,O,2,28.04
FST_A01,34,Guatteria schomburgkiana,Annonaceae,585575.4175,9819781.759,0.6,3.196894594,47.7,46.01,30.93,A,O,2,28.6
FST_A01,36,Anacardium spruceanum,Anacardiaceae,585579.8768,9819777.804,0.479166667,2.21667482,50.0,36.35,26.21,A,O,2,29.28
FST_A01,37,Luehea speciosa,Malvaceae,585568.8753,9819779.994,0.507,2.924725882,55.0,37.47,27.73,A,O,2,30.67
FST_A01,38,Clarisia racemosa,Moraceae,585596.1105,9819785.217,0.585417648,1.081528416,41.1,21.49,13.79,A,O,2,26.46
FST_A01,39,Swartzia laevicarpa,Fabaceae,585565.0281,9819748.465,0.613,2.191602188,47.7,30.87,15.86,A,O,2,28.6
FST_A01,40,Guatteria schomburgkiana,Annonaceae,585459.9502,9819814.682,0.6,0.111273191,12.1,24.89,17.64,A,O,3,12.18
FST_A01,41,Sacoglottis guianensis,Humiriaceae,585456.3229,9819817.172,0.84,0.080372868,12.2,12.63,9.04,A,O,3,12.25
FST_A01,42,Diplotropis sp.,Fabaceae,585449.527,9819819.671,0.749567333,0.163529193,17.1,14.66,12.45,A,O,3,15.47
FST_A01,43,Parkia paraensis,Fabaceae,585430.9665,9819835.546,0.41,0.111100452,19.0,14.75,10.08,A,O,3,16.6
FST_A01,44,Goupia glabra,Goupiaceae,585437.2211,9819847.147,0.7272025,5.860776747,66.0,36.35,24.61,A,O,3,33.31
FST_A01,45,,,585439.033,9819844.699,0.58,1.035862068,41.9,31.39,,D,O,3,26.73
FST_A01,47,,,585449.1311,9819866.666,0.58,1.458547436,60.0,19.82,,D,O,3,31.94
FST_A01,48,Jacaranda copaia,Bignoniaceae,585447.6455,9819866.482,0.353578132,1.246593557,48.5,29.45,25.97,A,O,3,28.84
FST_A01,49,Brosimum rubescens,Moraceae,585456.8853,9819864.955,0.825151429,7.479408198,68.7,37.73,21.39,A,O,3,33.89
FST_A01,50,Manilkara huberi,Sapotaceae,585470.5817,9819863.98,0.93,14.75073523,85.7,42.43,31.02,A,O,3,36.96
FST_A01,51,Dipteryx sp.,Fabaceae,585462.9738,9819852.345,0.913,4.69743116,59.5,28.55,16.3,A,O,3,31.81
FST_A01,52,Guatteria schomburgkiana,Annonaceae,585470.23,9819848.566,0.6,1.830089177,43.0,32.41,22.4,A,O,3,27.1
FST_A01,53,Vismia floribunda,Hypericaceae,585467.4085,9819837.257,0.469625714,2.332904252,55.7,31.46,25.62,A,O,3,30.85
FST_A01,54,Tapirira guianensis,Anacardiaceae,585471.5287,9819833.224,0.457009167,1.739640099,54.7,24.99,20.82,A,O,3,30.59
FST_A01,55,Micropholis acutangula,Sapotaceae,585466.0742,9819827.336,0.65,1.836287272,41.4,32.38,22.13,A,O,3,26.56
FST_A01,56,Dialium guianense,Fabaceae,585459.9688,9819827.915,0.890242424,4.129219934,51.4,34.49,23.65,A,O,3,29.68
FST_A01,57,Qualea paraensis,Vochysiaceae,585334.705,9819897.619,0.689333333,0.231151743,16.1,25.42,16.15,A,O,4,14.85
FST_A01,58,Tetragastris panamensis,Burseraceae,585334.5626,9819899.557,0.732202857,0.051050188,11.1,11.12,7.33,A,O,4,11.45
FST_A01,59,,,585332.534,9819900.145,0.6,0.039624199,11.3,13.73,,D,O,4,11.6
FST_A01,60,Protium paniculatum,Burseraceae,585327.5184,9819902.158,0.49,0.037034502,10.0,14.85,12.82,A,O,4,10.62
FST_A01,61,Lecythis lurida,Lecythidaceae,585322.9528,9819905.042,0.83,0.413785102,20.1,24.24,21.1,A,O,4,17.22
FST_A01,62,Parkia paraensis,Fabaceae,585319.9239,9819906.147,0.41,0.331025137,23.3,29.22,17.88,A,O,4,18.94
FST_A01,63,Protium paniculatum,Burseraceae,585316.639,9819910.185,0.49,0.15279234,18.7,17.52,15.67,A,O,4,16.42
FST_A01,64,,,585319.2872,9819909.667,0.6,0.05191555,17.1,6.94,,D,O,4,15.47
FST_A01,65,Pouteria sp.,Sapotaceae,585319.1454,9819910.912,0.781766198,4.47626428,59.6,31.67,18.74,A,O,4,31.84
FST_A01,66,Parkia paraensis,Fabaceae,585321.6785,9819913.47,0.41,0.870811102,39.9,26.21,19.66,A,O,4,26.04
FST_A01,67,Thyrsodium paraense,Anacardiaceae,585317.8199,9819912.904,0.613333333,0.08259152,11.9,18.68,14.86,A,O,4,12.03
FST_A01,68,Ocotea sp.,Lauraceae,585308.9997,9819917.32,0.500567938,1.841524035,45.7,34.61,22.65,A,O,4,27.98
FST_A01,69,Guarea guidonia,Meliaceae,585306.6073,9819914.904,0.54763,0.033176519,10.9,10.02,10.43,A,O,4,11.3
FST_A01,70,Protium paniculatum,Burseraceae,585305.62,9819916.682,0.49,0.069795537,13.0,16.56,9.8,A,O,4,12.81
FST_A01,71,Nectandra cuspidata,Lauraceae,585301.1787,9819922.606,0.56,0.090609017,12.6,20.02,15.95,A,O,4,12.53
FST_A01,72,Ocotea sp.,Lauraceae,585315.7524,9819926.914,0.500567938,2.04842001,46.6,37.02,22.65,A,O,4,28.26
FST_A01,73,,,585324.9108,9819922.285,0.6,0.855212548,38.5,29.3,23.0,D,O,4,25.53
FST_A01,74,Protium paniculatum,Burseraceae,585322.9306,9819932.775,0.49,1.342839898,37.2,38.91,22.07,A,O,4,25.05
FST_A01,75,Pouteria gongrijpii,Sapotaceae,585320.536,9819933.133,0.799402922,2.585096114,46.3,29.64,22.22,A,O,4,28.17
FST_A01,76,,,585317.2959,9819934.024,0.6,0.362787974,57.4,3.87,,D,O,4,31.29
FST_A01,77,NI,NI,585312.7848,9819939.184,0.62,1.131548124,35.0,29.27,22.63,A,O,4,24.21
FST_A01,78,Pouteria gongrijpii,Sapotaceae,585311.7975,9819940.962,0.799402922,1.905837545,40.8,28.14,20.34,A,O,4,26.35
FST_A01,79,Dinizia excelsa,Fabaceae,585323.0613,9819945.398,0.93935,2.140715518,40.0,27.98,20.08,A,O,4,26.07
FST_A01,80,Nectandra cuspidata,Lauraceae,585330.5232,9819948.77,0.56,1.347243821,40.7,28.53,25.05,A,O,4,26.32
FST_A01,81,Guatteria schomburgkiana,Annonaceae,585331.9416,9819936.324,0.6,1.570727696,37.4,36.77,26.84,A,O,4,25.13
FST_A01,82,Goupia glabra,Goupiaceae,585346.0199,9819943.602,0.7272025,6.100756445,61.0,44.29,21.45,A,O,4,32.17
FST_A01,83,Glycydendron amazonicum,Euphorbiaceae,585348.7149,9819919.955,0.67,1.867630509,41.0,32.58,26.09,A,O,4,26.42
FST_A01,84,Guatteria schomburgkiana,Annonaceae,585332.9345,9819927.612,0.6,2.444467064,51.9,29.72,20.41,A,O,4,29.82
FST_A01,85,Manilkara huberi,Sapotaceae,585339.0002,9819915.696,0.93,4.273715994,51.7,33.78,25.46,A,O,4,29.77
FST_A01,86,,,585333.093,9819905.567,0.45,0.318729521,39.1,12.0,,D,O,4,25.75
FST_A01,1,Zygia racemosa,Fabaceae,587340.8683,9822460.032,0.75,0.273355921,18.4,21.15,14.77,A,O,1,16.25
FST_A01,2,,,587341.1722,9822462.717,0.6,0.151248364,18.4,21.43,,D,O,1,16.25
FST_A01,3,Annona exsucca,Annonaceae,587337.7124,9822450.426,0.4424,0.049730101,10.9,18.59,7.99,A,O,1,11.3
FST_A01,4,Chrysophyllum sanguinolentum,Sapotaceae,587336.9323,9822449.541,0.671418932,0.092292138,14.2,13.39,4.53,A,O,1,13.62
FST_A01,5,Zygia racemosa,Fabaceae,587332.8325,9822450.7,0.75,0.596100903,24.8,25.39,16.36,A,O,1,19.7
FST_A01,6,Mayna odorata,Flacourtiaceae,587330.9761,9822445.929,0.62,0.036317055,10.3,10.85,7.98,A,O,1,10.85
FST_A01,7,Eschweilera coriacea,Lecythidaceae,587330.2038,9822444.729,0.852013744,0.12147695,12.8,17.1,11.8,A,O,1,12.67
FST_A01,8,Astrocaryum murumuru,Arecaceae,587331.5702,9822441.849,,0.038167267,13.1,18.64,12.68,A,P,1,12.88
FST_A01,9,Maquira sclerophylla,Moraceae,587328.6863,9822441.227,0.53,0.09599501,15.2,15.4,10.44,A,O,1,14.28
FST_A01,10,Strychnos subcordata,Loganiaceae,587323.8957,9822437.88,0.54,0.151631476,16.0,21.55,15.2,A,O,1,14.79
FST_A01,11,Astrocaryum murumuru,Arecaceae,587322.0393,9822433.11,,0.037092266,12.9,9.31,4.4,A,P,1,12.74
FST_A01,12,,,587320.1621,9822426.685,0.58,0.045121124,16.9,6.27,,D,O,1,15.35
FST_A01,13,Pouteria gongrijpii,Sapotaceae,587317.068,9822427.081,0.799402922,0.074416646,11.0,15.11,10.17,A,O,1,11.38
FST_A01,14,Eschweilera grandifolia,Lecythidaceae,587317.5821,9822428.747,0.876,4.774228319,71.5,20.94,10.57,A,O,1,34.45
FST_A01,16,Endopleura uchi,Humiriaceae,587315.4201,9822431.371,0.771796039,8.693868391,74.3,40.09,26.53,A,O,1,35.0
FST_A01,17,Laetia procera,Salicaceae,587312.9154,9822432.885,0.633026084,2.958764002,47.3,41.04,30.38,A,O,1,28.48
FST_A01,18,Goupia glabra,Goupiaceae,587311.5691,9822442.458,0.7272025,8.391916192,75.1,40.2,27.7,A,O,1,35.15
FST_A01,19,Cordia scabrifolia,Boraginaceae,587315.0888,9822442.309,0.474,1.984372657,46.0,38.87,27.46,A,O,1,28.07
FST_A01,20,Pouteria gongrijpii,Sapotaceae,587298.8545,9822462.777,0.799402922,1.596048413,35.6,30.95,22.88,A,O,1,24.44
FST_A01,21,Geissospermum sericeum,Apocynaceae,587291.3343,9822457.551,0.782,2.7667813,51.4,26.31,18.17,A,O,1,29.68
FST_A01,22,Eschweilera grandifolia,Lecythidaceae,587291.9314,9822458.354,0.876,8.897310996,66.5,45.12,27.72,A,O,1,33.42
FST_A01,23,Diplotropis sp.,Fabaceae,587291.8538,9822461.502,0.749567333,3.158053982,51.8,30.85,22.8,A,O,1,29.8
FST_A01,24,Swartzia corrugata,Fabaceae,587297.8246,9822469.523,1.0565,4.81459421,52.0,33.11,14.82,A,O,1,29.85
FST_A01,25,Geissospermum sericeum,Apocynaceae,587306.1686,9822456.342,0.782,2.941713225,53.0,26.31,15.17,A,O,1,30.13
FST_A01,26,Lecythis lurida,Lecythidaceae,587319.8476,9822451.955,0.83,4.903426901,64.3,28.07,19.35,A,O,1,32.94
FST_A01,27,Pouteria hispida,Sapotaceae,587329.7889,9822449.05,0.87,2.465995784,42.7,30.54,20.66,A,O,1,27.0
FST_A01,28,Cordia scabrifolia,Boraginaceae,587328.8008,9822459.105,0.474,1.74783196,48.0,31.44,28.45,A,O,1,28.69
FST_A01,29,Tetragastris altissima,Burseraceae,587315.2413,9822463.653,0.707804286,3.008313776,49.0,34.78,22.99,A,O,1,28.99
FST_A01,30,Enterolobium schomburgkii,Fabaceae,587307.5719,9822474.488,0.711902716,4.598523912,58.2,37.47,24.11,A,O,1,31.49
FST_A01,31,Licania octandra,Chrysobalanaceae,587304.3537,9822479.921,0.825,3.23019604,44.3,39.2,25.15,A,O,1,27.53
FST_A01,32,Parkia paraensis,Fabaceae,587309.9214,9822479.271,0.41,1.117113963,39.5,34.31,28.11,A,O,1,25.89
FST_A01,33,Manilkara amazonica,Sapotaceae,587316.5281,9822486.521,0.883636668,8.989433101,80.1,31.15,26.39,A,O,1,36.04
FST_A01,34,Geissospermum sericeum,Apocynaceae,587316.6894,9822489.99,0.782,1.225062698,37.2,22.24,12.33,A,O,1,25.05
FST_A01,35,Geissospermum sericeum,Apocynaceae,587317.9014,9822488.366,0.782,1.62658838,38.6,27.43,13.36,A,O,1,25.57
FST_A01,36,Zygia racemosa,Fabaceae,587315.6774,9822493.509,0.75,1.793773818,42.6,25.89,19.27,A,O,1,26.97
FST_A01,37,Aspidosperma nitidum,Apocynaceae,587328.4546,9822478.153,0.763327689,14.71904552,101.0,37.14,25.26,A,O,1,39.09
FST_A01,38,Inga thibaudiana,Fabaceae,587248.8915,9822352.637,0.576407927,0.269702687,20.9,21.04,13.78,A,O,2,17.67
FST_A01,39,,,587244.5163,9822355.141,0.6,1.171316155,77.0,7.9,,D,O,2,35.49
FST_A01,40,Geissospermum sericeum,Apocynaceae,587241.838,9822348.824,0.782,0.453552285,27.4,15.18,6.59,A,O,2,20.95
FST_A01,41,Oenocarpus bacaba,Arecaceae,587236.2011,9822342.584,,0.023982194,10.2,10.58,2.62,A,P,2,10.78
FST_A01,42,Xylopia cayennensis,Annonaceae,587235.2412,9822342.973,0.57,0.168960426,16.9,20.39,18.41,A,O,2,15.35
FST_A01,43,Thyrsodium paraense,Anacardiaceae,587237.0188,9822337.555,0.613333333,0.529490446,26.3,24.52,13.23,A,O,2,20.43
FST_A01,44,Virola elongata,Myristicaceae,587235.2779,9822335.107,0.52,0.496537977,27.0,25.73,19.55,A,O,2,20.76
FST_A01,45,Geissospermum sericeum,Apocynaceae,587229.6025,9822334.421,0.782,1.255106881,35.4,25.16,11.37,A,O,2,24.36
FST_A01,46,Dialium guianense,Fabaceae,587221.3498,9822324.254,0.890242424,0.828196179,26.2,26.63,14.78,A,O,2,20.38
FST_A01,47,Xylopia cayennensis,Annonaceae,587218.1459,9822320.546,0.57,0.093560427,12.4,20.97,14.46,A,O,2,12.39
FST_A01,48,Tetragastris panamensis,Burseraceae,587217.3631,9822315.396,0.732202857,0.135467842,14.0,18.55,9.92,A,O,2,13.49
FST_A01,50,Pseudopiptadenia suaveolens,Fabaceae,587226.5814,9822332.107,0.679712857,10.9260771,81.3,47.78,30.75,A,O,2,36.24
FST_A01,51,Geissospermum sericeum,Apocynaceae,587219.4588,9822338.757,0.782,3.44651928,57.5,26.19,17.8,A,O,2,31.32
FST_A01,52,Geissospermum sericeum,Apocynaceae,587219.7819,9822342.479,0.782,15.30263066,96.0,41.72,26.34,A,O,2,38.45
FST_A01,53,Abarema jupunba,Fabaceae,587219.3271,9822346.829,0.585128571,1.122524119,37.7,26.52,13.99,A,O,2,25.24
FST_A01,54,Geissospermum sericeum,Apocynaceae,587208.3442,9822340.665,0.782,1.953797775,43.8,25.59,17.41,A,O,2,27.37
FST_A01,55,Luehea speciosa,Malvaceae,587206.2726,9822346.192,0.507,3.257411684,62.0,32.84,21.45,A,O,2,32.41
FST_A01,56,Quiina florida,Quiinaceae,587209.1222,9822340.037,0.728,1.883312728,42.0,28.81,15.49,A,O,2,26.77
FST_A01,57,Geissospermum sericeum,Apocynaceae,587202.1913,9822327.647,0.782,2.854276226,53.6,24.96,14.62,A,O,2,30.29
FST_A01,58,Maquira sclerophylla,Moraceae,587200.0386,9822339.663,0.53,1.122705719,41.7,23.93,16.5,A,O,2,26.66
FST_A01,59,,,587219.9433,9822349.287,0.7,0.681442344,47.5,11.0,,D,O,2,28.54
FST_A01,60,Pouteria gongrijpii,Sapotaceae,587239.8786,9822354.004,0.799402922,1.248250544,36.2,23.41,13.91,A,O,2,24.67
FST_A01,62,Xylopia cayennensis,Annonaceae,587143.2251,9822241.063,0.57,1.035059497,34.0,30.86,27.99,A,O,3,23.81
FST_A01,63,Sapium marmieri,Euphorbiaceae,587139.6468,9822237.049,0.41,0.949348877,37.9,31.67,26.04,A,O,3,25.31
FST_A01,64,Xylopia cayennensis,Annonaceae,587141.0004,9822232.268,0.57,0.152992057,14.9,23.75,18.76,A,O,3,14.08
FST_A01,65,Oenocarpus bacaba,Arecaceae,587139.4112,9822233.468,,0.024420644,10.3,12.8,6.6,A,P,3,10.85
FST_A01,66,Xylopia sp.,Annonaceae,587135.7537,9822231.969,0.570128696,0.290344535,21.3,22.05,15.82,A,O,3,17.88
FST_A01,67,Tachigali alba,Fabaceae,587131.5912,9822222.119,0.560284357,0.064254545,11.0,18.62,17.35,A,O,3,11.38
FST_A01,68,Virola elongata,Myristicaceae,587129.5153,9822222.684,0.52,0.397801601,25.3,23.48,17.37,A,O,3,19.95
FST_A01,69,Xylopia sp.,Annonaceae,587128.5189,9822220.892,0.570128696,0.06532113,12.1,15.37,9.45,A,O,3,12.18
FST_A01,70,Geissospermum sericeum,Apocynaceae,587124.4144,9822217.501,0.782,3.818115872,60.0,26.65,19.28,A,O,3,31.94
FST_A01,71,Aspidosperma spruceanum,Apocynaceae,587122.799,9822214.247,0.753333333,0.031990802,12.4,5.43,,A,O,3,12.39
FST_A01,72,,,587123.4363,9822213.115,0.45,1.054699959,60.5,17.82,13.74,D,O,3,32.06
FST_A01,73,Lecythis idatimon,Lecythidaceae,587120.6005,9822209.906,0.818,0.077915508,11.7,13.67,11.15,A,O,3,11.89
FST_A01,74,Garcinia madruno,Clusiaceae,587118.2928,9822205.258,0.73,0.087619603,12.4,15.34,10.76,A,O,3,12.39
FST_A01,75,,,587100.2097,9822219.964,0.6,9.146714711,114.0,37.36,,D,O,3,40.54
FST_A01,76,Couepia robusta,Chrysobalanaceae,587113.7029,9822216.292,0.83,4.736395694,55.3,36.66,22.91,A,O,3,30.75
FST_A01,77,Endopleura uchi,Humiriaceae,587112.6989,9822228.076,0.771796039,3.826256598,54.7,32.55,24.48,A,O,3,30.59
FST_A01,78,Aspidosperma nitidum,Apocynaceae,587111.7141,9822231.702,0.763327689,6.347133455,71.7,31.78,22.11,A,O,3,34.49
FST_A01,79,Astronium gracile,Anacardiaceae,587111.5886,9822233.175,0.73,7.688587552,70.7,41.4,27.37,A,O,3,34.29
FST_A01,80,Pouteria gongrijpii,Sapotaceae,587110.2465,9822233.061,0.799402922,1.616274768,36.8,29.33,21.72,A,O,3,24.9
FST_A01,81,Virola sebifera,Myristicaceae,587098.0615,9822225.346,0.45,2.169916058,50.2,37.59,25.22,A,O,3,29.34
FST_A01,82,Manilkara huberi,Sapotaceae,587089.0243,9822228.285,0.93,8.49569425,69.0,37.7,19.52,A,O,3,33.95
FST_A01,83,Goupia glabra,Goupiaceae,587095.5708,9822246.648,0.7272025,2.10749576,47.0,25.77,15.47,A,O,3,28.38
FST_A01,85,Pouteria gongrijpii,Sapotaceae,587107.5048,9822257.31,0.799402922,1.661513345,38.4,27.69,14.69,A,O,3,25.5
FST_A01,86,Nectandra cuspidata,Lauraceae,587113.356,9822260.034,0.56,2.15865278,45.9,35.95,24.56,A,O,3,28.04
FST_A01,87,Pouteria gongrijpii,Sapotaceae,587108.6151,9822252.211,0.799402922,2.184429328,40.5,32.73,18.87,A,O,3,26.25
FST_A01,88,Endopleura uchi,Humiriaceae,587110.4592,9822246.433,0.771796039,2.438011653,42.4,34.52,29.14,A,O,3,26.9
FST_A01,89,Guatteria schomburgkiana,Annonaceae,587110.3529,9822239.747,0.6,2.04962055,39.6,42.8,35.19,A,O,3,25.93
FST_A01,90,Pouteria gongrijpii,Sapotaceae,587126.0622,9822253.697,0.799402922,2.747652361,45.6,32.47,19.63,A,O,3,27.95
FST_A01,91,Pseudopiptadenia suaveolens,Fabaceae,587129.1151,9822252.77,0.679712857,1.29795208,41.0,22.32,14.89,A,O,3,26.42
FST_A01,92,Aspidosperma nitidum,Apocynaceae,587127.2979,9822247.126,0.763327689,6.890719421,65.4,41.46,30.69,A,O,3,33.18
FST_A01,93,Geissospermum sericeum,Apocynaceae,587124.382,9822241.684,0.782,3.048842713,57.0,23.58,15.25,A,O,3,31.19
FST_A01,94,Inga alba,Fabaceae,587118.8881,9822242.7,0.586080352,1.255958607,38.4,28.55,19.68,A,O,3,25.5
FST_A01,95,Hymenolobium petraeum,Fabaceae,587140.9697,9822245.323,0.713,1.378001689,35.7,29.79,16.59,A,O,3,24.48
FST_A01,96,Simarouba amara,Simaroubaceae,587131.237,9822232.623,0.378408363,1.979517573,49.7,41.61,34.12,A,O,3,29.19
FST_A01,97,Pouteria hispida,Sapotaceae,587043.4594,9822125.567,0.87,0.960974927,30.8,22.88,18.94,A,O,4,22.48
FST_A01,98,Oenocarpus bacaba,Arecaceae,587039.9809,9822122.029,,0.065349123,17.5,15.88,11.54,A,P,4,15.71
FST_A01,99,Nectandra cuspidata,Lauraceae,587038.7713,9822120.982,0.56,0.095281469,13.3,18.9,13.33,A,O,4,13.02
FST_A01,100,Ocotea canaliculata,Lauraceae,587037.0283,9822117.369,0.479426667,0.619238046,29.6,28.96,18.28,A,O,4,21.95
FST_A01,101,Virola sebifera,Myristicaceae,587033.0792,9822114.344,0.45,2.010156201,49.8,35.39,25.6,A,O,4,29.22
FST_A01,102,Nectandra cuspidata,Lauraceae,587024.8967,9822107.653,0.56,0.205454258,20.5,17.15,13.52,A,O,4,17.45
FST_A01,103,Lecythis pisonis,Lecythidaceae,587015.6804,9822102.826,0.852360511,0.542028183,24.2,21.33,14.67,A,O,4,19.4
FST_A01,104,Ormosia coccinea,Fabaceae,587014.5527,9822095.673,0.625,0.269119583,20.5,20.13,17.2,A,O,4,17.45
FST_A01,107,Eschweilera coriacea,Lecythidaceae,587004.0007,9822111.111,0.852013744,2.553798572,44.8,29.34,23.39,A,O,4,27.69
FST_A01,108,Guatteria schomburgkiana,Annonaceae,587012.1247,9822116.832,0.6,1.195853347,37.4,27.99,20.02,A,O,4,25.13
FST_A01,109,Laetia procera,Salicaceae,587014.0199,9822121.102,0.633026084,1.143100826,36.3,26.92,16.97,A,O,4,24.71
FST_A01,110,Cordia scabrifolia,Boraginaceae,587011.0069,9822123.749,0.474,1.27867486,40.3,32.63,26.83,A,O,4,26.18
FST_A01,111,,,586997.5912,9822113.446,0.6,0.200868199,35.7,6.0,,D,O,4,24.48
FST_A01,112,Maquira sclerophylla,Moraceae,586993.6629,9822129.758,0.53,1.689821665,48.0,27.19,20.35,A,O,4,28.69
FST_A01,114,Nectandra cuspidata,Lauraceae,587010.6451,9822131.321,0.56,1.431155198,39.9,31.54,20.84,A,O,4,26.04
FST_A01,115,Pouteria gongrijpii,Sapotaceae,587015.7775,9822150.222,0.799402922,5.311855673,58.7,37.89,28.04,A,O,4,31.62
FST_A01,117,Lecythis lurida,Lecythidaceae,587023.7097,9822154.462,0.83,4.217349334,54.0,34.23,24.18,A,O,4,30.4
FST_A01,118,Pouteria sp.,Sapotaceae,587021.9845,9822141.14,0.781766198,6.087380304,63.9,37.47,24.98,A,O,4,32.85
FST_A01,119,Alexa grandiflora,Fabaceae,587033.6642,9822132.855,0.64,4.954163444,67.2,33.68,27.59,A,O,4,33.57
