site,tree_id,scientific_name,family_name,utm_easting,utm_northing,type,dbh_2014,dead_2014,hcom_2014,htot_2014,dbh_2016,dead_2016,plot_id,htot_feldpausch
SAN_A01,1,Sloanea guianensis,Elaeocarpaceae,735903.0405,9669925.923,O,10.8,False,2.47,3.38,,True,1,
SAN_A01,2,Cecropia ficifolia,Urticaceae,735901.5968,9669928.078,O,16.4,False,11.52,13.19,17.2,False,1,15.53
SAN_A01,3,Inga alba,Fabaceae,735898.1384,9669926.374,O,31.0,False,9.48,24.19,33.7,False,1,23.69
SAN_A01,4,Guatteria schomburgkiana,Annonaceae,735894.0366,9669926.751,O,10.2,False,9.51,14.17,,True,1,
SAN_A01,5,Pouteria guianensis,Sapotaceae,735893.9963,9669928.783,O,11.6,False,4.3,9.39,12.2,False,1,12.25
SAN_A01,6,Jacaranda copaia,Bignoniaceae,735889.1038,9669926.188,O,21.0,False,14.86,18.36,22.2,False,1,18.37
SAN_A01,7,Jacaranda copaia,Bignoniaceae,735888.4342,9669927.266,O,14.2,False,14.75,17.47,14.2,False,1,13.62
SAN_A01,8,Jacaranda copaia,Bignoniaceae,735888.2032,9669926.27,O,21.1,False,14.84,22.03,21.4,False,1,17.94
SAN_A01,9,Sloanea guianensis,Elaeocarpaceae,735887.8983,9669925.485,O,13.8,False,3.65,10.36,,True,1,
SAN_A01,10,Cecropia ficifolia,Urticaceae,735879.5629,9669929.102,O,20.7,False,4.91,5.67,20.6,False,1,17.5
SAN_A01,11,Sloanea guianensis,Elaeocarpaceae,735879.5026,9669929.414,O,11.1,False,1.36,2.73,,True,1,
SAN_A01,12,Neea oppositifolia,Nyctaginaceae,735874.2951,9669930.612,O,10.7,False,3.24,4.8,10.8,False,1,11.23
SAN_A01,13,Sloanea guianensis,Elaeocarpaceae,735869.7293,9669932.061,O,13.4,False,9.27,13.6,16.5,False,1,15.1
SAN_A01,14,Stryphnodendron pulcherrimum,Fabaceae,735871.9291,9669931.856,O,23.0,False,9.49,14.36,24.0,False,1,19.3
SAN_A01,15,Cecropia ficifolia,Urticaceae,735860.422,9669929.84,O,26.1,False,11.68,19.06,27.3,False,1,20.91
SAN_A01,16,Pouteria sp.,Sapotaceae,735858.1846,9669929.016,O,10.2,False,2.96,4.97,11.2,False,1,11.53
SAN_A01,17,Cecropia ficifolia,Urticaceae,735856.4562,9669928.968,O,10.3,False,7.91,10.67,10.4,False,1,10.93
SAN_A01,18,Pouteria sp.,Sapotaceae,735874.8627,9669965.41,O,55.2,False,17.02,28.77,54.5,False,1,30.54
SAN_A01,19,Simarouba amara,Simaroubaceae,735874.138,9669967.543,O,44.5,False,12.76,24.23,47.6,False,1,28.57
SAN_A01,20,Pradosia cochlearia,Sapotaceae,735897.7603,9669947.7,O,51.3,False,16.06,27.47,53.0,False,1,30.13
SAN_A01,21,Inga alba,Fabaceae,735900.8789,9669948.398,O,35.6,False,12.78,23.85,36.1,False,1,24.63
SAN_A01,22,,,735900.6584,9669954.506,O,59.1,True,0.59,29.12,,True,1,
SAN_A01,23,Pouteria retinervis,Sapotaceae,735903.4822,9669945.096,O,39.7,False,12.45,19.34,36.0,False,1,24.6
SAN_A01,24,Inga alba,Fabaceae,735906.0889,9669941.801,O,40.3,False,10.56,22.77,42.8,False,1,27.04
SAN_A01,25,,,735751.3879,9669945.475,O,18.6,True,1.03,6.42,,True,2,
SAN_A01,26,Inga alba,Fabaceae,735748.2612,9669946.987,O,18.0,False,14.9,20.84,18.7,False,2,16.42
SAN_A01,27,Inga thibaudiana,Fabaceae,735747.8537,9669945.959,O,14.8,False,13.27,19.95,14.7,False,2,13.95
SAN_A01,28,Cecropia ficifolia,Urticaceae,735745.0623,9669949.58,O,24.2,False,18.69,25.26,24.4,False,2,19.5
SAN_A01,29,Cecropia ficifolia,Urticaceae,735741.3692,9669947.921,O,36.0,False,15.17,26.31,37.2,False,2,25.05
SAN_A01,30,Inga thibaudiana,Fabaceae,735737.58,9669946.079,O,19.8,False,11.42,20.4,20.0,False,2,17.17
SAN_A01,31,Jacaranda copaia,Bignoniaceae,735736.2096,9669946.482,O,13.6,False,16.12,17.82,,True,2,
SAN_A01,32,Sloanea guianensis,Elaeocarpaceae,735731.6015,9669950.306,O,11.1,False,2.45,6.98,,True,2,
SAN_A01,33,Inga thibaudiana,Fabaceae,735724.1439,9669947.201,O,17.5,False,6.6,14.46,,True,2,
SAN_A01,34,Jacaranda copaia,Bignoniaceae,735716.1493,9669949.252,O,11.5,False,17.74,20.31,,True,2,
SAN_A01,35,Cecropia ficifolia,Urticaceae,735714.5705,9669949.47,O,28.3,False,9.2,17.79,,True,2,
SAN_A01,36,Cecropia ficifolia,Urticaceae,735724.4717,9669976.463,O,39.7,False,18.67,26.29,39.3,False,2,25.82
SAN_A01,37,,,735724.1389,9669983.819,O,49.6,True,0.36,12.31,,True,2,
SAN_A01,38,Cecropia ficifolia,Urticaceae,735729.6841,9669990.648,O,36.8,False,15.55,26.29,,True,2,
SAN_A01,39,Eschweilera coriacea,Lecythidaceae,735740.8282,9669992.867,O,37.1,False,15.26,23.08,37.8,False,2,25.28
SAN_A01,41,Eschweilera coriacea,Lecythidaceae,735746.6505,9669974.159,O,53.4,False,19.04,25.02,54.2,False,2,30.46
SAN_A01,42,Cecropia ficifolia,Urticaceae,735737.6419,9669971.904,O,37.9,False,12.23,24.62,37.0,False,2,24.98
SAN_A01,43,Dimorphandra macrostachya,Fabaceae,735747.9567,9669968.64,O,37.6,False,16.65,28.49,42.3,False,2,26.87
SAN_A01,44,Pseudopiptadenia suaveolens,Fabaceae,735749.3636,9669964.166,O,63.0,False,28.26,44.77,63.0,False,2,32.64
SAN_A01,45,Jacaranda copaia,Bignoniaceae,735606.0347,9669962.225,O,18.2,False,18.85,21.37,18.8,False,3,16.48
SAN_A01,46,Schefflera morototoni,Araliaceae,735605.5713,9669966.478,O,11.9,False,15.04,17.69,12.7,False,3,12.6
SAN_A01,47,Jacaranda copaia,Bignoniaceae,735600.43,9669963.302,O,12.5,False,16.48,19.24,12.7,False,3,12.6
SAN_A01,48,Cecropia ficifolia,Urticaceae,735600.4912,9669962.978,O,15.7,False,12.95,15.23,17.6,False,3,15.77
SAN_A01,49,Cecropia ficifolia,Urticaceae,735599.4525,9669964.806,O,27.4,False,13.67,29.04,32.2,False,3,23.07
SAN_A01,50,Helicostylis sp.,Moraceae,735593.2042,9669965.241,O,30.6,False,19.53,25.03,31.2,False,3,22.65
SAN_A01,51,Helicostylis sp.,Moraceae,735594.8494,9669966.922,O,38.3,False,20.64,27.59,39.3,False,3,25.82
SAN_A01,52,Minquartia guianensis,Olacaceae,735601.1379,9669962.89,O,35.9,False,6.67,18.18,36.6,False,3,24.82
SAN_A01,53,Iryanthera paraensis,Myristicaceae,735583.9456,9669966.618,O,26.2,False,16.9,22.91,26.5,False,3,20.53
SAN_A01,54,Pouteria sp.,Sapotaceae,735578.3174,9669965.988,O,26.9,False,12.42,22.75,27.0,False,3,20.76
SAN_A01,55,Pouteria guianensis,Sapotaceae,735577.4535,9669967.401,O,16.7,False,15.77,21.8,17.1,False,3,15.47
SAN_A01,56,Neea oppositifolia,Nyctaginaceae,735573.3282,9669966.666,O,14.5,False,10.31,16.86,14.8,False,3,14.02
SAN_A01,57,Pourouma villosa,Urticaceae,735571.6725,9669967.108,O,32.7,False,16.2,26.3,33.7,False,3,23.69
SAN_A01,58,Inga thibaudiana,Fabaceae,735565.5367,9669970.784,O,11.2,False,14.53,19.59,11.2,False,3,11.53
SAN_A01,59,Cecropia ficifolia,Urticaceae,735561.8718,9669968.221,O,17.9,False,18.01,23.05,17.7,False,3,15.83
SAN_A01,60,Cecropia ficifolia,Urticaceae,735562.3879,9669972.208,O,33.9,False,21.43,29.24,33.7,False,3,23.69
SAN_A01,61,Inga thibaudiana,Fabaceae,735563.0223,9670019.603,O,11.5,False,4.96,8.39,11.9,False,3,12.03
SAN_A01,62,Diplotropis sp.,Fabaceae,735574.7006,9669982.726,O,52.0,False,21.99,32.08,52.0,False,3,29.85
SAN_A01,63,,,735566.3192,9669994.933,O,68.7,True,0.98,3.81,,True,3,
SAN_A01,64,Cecropia ficifolia,Urticaceae,735579.0317,9670014.488,O,35.0,False,20.32,31.48,35.0,False,3,24.21
SAN_A01,65,Lecythis idatimon,Lecythidaceae,735574.9454,9670015.233,O,37.0,False,18.39,23.01,38.0,False,3,25.35
SAN_A01,66,Inga thibaudiana,Fabaceae,735570.7023,9670010.558,O,37.9,False,17.96,24.39,40.0,False,3,26.07
SAN_A01,68,Astronium graveolens,Anacardiaceae,735585.7353,9670005.736,O,61.3,False,26.39,38.2,63.4,False,3,32.73
SAN_A01,69,Goupia glabra,Goupiaceae,735597.6833,9670014.279,O,56.5,False,21.22,31.06,56.8,False,3,31.14
SAN_A01,70,Coussarea brevicaulis,Rubiaceae,735595.7135,9670002.917,O,42.0,False,13.08,24.28,42.3,False,3,26.87
SAN_A01,71,Cecropia ficifolia,Urticaceae,735608.8858,9669983.804,O,36.3,False,25.65,34.49,37.0,False,3,24.98
SAN_A01,72,Tetragastris altissima,Burseraceae,735583.4322,9669983.544,O,41.9,False,9.42,20.01,42.1,False,3,26.8
SAN_A01,73,Cecropia ficifolia,Urticaceae,735604.8608,9669973.926,O,38.0,False,25.51,31.03,38.9,False,3,25.68
SAN_A01,74,Jacaranda copaia,Bignoniaceae,735453.7679,9669988.409,O,26.4,False,22.37,29.73,28.0,False,4,21.23
SAN_A01,75,Jacaranda copaia,Bignoniaceae,735454.4411,9669985.322,O,14.2,False,16.81,20.58,14.5,False,4,13.82
SAN_A01,76,Guatteria schomburgkiana,Annonaceae,735452.6533,9669985.63,O,20.3,False,17.24,21.0,22.0,False,4,18.26
SAN_A01,77,Jacaranda copaia,Bignoniaceae,735452.7259,9669988.589,O,11.7,False,17.0,20.52,11.8,False,4,11.96
SAN_A01,78,Jacaranda copaia,Bignoniaceae,735452.8441,9669989.559,O,28.0,False,22.25,28.26,29.7,False,4,22.0
SAN_A01,79,Cecropia ficifolia,Urticaceae,735448.1365,9669986.407,O,21.1,False,17.38,21.5,21.6,False,4,18.05
SAN_A01,80,Cecropia ficifolia,Urticaceae,735441.7378,9669987.508,O,27.5,False,22.02,32.11,27.2,False,4,20.86
SAN_A01,81,Jacaranda copaia,Bignoniaceae,735441.8608,9669988.775,O,22.1,False,21.68,27.44,24.3,False,4,19.45
SAN_A01,82,Apeiba petoumo,Malvaceae,735435.8723,9669991.591,O,16.2,False,17.09,23.6,16.3,False,4,14.98
SAN_A01,83,Cecropia ficifolia,Urticaceae,735435.7856,9669991.705,O,26.7,False,23.45,29.59,27.0,False,4,20.76
SAN_A01,84,Jacaranda copaia,Bignoniaceae,735435.6586,9669991.331,O,23.7,False,20.26,28.45,25.0,False,4,19.8
SAN_A01,85,Cecropia ficifolia,Urticaceae,735433.6123,9669989.7,O,23.7,False,18.74,26.86,23.5,False,4,19.05
SAN_A01,86,,,735432.2129,9669990.139,O,12.7,True,2.12,3.98,12.7,True,4,12.6
SAN_A01,87,Rinorea racemosa,Violaceae,735425.2259,9669992.83,O,18.5,False,7.46,13.96,19.0,False,4,16.6
SAN_A01,88,Inga thibaudiana,Fabaceae,735423.1074,9669994.286,O,24.3,False,9.68,23.09,26.7,False,4,20.62
SAN_A01,89,Cecropia ficifolia,Urticaceae,735414.9499,9669995.692,O,24.4,False,23.13,28.3,24.1,False,4,19.35
SAN_A01,90,Jacaranda copaia,Bignoniaceae,735412.9339,9669995.245,O,13.3,False,12.23,16.88,,True,4,
SAN_A01,91,Jacaranda copaia,Bignoniaceae,735412.8797,9669993.467,O,29.2,False,21.89,29.57,30.5,False,4,22.35
SAN_A01,92,,,735421.2796,9669999.96,O,43.5,True,1.94,15.45,43.5,True,4,27.27
SAN_A01,93,Endlicheria sp.,Lauraceae,735413.0686,9670009.321,O,72.3,False,29.57,41.09,,True,4,
SAN_A01,94,Brosimum parinarioides,Moraceae,735422.7296,9670025.512,O,82.3,False,15.56,25.15,82.6,False,4,36.46
SAN_A01,95,Qualea paraensis,Vochysiaceae,735424.5482,9670021.226,O,70.7,False,27.12,36.58,72.4,False,4,34.63
SAN_A01,96,Goupia glabra,Goupiaceae,735444.1938,9670034.664,O,82.7,False,21.95,35.36,,True,4,
SAN_A01,97,Eschweilera coriacea,Lecythidaceae,735448.293,9670023.044,O,37.3,False,15.01,22.4,37.8,False,4,25.28
SAN_A01,98,Goupia glabra,Goupiaceae,735429.8024,9670008.408,O,42.1,False,17.39,29.39,43.2,False,4,27.17
SAN_A01,99,Minquartia guianensis,Olacaceae,735435.4544,9670004.454,O,66.4,False,14.56,24.08,66.5,False,4,33.42
SAN_A01,1,Rinorea racemosa,Violaceae,738101.9862,9666050.319,O,21.4,False,2.33,8.5,21.5,False,5,17.99
SAN_A01,2,,,738103.3904,9666047.712,O,30.0,True,,7.84,31.0,True,5,22.56
SAN_A01,3,Rinorea guianensis,Violaceae,738106.218,9666047.44,O,22.4,False,15.4,22.0,22.3,False,5,18.42
SAN_A01,4,Inga heterophylla,Fabaceae,738102.8281,9666045.153,O,18.2,False,12.42,18.8,18.8,False,5,16.48
SAN_A01,5,Lecythis idatimon,Lecythidaceae,738107.1493,9666040.969,O,13.9,False,9.99,15.84,14.0,False,5,13.49
SAN_A01,6,Rinorea racemosa,Violaceae,738109.8595,9666039.399,O,15.6,False,7.63,12.51,16.1,False,5,14.85
SAN_A01,7,Strychnos subcordata,Loganiaceae,738111.4518,9666037.276,O,23.6,False,10.64,18.67,24.0,False,5,19.3
SAN_A01,8,Inga alba,Fabaceae,738110.0661,9666034.949,O,61.6,False,17.07,32.62,63.9,False,5,32.85
SAN_A01,9,Alexa grandiflora,Fabaceae,738116.2631,9666031.675,O,11.3,False,8.51,11.83,11.8,False,5,11.96
SAN_A01,10,Cordia scabrifolia,Boraginaceae,738086.1422,9666013.616,O,39.4,False,26.36,31.03,41.0,False,5,26.42
SAN_A01,11,Xylopia nitida,Annonaceae,738085.2346,9666013.061,O,37.9,False,21.05,32.42,,True,5,
SAN_A01,12,Schefflera morototoni,Araliaceae,738090.2866,9666014.9,O,56.2,False,19.55,29.3,59.0,False,5,31.69
SAN_A01,13,Bixa arborea,Bixaceae,738078.219,9666015.057,O,35.2,False,12.97,20.29,36.0,False,5,24.6
SAN_A01,14,Handroanthus impetiginosus,Bignoniaceae,738067.569,9666031.203,O,53.4,False,23.97,36.91,54.1,False,5,30.43
SAN_A01,15,Eschweilera coriacea,Lecythidaceae,738070.8925,9666035.691,O,36.7,False,16.47,25.7,37.8,False,5,25.28
SAN_A01,16,Swartzia corrugata,Fabaceae,738074.9967,9666034.4,O,41.9,False,23.45,33.7,43.5,False,5,27.27
SAN_A01,17,Bixa arborea,Bixaceae,738079.7925,9666029.79,O,37.2,False,13.88,25.7,37.3,False,5,25.09
SAN_A01,18,Rinorea guianensis,Violaceae,738169.1414,9665929.572,O,28.3,False,11.84,24.23,,True,6,
SAN_A01,19,Pouteria gongrijpii,Sapotaceae,738172.2365,9665928.379,O,29.0,False,15.14,23.1,28.6,False,6,21.5
SAN_A01,20,Minquartia guianensis,Olacaceae,738175.1806,9665923.293,O,26.8,False,12.15,17.93,26.9,False,6,20.72
SAN_A01,21,Protium paniculatum,Burseraceae,738178.8116,9665920.416,O,16.7,False,9.15,20.22,17.7,False,6,15.83
SAN_A01,22,,,738181.6287,9665913.473,O,48.4,True,,16.41,47.5,True,6,28.54
SAN_A01,23,Guarea guidonia,Meliaceae,738181.1206,9665913.031,O,28.0,False,12.73,25.91,27.6,False,6,21.05
SAN_A01,24,Pouteria guianensis,Sapotaceae,738182.5739,9665908.259,O,30.3,False,19.57,26.76,30.6,False,6,22.39
SAN_A01,25,Trichilia micrantha,Meliaceae,738181.9514,9665907.45,O,19.8,False,12.95,23.05,19.9,False,6,17.11
SAN_A01,26,Guarea guidonia,Meliaceae,738184.7407,9665902.633,O,22.5,False,20.04,23.81,23.0,False,6,18.79
SAN_A01,27,Eschweilera coriacea,Lecythidaceae,738184.7799,9665901.059,O,52.4,False,17.49,27.28,53.0,False,6,30.13
SAN_A01,28,Pradosia cochlearia,Sapotaceae,738186.5413,9665901.783,O,12.1,False,3.3,6.53,12.0,False,6,12.11
SAN_A01,29,Tetragastris altissima,Burseraceae,738187.2573,9665902.806,O,22.7,False,14.96,22.21,22.9,False,6,18.73
SAN_A01,30,Mezilaurus itauba,Lauraceae,738187.0605,9665902.77,O,20.9,False,19.12,24.38,21.7,False,6,18.1
SAN_A01,31,Lecythis idatimon,Lecythidaceae,738189.7588,9665899.614,O,15.0,False,12.65,18.5,16.0,False,6,14.79
SAN_A01,32,Pourouma minor,Urticaceae,738194.4933,9665886.167,O,42.5,False,20.68,28.55,42.6,False,6,26.97
SAN_A01,33,Caryocar villosum,Caryocaraceae,738162.4806,9665875.562,O,130.2,False,19.41,56.94,130.3,False,6,42.01
SAN_A01,34,Minquartia guianensis,Olacaceae,738161.4471,9665877.337,O,36.6,False,16.89,24.33,36.6,False,6,24.82
SAN_A01,35,Minquartia guianensis,Olacaceae,738157.4995,9665867.242,O,52.3,False,14.56,17.35,52.4,False,6,29.96
SAN_A01,36,Hymenaea parvifolia,Fabaceae,738148.713,9665882.303,O,86.9,False,31.61,41.72,,True,6,
SAN_A01,37,Bixa arborea,Bixaceae,738145.9197,9665885.215,O,45.2,False,16.1,23.35,46.0,False,6,28.07
SAN_A01,38,Eschweilera coriacea,Lecythidaceae,738140.4434,9665896.479,O,46.9,False,19.02,31.78,47.2,False,6,28.45
SAN_A01,39,Inga thibaudiana,Fabaceae,738149.6717,9665903.191,O,46.1,False,11.49,29.05,46.6,False,6,28.26
SAN_A01,40,Pouteria gongrijpii,Sapotaceae,738160.3266,9665892.402,O,43.0,False,15.82,24.42,,True,6,
SAN_A01,41,,,738159.5022,9665895.698,O,70.8,True,,5.55,,True,6,
SAN_A01,42,Geissospermum sericeum,Apocynaceae,738159.5147,9665905.079,O,47.8,False,19.37,29.29,48.0,False,6,28.69
SAN_A01,43,Tachigali paniculata,Fabaceae,738156.722,9665908.001,O,38.8,False,16.78,24.78,41.0,False,6,26.42
SAN_A01,44,Pouteria guianensis,Sapotaceae,738153.7252,9665913.157,O,37.9,False,21.32,28.98,38.8,False,6,25.64
SAN_A01,45,Minquartia guianensis,Olacaceae,738167.4998,9665912.036,O,37.9,False,12.49,19.95,,True,6,
SAN_A01,46,Chamaecrista xinguensis,Fabaceae,738239.2723,9665779.201,O,28.0,False,12.37,23.73,,True,7,
SAN_A01,47,Cordia scabrifolia,Boraginaceae,738235.451,9665777.624,O,49.7,False,16.9,21.23,49.0,False,7,28.99
SAN_A01,48,Ormosia grossa,Fabaceae,738238.8288,9665774.456,O,11.0,False,14.49,18.29,10.7,False,7,11.15
SAN_A01,49,Pouteria gongrijpii,Sapotaceae,738240.3224,9665773.387,O,55.2,False,20.65,35.0,55.3,False,7,30.75
SAN_A01,50,Goupia glabra,Goupiaceae,738237.6776,9665772.234,O,41.8,False,21.69,34.41,41.8,False,7,26.7
SAN_A01,51,,,738241.3125,9665762.76,O,10.6,True,,3.5,,True,7,
SAN_A01,52,Rinorea pubiflora,Violaceae,738246.0952,9665758.376,O,11.2,False,9.41,15.75,,True,7,
SAN_A01,53,,,738240.7103,9665770.859,O,56.8,True,1.66,14.97,,True,7,
SAN_A01,54,,,738219.5326,9665764.4,O,50.7,True,0.99,3.25,,True,7,
SAN_A01,55,Inga marginata,Fabaceae,738204.2622,9665761.091,O,45.1,False,13.84,24.61,,True,7,
SAN_A01,56,Tapirira guianensis,Anacardiaceae,738283.9124,9665653.078,O,10.2,False,6.82,11.87,11.3,False,8,11.6
SAN_A01,57,Virola sebifera,Myristicaceae,738288.5642,9665653.605,O,10.0,False,7.53,12.01,10.0,False,8,10.62
SAN_A01,58,Zollernia paraensis,Fabaceae,738255.6922,9665636.415,O,52.2,False,19.84,32.07,52.3,False,8,29.94
SAN_A01,59,Protium paniculatum,Burseraceae,738289.5224,9665649.314,O,19.4,False,13.28,18.41,18.8,False,8,16.48
SAN_A01,60,Maquira coriacea,Moraceae,738290.8497,9665638.821,O,12.8,False,8.81,13.38,13.4,False,8,13.08
SAN_A01,61,Eschweilera ovata,Lecythidaceae,738295.3469,9665628.106,O,48.2,False,13.93,22.23,49.1,False,8,29.02
SAN_A01,62,Inga sp.,Fabaceae,738297.1634,9665627.856,O,12.4,False,10.16,14.96,13.2,False,8,12.95
SAN_A01,63,Aspidosperma parvifolium,Apocynaceae,738297.0264,9665626.909,O,10.1,False,6.25,8.42,9.7,False,8,10.39
SAN_A01,64,Pouteria gongrijpii,Sapotaceae,738291.6896,9665623.815,O,36.5,False,21.27,28.44,37.5,False,8,25.16
SAN_A01,65,Tachigali paniculata,Fabaceae,738300.4651,9665625.099,O,20.0,False,14.95,19.87,21.7,False,8,18.1
SAN_A01,66,Inga alba,Fabaceae,738300.51,9665622.446,O,14.9,False,12.28,18.98,16.0,False,8,14.79
SAN_A01,67,Strychnos subcordata,Loganiaceae,738300.986,9665614.416,O,12.3,False,0.58,1.24,,True,8,
SAN_A01,68,Geissospermum sericeum,Apocynaceae,738286.3782,9665608.24,O,50.6,False,15.16,20.07,50.7,False,8,29.48
SAN_A01,69,,,738278.8611,9665616.089,O,125.3,True,1.56,12.25,,True,8,
SAN_A01,70,Eschweilera ovata,Lecythidaceae,738267.029,9665603.204,O,41.6,False,20.36,29.31,42.6,False,8,26.97
SAN_A01,71,Eschweilera ovata,Lecythidaceae,738265.2702,9665591.657,O,35.9,False,20.12,31.07,36.0,False,8,24.6
SAN_A01,72,Lecythis lurida,Lecythidaceae,738263.221,9665612.609,O,52.9,False,23.08,33.17,52.8,False,8,30.07
SAN_A01,73,Terminalia amazonia,Combretaceae,738254.2604,9665611.095,O,114.4,False,30.14,45.31,114.4,False,8,40.58
SAN_A01,74,Ocotea canaliculata,Lauraceae,738276.1246,9665620.148,O,55.4,False,20.7,31.88,,True,8,
SAN_A01,75,Trichilia micrantha,Meliaceae,738271.339,9665629.205,O,62.5,False,16.45,23.37,63.0,False,8,32.64
SAN_A01,76,Xylopia sp.,Annonaceae,738302.7559,9665612.249,O,10.2,False,6.78,11.22,10.2,False,8,10.78
