site,tree_id,scientific_name,family_name,utm_easting,utm_northing,wsd,agb_source,dbh,htot,hcom,date,dead,type,plot_id,htot_feldpausch,htot_estimated,htot_estimation_method,dbh_incr_cm_yr,dbh_incr_source,gap_anos,dbh_lidar,htot_estimated_gap
SFX_A01,1,NI,NI,289203.7971,9289380.884,0.62,,11.3,,,20111021,A,O,P01,11.6,11.6,feldpausch_regional,0.18,default,1.0,11.48,11.73
SFX_A01,2,NI,NI,289203.7971,9289335.684,0.62,,10.9,,,20111021,A,O,P01,11.3,11.3,feldpausch_regional,0.18,default,1.0,11.08,11.44
SFX_A01,3,Jacaranda copaia,Bignoniaceae,289204.7971,9289376.584,0.35,,16.12,,,20111021,A,O,P01,14.86,14.86,feldpausch_regional,0.18,default,1.0,16.3,14.98
SFX_A01,4,Cecropia ficifolia,Urticaceae,289201.7971,9289371.084,0.27,,29.5,,,20111021,A,O,P01,21.91,21.91,feldpausch_regional,0.18,default,1.0,29.68,21.99
SFX_A01,5,Cecropia ficifolia,Urticaceae,289200.7971,9289370.984,0.27,,36.2,,,20111021,A,O,P01,24.67,24.67,feldpausch_regional,0.18,default,1.0,36.38,24.74
SFX_A01,6,Socratea exorrhiza,Arecaceae,289201.7971,9289368.584,0.62,0.04549853,14.4,,,20111021,A,P,P01,13.76,13.76,feldpausch_regional,0.18,default,1.0,14.58,13.88
SFX_A01,7,Jacaratia spinosa,Caricaceae,289202.7971,9289368.184,0.27,0.011520446,11.0,7.06,6.37,20111021,A,O,P01,11.38,11.38,feldpausch_regional,0.18,default,1.0,11.18,11.51
SFX_A01,8,Neea oppositifolia,Nyctaginaceae,289203.7971,9289375.484,0.89,,11.7,,,20111021,A,O,P01,11.89,11.89,feldpausch_regional,0.18,default,1.0,11.88,12.02
SFX_A01,9,Attalea maripa,Arecaceae,289202.7971,9289361.584,0.33,0.170173135,29.3,,,20111021,A,P,P01,21.82,21.82,feldpausch_regional,0.18,default,1.0,29.48,21.9
SFX_A01,10,Cassia fastuosa,Fabaceae,289184.7971,9289360.584,0.81,,11.6,,,20111021,A,O,P01,11.82,11.82,feldpausch_regional,0.18,default,1.0,11.78,11.95
SFX_A01,11,Schizolobium amazonicum,Fabaceae,289184.7971,9289358.784,0.49,,19.2,,,20111021,A,O,P01,16.71,16.71,feldpausch_regional,0.18,default,1.0,19.38,16.82
SFX_A01,12,Castilla ulei,Moraceae,289182.7971,9289355.584,0.82,,14.8,,,20111021,A,O,P01,14.02,14.02,feldpausch_regional,0.18,default,1.0,14.98,14.14
SFX_A01,13,Sapium marmieri,Euphorbiaceae,289182.7971,9289356.584,0.41,0.464425677,27.2,30.08,19.78,20111021,A,O,P01,20.86,20.86,feldpausch_regional,0.18,default,1.0,27.38,20.94
SFX_A01,14,Castilla ulei,Moraceae,289186.7971,9289355.584,0.82,,11.3,,,20111021,A,O,P01,11.6,11.6,feldpausch_regional,0.18,default,1.0,11.48,11.73
SFX_A01,15,Clarisia racemosa,Moraceae,289199.7971,9289352.584,0.59,,13.4,,,20111021,A,O,P01,13.08,13.08,feldpausch_regional,0.18,default,1.0,13.58,13.21
SFX_A01,16,NI,NI,289200.7971,9289349.584,0.62,,10.7,,,20111021,A,O,P01,11.15,11.15,feldpausch_regional,0.18,default,1.0,10.88,11.29
SFX_A01,18,Sapium marmieri,Euphorbiaceae,289200.7971,9289346.584,0.41,,10.7,,,20111021,A,O,P01,11.15,11.15,feldpausch_regional,0.18,default,1.0,10.88,11.29
SFX_A01,19,Socratea exorrhiza,Arecaceae,289198.7971,9289345.584,0.62,0.054690591,15.9,22.84,18.32,20111021,A,P,P01,14.73,14.73,feldpausch_regional,0.18,default,1.0,16.08,14.84
SFX_A01,20,Neea oppositifolia,Nyctaginaceae,289199.7971,9289346.584,0.89,,13.0,,,20111021,A,O,P01,12.81,12.81,feldpausch_regional,0.18,default,1.0,13.18,12.93
SFX_A01,23,Cassia fastuosa,Fabaceae,289206.1971,9289342.584,0.81,,22.7,,,20111021,A,O,P01,18.63,18.63,feldpausch_regional,0.18,default,1.0,22.88,18.72
SFX_A01,24,Zanthoxylum rhoifolium,Rutaceae,289205.7971,9289335.584,0.49,,17.6,,,20111021,A,O,P01,15.77,15.77,feldpausch_regional,0.18,default,1.0,17.78,15.88
SFX_A01,25,Tabebuia serratifolia,Bignoniaceae,289210.7971,9289338.584,0.92,,20.5,,,20111021,A,O,P01,17.45,17.45,feldpausch_regional,0.18,default,1.0,20.68,17.54
SFX_A01,26,Dalbergia melanoxylon,Fabaceae,289209.7971,9289341.584,0.8,,55.5,,,20111021,A,O,P01,30.8,30.8,feldpausch_regional,0.18,default,1.0,55.68,30.85
SFX_A01,28,Hymenaea courbaril,Fabaceae,289210.7971,9289343.084,0.79,,16.6,,,20111021,A,O,P01,15.16,15.16,feldpausch_regional,0.18,default,1.0,16.78,15.27
SFX_A01,29,Virola melinoni,Myristicaceae,289213.7971,9289343.584,0.48,,15.2,,,20111021,A,O,P01,14.28,14.28,feldpausch_regional,0.18,default,1.0,15.38,14.39
SFX_A01,30,Attalea maripa,Arecaceae,289207.0971,9289346.584,0.33,0.220661455,33.7,,,20111021,A,P,P01,23.69,23.69,feldpausch_regional,0.18,default,1.0,33.88,23.76
SFX_A01,31,Eschweilera parviflora,Lecythidaceae,289206.7971,9289347.584,0.89,0.048985315,11.3,8.48,5.68,20111021,A,O,P01,11.6,11.6,feldpausch_regional,0.18,default,1.0,11.48,11.73
SFX_A01,32,Theobroma glaucum,Malvaceae,289210.7971,9289350.584,0.53,,21.9,,,20111021,A,O,P01,18.21,18.21,feldpausch_regional,0.18,default,1.0,22.08,18.3
SFX_A01,33,Virola melinoni,Myristicaceae,289211.7971,9289350.584,0.48,0.276219667,23.0,21.54,17.64,20111021,A,O,P01,18.79,18.79,feldpausch_regional,0.18,default,1.0,23.18,18.88
SFX_A01,34,Eschweilera parviflora,Lecythidaceae,289209.7971,9289350.084,0.89,,14.6,,,20111021,A,O,P01,13.89,13.89,feldpausch_regional,0.18,default,1.0,14.78,14.01
SFX_A01,35,Theobroma glaucum,Malvaceae,289208.7971,9289352.084,0.53,,19.4,,,20111021,A,O,P01,16.83,16.83,feldpausch_regional,0.18,default,1.0,19.58,16.93
SFX_A01,36,,,289207.7971,9289351.584,0.58,8.199048089,111.7,35.81,,20111025,D,O,P01,40.3,40.3,feldpausch_regional,0.18,default,1.0,111.88,40.32
SFX_A01,37,Rinorea racemosa,Violaceae,289209.7971,9289355.584,0.68,,13.4,,,20111021,A,O,P01,13.08,13.08,feldpausch_regional,0.18,default,1.0,13.58,13.21
SFX_A01,38,Inga thibaudiana,Fabaceae,289218.7971,9289355.184,0.58,,23.7,,,20111021,A,O,P01,19.15,19.15,feldpausch_regional,0.18,default,1.0,23.88,19.24
SFX_A01,39,Cecropia ficifolia,Urticaceae,289218.7971,9289353.584,0.27,,16.9,,,20111021,A,O,P01,15.35,15.35,feldpausch_regional,0.18,default,1.0,17.08,15.46
SFX_A01,40,Cecropia ficifolia,Urticaceae,289218.7971,9289353.584,0.27,,17.1,,,20111021,A,O,P01,15.47,15.47,feldpausch_regional,0.18,default,1.0,17.28,15.58
SFX_A01,41,Nectandra cuspidata,Lauraceae,289224.7971,9289352.584,0.56,2.083963314,44.2,37.42,28.82,20111021,A,O,P01,27.5,27.5,feldpausch_regional,0.18,default,1.0,44.38,27.56
SFX_A01,42,Dalbergia melanoxylon,Fabaceae,289226.7971,9289353.584,0.8,0.221644242,24.0,9.44,3.68,20111021,A,O,P01,19.3,19.3,feldpausch_regional,0.18,default,1.0,24.18,19.39
SFX_A01,43,Dalbergia melanoxylon,Fabaceae,289226.7971,9289353.584,0.8,,22.1,,,20111021,A,O,P01,18.31,18.31,feldpausch_regional,0.18,default,1.0,22.28,18.41
SFX_A01,44,Dalbergia melanoxylon,Fabaceae,289221.7971,9289357.584,0.8,,31.9,,,20111021,A,O,P01,22.95,22.95,feldpausch_regional,0.18,default,1.0,32.08,23.02
SFX_A01,45,Astrocaryum aculeatum,Arecaceae,289223.7971,9289356.584,0.51,0.158500429,28.2,,,20111021,A,P,P01,21.32,21.32,feldpausch_regional,0.18,default,1.0,28.38,21.4
SFX_A01,46,Socratea exorrhiza,Arecaceae,289232.7971,9289358.584,0.62,0.058584918,16.5,,,20111021,A,P,P01,15.1,15.1,feldpausch_regional,0.18,default,1.0,16.68,15.21
SFX_A01,47,Theobroma glaucum,Malvaceae,289212.7971,9289358.584,0.53,,12.5,,,20111021,A,O,P01,12.46,12.46,feldpausch_regional,0.18,default,1.0,12.68,12.59
SFX_A01,48,Castilla ulei,Moraceae,289207.7971,9289359.084,0.82,,20.7,,,20111021,A,O,P01,17.56,17.56,feldpausch_regional,0.18,default,1.0,20.88,17.66
SFX_A01,49,Inga alba,Fabaceae,289209.7971,9289362.584,0.59,,31.0,,,20111021,A,O,P01,22.56,22.56,feldpausch_regional,0.18,default,1.0,31.18,22.64
SFX_A01,50,Attalea maripa,Arecaceae,289212.7971,9289362.584,0.33,0.081422011,19.7,,,20111021,A,P,P01,17.0,17.0,feldpausch_regional,0.18,default,1.0,19.88,17.1
SFX_A01,51,Protium heptaphyllum,Burseraceae,289224.7971,9289361.584,0.62,,17.3,,,20111021,A,O,P01,15.59,15.59,feldpausch_regional,0.18,default,1.0,17.48,15.7
SFX_A01,52,Neea oppositifolia,Nyctaginaceae,289225.7971,9289364.584,0.89,,17.0,,,20111021,A,O,P01,15.41,15.41,feldpausch_regional,0.18,default,1.0,17.18,15.52
SFX_A01,53,Socratea exorrhiza,Arecaceae,289221.7971,9289364.584,0.62,0.023547413,10.1,,,20111021,A,P,P01,10.7,10.7,feldpausch_regional,0.18,default,1.0,10.28,10.84
SFX_A01,54,Cordia scabrifolia,Boraginaceae,289220.7971,9289365.584,0.47,,17.1,,,20111021,A,O,P01,15.47,15.47,feldpausch_regional,0.18,default,1.0,17.28,15.58
SFX_A01,55,Theobroma glaucum,Malvaceae,289220.7971,9289366.584,0.53,,10.5,,,20111021,A,O,P01,11.0,11.0,feldpausch_regional,0.18,default,1.0,10.68,11.14
SFX_A01,56,Vismia guianensis,Clusiaceae,289217.7971,9289368.584,0.46,,13.0,,,20111021,A,O,P01,12.81,12.81,feldpausch_regional,0.18,default,1.0,13.18,12.93
SFX_A01,57,Attalea maripa,Arecaceae,289221.7971,9289370.584,0.33,0.194661689,31.5,,,20111021,A,P,P01,22.78,22.78,feldpausch_regional,0.18,default,1.0,31.68,22.85
SFX_A01,58,Protium heptaphyllum,Burseraceae,289212.7971,9289369.584,0.62,,11.0,,,20111021,A,O,P01,11.38,11.38,feldpausch_regional,0.18,default,1.0,11.18,11.51
SFX_A01,59,Theobroma glaucum,Malvaceae,289207.0971,9289369.584,0.53,,12.7,,,20111021,A,O,P01,12.6,12.6,feldpausch_regional,0.18,default,1.0,12.88,12.73
SFX_A01,60,Socratea exorrhiza,Arecaceae,289207.7971,9289372.284,0.62,0.044913535,14.3,,,20111021,A,P,P01,13.69,13.69,feldpausch_regional,0.18,default,1.0,14.48,13.81
SFX_A01,61,NI,NI,289211.7971,9289378.584,0.62,,13.1,,,20111021,A,O,P01,12.88,12.88,feldpausch_regional,0.18,default,1.0,13.28,13.0
SFX_A01,1,Dalbergia melanoxylon,Fabaceae,289227.3745,9289556.539,0.8,0.870079309,41.8,12.22,6.72,20111022,A,O,P02,26.7,26.7,feldpausch_regional,0.18,default,1.0,41.98,26.76
SFX_A01,4,Dalbergia melanoxylon,Fabaceae,289223.6745,9289550.639,0.8,,13.0,,,20111022,A,O,P02,12.81,12.81,feldpausch_regional,0.18,default,1.0,13.18,12.93
SFX_A01,5,Dalbergia melanoxylon,Fabaceae,289223.6745,9289547.439,0.8,0.841349964,38.1,14.23,12.92,20111022,A,O,P02,25.39,25.39,feldpausch_regional,0.18,default,1.0,38.28,25.45
SFX_A01,6,Dalbergia melanoxylon,Fabaceae,289219.6745,9289544.939,0.8,0.759776106,36.8,13.77,10.63,20111022,A,O,P02,24.9,24.9,feldpausch_regional,0.18,default,1.0,36.98,24.97
SFX_A01,7,Brosimum rubescens,Moraceae,289216.6745,9289544.139,0.83,,27.7,,,20111022,A,O,P02,21.09,21.09,feldpausch_regional,0.18,default,1.0,27.88,21.17
SFX_A01,8,Dalbergia melanoxylon,Fabaceae,289209.6745,9289538.939,0.8,1.187526541,38.5,19.66,14.8,20111022,A,O,P02,25.53,25.53,feldpausch_regional,0.18,default,1.0,38.68,25.6
SFX_A01,9,Swartzia corrugata,Fabaceae,289218.6745,9289538.939,1.06,1.823692784,37.0,24.77,17.28,20111022,A,O,P02,24.98,24.98,feldpausch_regional,0.18,default,1.0,37.18,25.04
SFX_A01,10,Rinorea racemosa,Violaceae,289216.6745,9289537.939,0.68,,13.5,,,20111022,A,O,P02,13.15,13.15,feldpausch_regional,0.18,default,1.0,13.68,13.28
SFX_A01,11,Neea oppositifolia,Nyctaginaceae,289213.6745,9289535.739,0.89,,18.6,,,20111022,A,O,P02,16.36,16.36,feldpausch_regional,0.18,default,1.0,18.78,16.47
SFX_A01,12,Tetragastris panamensis,Burseraceae,289223.6745,9289543.939,0.73,,25.6,,,20111022,A,O,P02,20.09,20.09,feldpausch_regional,0.18,default,1.0,25.78,20.18
SFX_A01,13,Aspidosperma spruceanum,Apocynaceae,289224.6745,9289537.939,0.75,2.610148116,45.6,32.74,23.09,20111022,A,O,P02,27.95,27.95,feldpausch_regional,0.18,default,1.0,45.78,28.0
SFX_A01,14,,,289224.6745,9289538.939,,0.01321884,10.9,,,20111025,A,L,P02,11.3,11.3,feldpausch_regional,0.18,default,1.0,11.08,11.44
SFX_A01,15,Theobroma glaucum,Malvaceae,289226.6745,9289534.939,0.53,,10.9,,,20111022,A,O,P02,11.3,11.3,feldpausch_regional,0.18,default,1.0,11.08,11.44
SFX_A01,16,Dalbergia melanoxylon,Fabaceae,289220.6745,9289533.939,0.8,,24.0,,,20111022,A,O,P02,19.3,19.3,feldpausch_regional,0.18,default,1.0,24.18,19.39
SFX_A01,17,,,289221.6745,9289534.939,,0.014208072,12.5,,,20111025,A,L,P02,12.46,12.46,feldpausch_regional,0.18,default,1.0,12.68,12.59
SFX_A01,18,Dalbergia melanoxylon,Fabaceae,289223.6745,9289529.139,0.8,0.553559217,36.1,10.43,6.62,20111022,A,O,P02,24.63,24.63,feldpausch_regional,0.18,default,1.0,36.28,24.7
SFX_A01,19,Dalbergia melanoxylon,Fabaceae,289220.6745,9289527.339,0.8,,31.8,,,20111022,A,O,P02,22.9,22.9,feldpausch_regional,0.18,default,1.0,31.98,22.98
SFX_A01,20,Couratari stellata,Lecythidaceae,289212.6745,9289529.939,0.63,,12.1,,,20111022,A,O,P02,12.18,12.18,feldpausch_regional,0.18,default,1.0,12.28,12.31
SFX_A01,21,Dalbergia melanoxylon,Fabaceae,289212.6745,9289530.939,0.8,,10.9,,,20111022,A,O,P02,11.3,11.3,feldpausch_regional,0.18,default,1.0,11.08,11.44
SFX_A01,22,Dalbergia melanoxylon,Fabaceae,289209.6745,9289532.939,0.8,,10.9,,,20111022,A,O,P02,11.3,11.3,feldpausch_regional,0.18,default,1.0,11.08,11.44
SFX_A01,23,Dalbergia melanoxylon,Fabaceae,289210.6745,9289527.939,0.8,,15.2,,,20111022,A,O,P02,14.28,14.28,feldpausch_regional,0.18,default,1.0,15.38,14.39
SFX_A01,24,Dalbergia melanoxylon,Fabaceae,289210.6745,9289522.939,0.8,,22.7,,,20111022,A,O,P02,18.63,18.63,feldpausch_regional,0.18,default,1.0,22.88,18.72
SFX_A01,25,,,289226.6745,9289526.939,0.58,0.201631277,30.8,9.01,,20111025,D,O,P02,22.48,22.48,feldpausch_regional,0.18,default,1.0,30.98,22.55
SFX_A01,26,,,289217.6745,9289521.939,0.58,,32.5,,,20111025,D,O,P02,23.2,23.2,feldpausch_regional,0.18,default,1.0,32.68,23.27
SFX_A01,27,Bertholletia excelsa,Lecythidaceae,289222.6745,9289520.539,0.64,,13.5,,,20111022,A,O,P02,13.15,13.15,feldpausch_regional,0.18,default,1.0,13.68,13.28
SFX_A01,28,Dalbergia melanoxylon,Fabaceae,289223.6745,9289518.939,0.8,,16.2,,,20111022,A,O,P02,14.91,14.91,feldpausch_regional,0.18,default,1.0,16.38,15.03
SFX_A01,29,Dalbergia melanoxylon,Fabaceae,289224.6745,9289517.639,0.8,,23.4,,,20111022,A,O,P02,18.99,18.99,feldpausch_regional,0.18,default,1.0,23.58,19.09
SFX_A01,30,Dalbergia melanoxylon,Fabaceae,289224.6745,9289517.639,0.8,,24.2,,,20111022,A,O,P02,19.4,19.4,feldpausch_regional,0.18,default,1.0,24.38,19.49
SFX_A01,31,,,289221.6745,9289511.939,0.58,0.230933165,37.7,6.49,,20111025,D,O,P02,25.24,25.24,feldpausch_regional,0.18,default,1.0,37.88,25.3
SFX_A01,32,Dalbergia melanoxylon,Fabaceae,289226.6745,9289509.139,0.8,0.039535537,13.7,5.17,1.72,20111022,A,O,P02,13.29,13.29,feldpausch_regional,0.18,default,1.0,13.88,13.41
SFX_A01,33,Clarisia racemosa,Moraceae,289225.6745,9289507.939,0.59,,14.7,,,20111022,A,O,P02,13.95,13.95,feldpausch_regional,0.18,default,1.0,14.88,14.07
SFX_A01,34,Cordia scabrifolia,Boraginaceae,289227.8745,9289511.939,0.47,,20.5,,,20111022,A,O,P02,17.45,17.45,feldpausch_regional,0.18,default,1.0,20.68,17.54
SFX_A01,35,Dalbergia melanoxylon,Fabaceae,289238.6745,9289514.139,0.8,0.186608077,19.7,11.8,6.84,20111022,A,O,P02,17.0,17.0,feldpausch_regional,0.18,default,1.0,19.88,17.1
SFX_A01,36,Dalbergia melanoxylon,Fabaceae,289239.6745,9289516.939,0.8,,15.9,,,20111022,A,O,P02,14.73,14.73,feldpausch_regional,0.18,default,1.0,16.08,14.84
SFX_A01,37,Dalbergia melanoxylon,Fabaceae,289232.6745,9289519.639,0.8,,24.0,,,20111022,A,O,P02,19.3,19.3,feldpausch_regional,0.18,default,1.0,24.18,19.39
SFX_A01,38,,,289228.6745,9289525.739,0.58,,12.0,,,20111025,D,O,P02,12.11,12.11,feldpausch_regional,0.18,default,1.0,12.18,12.23
SFX_A01,39,,,289232.6745,9289526.539,0.58,,23.0,,,20111025,D,O,P02,18.79,18.79,feldpausch_regional,0.18,default,1.0,23.18,18.88
SFX_A01,40,Couratari stellata,Lecythidaceae,289233.6745,9289527.039,0.63,,10.3,,,20111022,A,O,P02,10.85,10.85,feldpausch_regional,0.18,default,1.0,10.48,10.99
SFX_A01,41,Dalbergia melanoxylon,Fabaceae,289242.6745,9289524.939,0.8,,21.4,,,20111022,A,O,P02,17.94,17.94,feldpausch_regional,0.18,default,1.0,21.58,18.04
SFX_A01,42,Dalbergia melanoxylon,Fabaceae,289242.6745,9289524.939,0.8,,29.8,,,20111022,A,O,P02,22.04,22.04,feldpausch_regional,0.18,default,1.0,29.98,22.12
SFX_A01,43,Dalbergia melanoxylon,Fabaceae,289248.6745,9289524.939,0.8,,32.2,,,20111022,A,O,P02,23.07,23.07,feldpausch_regional,0.18,default,1.0,32.38,23.15
SFX_A01,44,Tetragastris panamensis,Burseraceae,289246.6745,9289525.939,0.73,,11.0,,,20111022,A,O,P02,11.38,11.38,feldpausch_regional,0.18,default,1.0,11.18,11.51
SFX_A01,45,Dalbergia melanoxylon,Fabaceae,289250.6745,9289526.939,0.8,0.512685569,35.3,10.1,6.07,20111022,A,O,P02,24.32,24.32,feldpausch_regional,0.18,default,1.0,35.48,24.39
SFX_A01,46,Dalbergia melanoxylon,Fabaceae,289244.6745,9289525.939,0.8,,31.9,,,20111022,A,O,P02,22.95,22.95,feldpausch_regional,0.18,default,1.0,32.08,23.02
SFX_A01,47,Dalbergia melanoxylon,Fabaceae,289249.6745,9289530.939,0.8,,10.1,,,20111022,A,O,P02,10.7,10.7,feldpausch_regional,0.18,default,1.0,10.28,10.84
SFX_A01,48,Dalbergia melanoxylon,Fabaceae,289248.6745,9289530.939,0.8,,22.1,,,20111022,A,O,P02,18.31,18.31,feldpausch_regional,0.18,default,1.0,22.28,18.41
SFX_A01,49,Jacaranda copaia,Bignoniaceae,289238.6745,9289529.939,0.35,,20.6,,,20111022,A,O,P02,17.5,17.5,feldpausch_regional,0.18,default,1.0,20.78,17.6
SFX_A01,50,Tachigali myrmecophila,Fabaceae,289236.6745,9289529.939,0.48,,11.8,,,20111022,A,O,P02,11.96,11.96,feldpausch_regional,0.18,default,1.0,11.98,12.09
SFX_A01,51,Dalbergia melanoxylon,Fabaceae,289234.6745,9289529.939,0.8,,37.2,,,20111022,A,O,P02,25.05,25.05,feldpausch_regional,0.18,default,1.0,37.38,25.12
SFX_A01,52,Dalbergia melanoxylon,Fabaceae,289234.6745,9289534.939,0.8,,11.1,,,20111022,A,O,P02,11.45,11.45,feldpausch_regional,0.18,default,1.0,11.28,11.58
SFX_A01,53,Zanthoxylum rhoifolium,Rutaceae,289232.6745,9289530.939,0.49,,23.3,,,20111022,A,O,P02,18.94,18.94,feldpausch_regional,0.18,default,1.0,23.48,19.03
SFX_A01,54,Dalbergia melanoxylon,Fabaceae,289235.6745,9289534.939,0.8,,29.6,,,20111022,A,O,P02,21.95,21.95,feldpausch_regional,0.18,default,1.0,29.78,22.03
SFX_A01,55,Neea oppositifolia,Nyctaginaceae,289241.6745,9289538.939,0.89,,11.5,,,20111022,A,O,P02,11.75,11.75,feldpausch_regional,0.18,default,1.0,11.68,11.88
SFX_A01,56,Dalbergia melanoxylon,Fabaceae,289243.6745,9289536.939,0.8,0.947051689,45.5,11.23,7.0,20111022,A,O,P02,27.91,27.91,feldpausch_regional,0.18,default,1.0,45.68,27.97
SFX_A01,57,Dalbergia melanoxylon,Fabaceae,289245.6745,9289533.939,0.8,,22.2,,,20111022,A,O,P02,18.37,18.37,feldpausch_regional,0.18,default,1.0,22.38,18.46
SFX_A01,58,Eschweilera parviflora,Lecythidaceae,289247.6745,9289531.939,0.89,,11.9,,,20111022,A,O,P02,12.03,12.03,feldpausch_regional,0.18,default,1.0,12.08,12.16
SFX_A01,60,Parkia sp.,Fabaceae,289239.6745,9289545.939,0.45,,22.0,,,20111022,A,O,P02,18.26,18.26,feldpausch_regional,0.18,default,1.0,22.18,18.36
SFX_A01,61,Inga marginata,Fabaceae,289235.6745,9289546.939,0.57,,12.4,,,20111022,A,O,P02,12.39,12.39,feldpausch_regional,0.18,default,1.0,12.58,12.52
SFX_A01,62,Helicostylis sp.,Moraceae,289233.6745,9289544.939,0.65,,10.6,,,20111022,A,O,P02,11.08,11.08,feldpausch_regional,0.18,default,1.0,10.78,11.21
SFX_A01,63,Dalbergia melanoxylon,Fabaceae,289231.6745,9289540.939,0.8,,33.2,,,20111022,A,O,P02,23.48,23.48,feldpausch_regional,0.18,default,1.0,33.38,23.56
SFX_A01,64,Brosimum rubescens,Moraceae,289230.6745,9289536.439,0.83,,14.0,,,20111022,A,O,P02,13.49,13.49,feldpausch_regional,0.18,default,1.0,14.18,13.61
SFX_A01,65,NI,NI,289229.6745,9289546.939,0.62,,11.9,,,20111022,A,O,P02,12.03,12.03,feldpausch_regional,0.18,default,1.0,12.08,12.16
SFX_A01,66,Tabebuia serratifolia,Bignoniaceae,289231.6745,9289547.939,0.92,,18.5,,,20111022,A,O,P02,16.31,16.31,feldpausch_regional,0.18,default,1.0,18.68,16.41
SFX_A01,67,Virola melinoni,Myristicaceae,289233.6745,9289550.939,0.48,,12.3,,,20111022,A,O,P02,12.32,12.32,feldpausch_regional,0.18,default,1.0,12.48,12.45
SFX_A01,68,Dalbergia melanoxylon,Fabaceae,289229.6745,9289552.939,0.8,,26.6,,,20111022,A,O,P02,20.58,20.58,feldpausch_regional,0.18,default,1.0,26.78,20.66
SFX_A01,1,,,289245.2185,9289727.604,0.58,,14.7,,,20111025,D,O,P03,13.95,13.95,feldpausch_regional,0.18,default,1.0,14.88,14.07
SFX_A01,2,Tetragastris panamensis,Burseraceae,289243.2185,9289723.604,0.73,,12.6,,,20111022,A,O,P03,12.53,12.53,feldpausch_regional,0.18,default,1.0,12.78,12.66
SFX_A01,3,Dalbergia melanoxylon,Fabaceae,289244.2185,9289719.904,0.8,0.665705275,38.4,11.08,6.87,20111022,A,O,P03,25.5,25.5,feldpausch_regional,0.18,default,1.0,38.58,25.56
SFX_A01,4,Dalbergia melanoxylon,Fabaceae,289240.2185,9289720.404,0.8,,12.0,,,20111022,A,O,P03,12.11,12.11,feldpausch_regional,0.18,default,1.0,12.18,12.23
SFX_A01,5,Inga marginata,Fabaceae,289245.2185,9289716.604,0.57,,10.6,,,20111022,A,O,P03,11.08,11.08,feldpausch_regional,0.18,default,1.0,10.78,11.21
SFX_A01,6,Jacaratia spinosa,Caricaceae,289247.9185,9289714.604,0.27,0.598257645,40.7,26.78,12.24,20111022,A,O,P03,26.32,26.32,feldpausch_regional,0.18,default,1.0,40.88,26.38
SFX_A01,7,Dalbergia melanoxylon,Fabaceae,289245.2185,9289711.604,0.8,0.572214981,36.3,10.66,3.56,20111022,A,O,P03,24.71,24.71,feldpausch_regional,0.18,default,1.0,36.48,24.78
SFX_A01,8,Jacaranda copaia,Bignoniaceae,289242.2185,9289712.404,0.35,0.029513936,11.0,13.55,10.05,20111022,A,O,P03,11.38,11.38,feldpausch_regional,0.18,default,1.0,11.18,11.51
SFX_A01,9,Virola melinoni,Myristicaceae,289236.2185,9289713.304,0.48,,11.1,,,20111022,A,O,P03,11.45,11.45,feldpausch_regional,0.18,default,1.0,11.28,11.58
SFX_A01,10,Socratea exorrhiza,Arecaceae,289238.2185,9289712.604,0.62,0.065349123,17.5,,,20111022,A,P,P03,15.71,15.71,feldpausch_regional,0.18,default,1.0,17.68,15.82
SFX_A01,11,NI,NI,289242.2185,9289711.604,0.62,,21.6,,,20111022,A,O,P03,18.05,18.05,feldpausch_regional,0.18,default,1.0,21.78,18.14
SFX_A01,12,NI,NI,289242.2185,9289711.604,0.62,,13.5,,,20111022,A,O,P03,13.15,13.15,feldpausch_regional,0.18,default,1.0,13.68,13.28
SFX_A01,13,Theobroma glaucum,Malvaceae,289237.2185,9289711.104,0.53,,14.2,,,20111022,A,O,P03,13.62,13.62,feldpausch_regional,0.18,default,1.0,14.38,13.74
SFX_A01,14,Astronium gracile,Anacardiaceae,289232.2185,9289711.304,0.73,0.25310728,19.2,18.48,8.58,20111022,A,O,P03,16.71,16.71,feldpausch_regional,0.18,default,1.0,19.38,16.82
SFX_A01,15,Sapium marmieri,Euphorbiaceae,289236.2185,9289709.604,0.41,,25.5,,,20111022,A,O,P03,20.05,20.05,feldpausch_regional,0.18,default,1.0,25.68,20.13
SFX_A01,19,Inga marginata,Fabaceae,289243.2185,9289704.604,0.57,,12.2,6.46,,20111022,A,O,P03,12.25,12.25,feldpausch_regional,0.18,default,1.0,12.38,12.38
SFX_A01,20,Pterocarpus sp.,Fabaceae,289246.2185,9289704.204,0.51,0.247690544,23.7,16.91,10.63,20111022,A,O,P03,19.15,19.15,feldpausch_regional,0.18,default,1.0,23.88,19.24
SFX_A01,21,NI,NI,289247.9185,9289701.404,0.62,,16.0,,,20111022,A,O,P03,14.79,14.79,feldpausch_regional,0.18,default,1.0,16.18,14.9
SFX_A01,22,,,289242.2185,9289700.404,0.58,,18.1,,,20111025,D,O,P03,16.07,16.07,feldpausch_regional,0.18,default,1.0,18.28,16.18
SFX_A01,23,Sterculia pruriens,Malvaceae,289236.2185,9289702.004,0.49,,16.2,,,20111022,A,O,P03,14.91,14.91,feldpausch_regional,0.18,default,1.0,16.38,15.03
SFX_A01,24,,,289236.2185,9289702.004,0.58,,10.2,,,20111025,D,O,P03,10.78,10.78,feldpausch_regional,0.18,default,1.0,10.38,10.91
SFX_A01,25,Dalbergia melanoxylon,Fabaceae,289235.2185,9289701.904,0.8,1.048774571,59.0,7.39,3.68,20111022,A,O,P03,31.69,31.69,feldpausch_regional,0.18,default,1.0,59.18,31.74
SFX_A01,26,,,289234.2185,9289701.904,0.58,,14.2,,,20111025,D,O,P03,13.62,13.62,feldpausch_regional,0.18,default,1.0,14.38,13.74
SFX_A01,27,Inga marginata,Fabaceae,289235.2185,9289701.304,0.57,,10.2,,,20111022,A,O,P03,10.78,10.78,feldpausch_regional,0.18,default,1.0,10.38,10.91
SFX_A01,28,Tachigali myrmecophila,Fabaceae,289235.2185,9289697.604,0.48,,29.4,,,20111022,A,O,P03,21.86,21.86,feldpausch_regional,0.18,default,1.0,29.58,21.94
SFX_A01,31,Cordia scabrifolia,Boraginaceae,289239.2185,9289697.004,0.47,,13.0,,,20111022,A,O,P03,12.81,12.81,feldpausch_regional,0.18,default,1.0,13.18,12.93
SFX_A01,32,Cordia scabrifolia,Boraginaceae,289240.2185,9289697.004,0.47,,15.0,,,20111022,A,O,P03,14.15,14.15,feldpausch_regional,0.18,default,1.0,15.18,14.27
SFX_A01,33,Stryphnodendron pulcherrimum,Fabaceae,289244.2185,9289696.604,0.47,,11.3,,,20111022,A,O,P03,11.6,11.6,feldpausch_regional,0.18,default,1.0,11.48,11.73
SFX_A01,34,Castilla ulei,Moraceae,289246.2185,9289693.104,0.82,,14.5,,,20111022,A,O,P03,13.82,13.82,feldpausch_regional,0.18,default,1.0,14.68,13.94
SFX_A01,35,Tetragastris panamensis,Burseraceae,289247.9185,9289692.604,0.73,,17.9,,,20111022,A,O,P03,15.95,15.95,feldpausch_regional,0.18,default,1.0,18.08,16.06
SFX_A01,36,Tetragastris panamensis,Burseraceae,289247.7185,9289690.404,0.73,,19.8,,,20111022,A,O,P03,17.05,17.05,feldpausch_regional,0.18,default,1.0,19.98,17.16
SFX_A01,37,Brosimum rubescens,Moraceae,289242.2185,9289689.904,0.83,,10.7,,,20111022,A,O,P03,11.15,11.15,feldpausch_regional,0.18,default,1.0,10.88,11.29
SFX_A01,38,Dalbergia melanoxylon,Fabaceae,289240.2185,9289690.704,0.8,0.956305234,43.1,12.64,6.74,20111022,A,O,P03,27.14,27.14,feldpausch_regional,0.18,default,1.0,43.28,27.2
SFX_A01,39,Tetragastris panamensis,Burseraceae,289236.2185,9289692.804,0.73,,10.3,,,20111022,A,O,P03,10.85,10.85,feldpausch_regional,0.18,default,1.0,10.48,10.99
SFX_A01,40,Eriotheca globosa,Malvaceae,289246.2185,9289687.804,0.41,,16.6,,,20111022,A,O,P03,15.16,15.16,feldpausch_regional,0.18,default,1.0,16.78,15.27
SFX_A01,41,Tetragastris panamensis,Burseraceae,289244.2185,9289687.204,0.73,,12.9,,,20111022,A,O,P03,12.74,12.74,feldpausch_regional,0.18,default,1.0,13.08,12.87
SFX_A01,42,Pradosia praealta,Sapotaceae,289241.2185,9289684.304,0.73,,10.4,,,20111022,A,O,P03,10.93,10.93,feldpausch_regional,0.18,default,1.0,10.58,11.06
SFX_A01,45,Dalbergia melanoxylon,Fabaceae,289245.2185,9289681.604,0.8,,42.0,,,20111022,A,O,P03,26.77,26.77,feldpausch_regional,0.18,default,1.0,42.18,26.83
SFX_A01,46,Castilla ulei,Moraceae,289248.5185,9289678.604,0.82,,14.1,,,20111022,A,O,P03,13.56,13.56,feldpausch_regional,0.18,default,1.0,14.28,13.68
SFX_A01,47,Rinorea racemosa,Violaceae,289248.7185,9289682.604,0.68,,11.5,,,20111022,A,O,P03,11.75,11.75,feldpausch_regional,0.18,default,1.0,11.68,11.88
SFX_A01,48,Terminalia amazonia,Combretaceae,289254.2185,9289682.604,0.68,,18.5,,,20111022,A,O,P03,16.31,16.31,feldpausch_regional,0.18,default,1.0,18.68,16.41
SFX_A01,49,,,289248.2185,9289684.604,0.58,,21.5,,,20111025,D,O,P03,17.99,17.99,feldpausch_regional,0.18,default,1.0,21.68,18.09
SFX_A01,50,Guarea guidonia,Meliaceae,289255.2185,9289689.304,0.55,,22.2,,,20111022,A,O,P03,18.37,18.37,feldpausch_regional,0.18,default,1.0,22.38,18.46
SFX_A01,51,Dalbergia melanoxylon,Fabaceae,289250.2185,9289690.304,0.8,,15.7,,,20111022,A,O,P03,14.6,14.6,feldpausch_regional,0.18,default,1.0,15.88,14.71
SFX_A01,52,Ormosia grossa,Fabaceae,289252.2185,9289692.904,0.62,,10.8,,,20111022,A,O,P03,11.23,11.23,feldpausch_regional,0.18,default,1.0,10.98,11.36
SFX_A01,53,Theobroma glaucum,Malvaceae,289257.2185,9289694.004,0.53,,13.7,,,20111022,A,O,P03,13.29,13.29,feldpausch_regional,0.18,default,1.0,13.88,13.41
SFX_A01,54,Pouteria gongrijpii,Sapotaceae,289252.2185,9289695.604,0.8,,15.5,,,20111022,A,O,P03,14.47,14.47,feldpausch_regional,0.18,default,1.0,15.68,14.59
SFX_A01,55,Pouteria gongrijpii,Sapotaceae,289248.5185,9289697.604,0.8,,20.5,,,20111022,A,O,P03,17.45,17.45,feldpausch_regional,0.18,default,1.0,20.68,17.54
SFX_A01,56,Inga alba,Fabaceae,289251.2185,9289700.204,0.59,,15.3,,,20111022,A,O,P03,14.34,14.34,feldpausch_regional,0.18,default,1.0,15.48,14.46
SFX_A01,57,Inga thibaudiana,Fabaceae,289250.2185,9289702.604,0.58,,13.9,,,20111022,A,O,P03,13.42,13.42,feldpausch_regional,0.18,default,1.0,14.08,13.54
SFX_A01,58,,,289248.2185,9289700.304,0.58,,16.0,,,20111025,D,O,P03,14.79,14.79,feldpausch_regional,0.18,default,1.0,16.18,14.9
SFX_A01,59,,,289248.2185,9289700.204,0.58,0.30777722,42.6,6.84,,20111025,D,O,P03,26.97,26.97,feldpausch_regional,0.18,default,1.0,42.78,27.03
SFX_A01,60,Cordia scabrifolia,Boraginaceae,289268.2185,9289704.604,0.47,,12.1,,,20111022,A,O,P03,12.18,12.18,feldpausch_regional,0.18,default,1.0,12.28,12.31
SFX_A01,61,Stryphnodendron pulcherrimum,Fabaceae,289268.2185,9289705.604,0.47,,10.3,,,20111022,A,O,P03,10.85,10.85,feldpausch_regional,0.18,default,1.0,10.48,10.99
SFX_A01,62,Inga thibaudiana,Fabaceae,289263.2185,9289704.104,0.58,,17.7,,,20111022,A,O,P03,15.83,15.83,feldpausch_regional,0.18,default,1.0,17.88,15.94
SFX_A01,63,Cordia scabrifolia,Boraginaceae,289262.2185,9289704.104,0.47,,18.7,,,20111022,A,O,P03,16.42,16.42,feldpausch_regional,0.18,default,1.0,18.88,16.53
SFX_A01,64,Inga alba,Fabaceae,289261.2185,9289705.604,0.59,,28.2,,,20111022,A,O,P03,21.32,21.32,feldpausch_regional,0.18,default,1.0,28.38,21.4
SFX_A01,65,Cordia scabrifolia,Boraginaceae,289262.2185,9289706.604,0.47,,17.2,,,20111022,A,O,P03,15.53,15.53,feldpausch_regional,0.18,default,1.0,17.38,15.64
SFX_A01,66,Eschweilera coriacea,Lecythidaceae,289268.2185,9289707.604,0.85,,23.5,,,20111022,A,O,P03,19.05,19.05,feldpausch_regional,0.18,default,1.0,23.68,19.14
SFX_A01,67,Xylopia sp.,Annonaceae,289270.2185,9289708.604,0.57,0.297952832,22.8,19.75,12.86,20111022,A,O,P03,18.68,18.68,feldpausch_regional,0.18,default,1.0,22.98,18.78
SFX_A01,68,Tetragastris panamensis,Burseraceae,289264.2185,9289710.604,0.73,,28.2,,,20111022,A,O,P03,21.32,21.32,feldpausch_regional,0.18,default,1.0,28.38,21.4
SFX_A01,69,Stryphnodendron pulcherrimum,Fabaceae,289268.2185,9289709.604,0.47,,10.2,,,20111022,A,O,P03,10.78,10.78,feldpausch_regional,0.18,default,1.0,10.38,10.91
SFX_A01,70,Inga marginata,Fabaceae,289258.2185,9289708.604,0.57,,19.2,,,20111022,A,O,P03,16.71,16.71,feldpausch_regional,0.18,default,1.0,19.38,16.82
SFX_A01,71,Dalbergia melanoxylon,Fabaceae,289251.2185,9289709.104,0.8,,11.3,,,20111022,A,O,P03,11.6,11.6,feldpausch_regional,0.18,default,1.0,11.48,11.73
SFX_A01,72,Dalbergia melanoxylon,Fabaceae,289252.5185,9289705.404,0.8,,15.3,,,20111022,A,O,P03,14.34,14.34,feldpausch_regional,0.18,default,1.0,15.48,14.46
SFX_A01,73,Dalbergia melanoxylon,Fabaceae,289248.5185,9289705.404,0.8,,26.0,,,20111022,A,O,P03,20.29,20.29,feldpausch_regional,0.18,default,1.0,26.18,20.37
SFX_A01,74,Dalbergia melanoxylon,Fabaceae,289248.5185,9289717.604,0.8,,20.0,,,20111022,A,O,P03,17.17,17.17,feldpausch_regional,0.18,default,1.0,20.18,17.27
SFX_A01,1,Dialium guianense,Fabaceae,289278.6817,9289875.962,0.89,0.068796664,13.2,8.71,4.35,20111022,A,O,P04,12.95,12.95,feldpausch_regional,0.18,default,1.0,13.38,13.07
SFX_A01,2,Dalbergia melanoxylon,Fabaceae,289279.6817,9289882.762,0.8,0.595096062,50.0,5.84,5.66,20111022,A,O,P04,29.28,29.28,feldpausch_regional,0.18,default,1.0,50.18,29.33
SFX_A01,3,NI,NI,289276.6817,9289886.762,0.62,,13.9,,,20111022,A,O,P04,13.42,13.42,feldpausch_regional,0.18,default,1.0,14.08,13.54
SFX_A01,4,,,289278.1817,9289892.062,0.58,,10.2,,,20111025,D,O,P04,10.78,10.78,feldpausch_regional,0.18,default,1.0,10.38,10.91
SFX_A01,5,Pouteria gongrijpii,Sapotaceae,289278.6817,9289893.262,0.8,,15.3,,,20111022,A,O,P04,14.34,14.34,feldpausch_regional,0.18,default,1.0,15.48,14.46
SFX_A01,6,Galipea trifoliata,NI,289278.6817,9289899.862,0.62,,12.0,,,20111022,A,O,P04,12.11,12.11,feldpausch_regional,0.18,default,1.0,12.18,12.23
SFX_A01,7,Theobroma glaucum,Malvaceae,289273.6817,9289894.262,0.53,0.075862894,16.5,10.33,5.58,20111022,A,O,P04,15.1,15.1,feldpausch_regional,0.18,default,1.0,16.68,15.21
SFX_A01,8,Tetragastris panamensis,Burseraceae,289270.6817,9289892.262,0.73,,16.4,,,20111022,A,O,P04,15.04,15.04,feldpausch_regional,0.18,default,1.0,16.58,15.15
SFX_A01,9,Pourouma minor,Urticaceae,289268.6817,9289886.262,0.44,,25.4,,,20111022,A,O,P04,20.0,20.0,feldpausch_regional,0.18,default,1.0,25.58,20.08
SFX_A01,10,Guatteria schomburgkiana,Annonaceae,289275.6817,9289884.562,0.6,,17.1,,,20111022,A,O,P04,15.47,15.47,feldpausch_regional,0.18,default,1.0,17.28,15.58
SFX_A01,11,Guatteria schomburgkiana,Annonaceae,289275.6817,9289884.462,0.6,,19.1,,,20111022,A,O,P04,16.65,16.65,feldpausch_regional,0.18,default,1.0,19.28,16.76
SFX_A01,12,Pouteria sp.,Sapotaceae,289264.6817,9289884.462,0.78,,11.1,,,20111022,A,O,P04,11.45,11.45,feldpausch_regional,0.18,default,1.0,11.28,11.58
SFX_A01,13,Astronium gracile,Anacardiaceae,289266.6817,9289879.862,0.73,2.631037012,60.8,19.15,12.46,20111022,A,O,P04,32.13,32.13,feldpausch_regional,0.18,default,1.0,60.98,32.17
SFX_A01,14,NI,NI,289268.6817,9289879.862,0.62,,15.7,,,20111022,A,O,P04,14.6,14.6,feldpausch_regional,0.18,default,1.0,15.88,14.71
SFX_A01,15,,,289259.6817,9289877.262,0.45,,27.8,,,20111025,D,O,P04,21.14,21.14,feldpausch_regional,0.18,default,1.0,27.98,21.22
SFX_A01,16,Eschweilera parviflora,Lecythidaceae,289255.6817,9289876.262,0.89,,14.9,,,20111022,A,O,P04,14.08,14.08,feldpausch_regional,0.18,default,1.0,15.08,14.2
SFX_A01,17,Dalbergia melanoxylon,Fabaceae,289271.6817,9289876.562,0.8,,12.3,,,20111022,A,O,P04,12.32,12.32,feldpausch_regional,0.18,default,1.0,12.48,12.45
SFX_A01,18,Eschweilera parviflora,Lecythidaceae,289274.6817,9289874.962,0.89,,10.1,,,20111022,A,O,P04,10.7,10.7,feldpausch_regional,0.18,default,1.0,10.28,10.84
SFX_A01,19,Vataireopsis speciosa,Fabaceae,289275.6817,9289877.762,0.65,,13.7,,,20111022,A,O,P04,13.29,13.29,feldpausch_regional,0.18,default,1.0,13.88,13.41
SFX_A01,20,,,289276.6817,9289872.762,0.45,,18.7,,,20111025,D,O,P04,16.42,16.42,feldpausch_regional,0.18,default,1.0,18.88,16.53
SFX_A01,21,,,289272.6817,9289872.962,0.45,,15.1,,,20111025,D,O,P04,14.21,14.21,feldpausch_regional,0.18,default,1.0,15.28,14.33
SFX_A01,22,Tetragastris panamensis,Burseraceae,289263.6817,9289873.162,0.73,1.779399102,31.2,49.05,34.63,20111022,A,O,P04,22.65,22.65,feldpausch_regional,0.18,default,1.0,31.38,22.73
SFX_A01,23,Stryphnodendron pulcherrimum,Fabaceae,289263.5817,9289873.162,0.47,,12.5,,,20111022,A,O,P04,12.46,12.46,feldpausch_regional,0.18,default,1.0,12.68,12.59
SFX_A01,24,,,289260.5817,9289873.162,,0.013152273,10.8,,,20111025,A,L,P04,11.23,11.23,feldpausch_regional,0.18,default,1.0,10.98,11.36
SFX_A01,25,,,289259.6817,9289872.262,0.45,0.405911999,46.6,10.5,,20111025,D,O,P04,28.26,28.26,feldpausch_regional,0.18,default,1.0,46.78,28.32
SFX_A01,26,Protium heptaphyllum,Burseraceae,289258.6817,9289871.262,0.62,,13.7,,,20111022,A,O,P04,13.29,13.29,feldpausch_regional,0.18,default,1.0,13.88,13.41
SFX_A01,27,Neea oppositifolia,Nyctaginaceae,289261.6817,9289869.262,0.89,,10.9,,,20111022,A,O,P04,11.3,11.3,feldpausch_regional,0.18,default,1.0,11.08,11.44
SFX_A01,28,Brosimum obovata,Moraceae,289262.6817,9289865.562,0.68,,15.3,,,20111022,A,O,P04,14.34,14.34,feldpausch_regional,0.18,default,1.0,15.48,14.46
SFX_A01,29,,,289262.6817,9289870.262,,0.014208072,12.5,,,20111025,A,L,P04,12.46,12.46,feldpausch_regional,0.18,default,1.0,12.68,12.59
SFX_A01,30,Galipea trifoliata,NI,289266.6817,9289871.262,0.62,,17.4,,,20111022,A,O,P04,15.65,15.65,feldpausch_regional,0.18,default,1.0,17.58,15.76
SFX_A01,31,Theobroma glaucum,Malvaceae,289270.6817,9289868.262,0.53,,10.8,,,20111022,A,O,P04,11.23,11.23,feldpausch_regional,0.18,default,1.0,10.98,11.36
SFX_A01,32,Dialium guianense,Fabaceae,289271.6817,9289867.462,0.89,,14.5,,,20111022,A,O,P04,13.82,13.82,feldpausch_regional,0.18,default,1.0,14.68,13.94
SFX_A01,33,Tetragastris panamensis,Burseraceae,289268.6817,9289864.262,0.73,,33.1,,,20111022,A,O,P04,23.44,23.44,feldpausch_regional,0.18,default,1.0,33.28,23.52
SFX_A01,34,Pouteria gongrijpii,Sapotaceae,289264.6817,9289862.262,0.8,,42.8,,,20111022,A,O,P04,27.04,27.04,feldpausch_regional,0.18,default,1.0,42.98,27.1
SFX_A01,35,Eschweilera coriacea,Lecythidaceae,289269.6817,9289858.262,0.85,,12.4,,,20111022,A,O,P04,12.39,12.39,feldpausch_regional,0.18,default,1.0,12.58,12.52
SFX_A01,36,Theobroma glaucum,Malvaceae,289272.6817,9289862.262,0.53,0.053297689,12.1,13.5,8.59,20111022,A,O,P04,12.18,12.18,feldpausch_regional,0.18,default,1.0,12.28,12.31
SFX_A01,37,Alibertia edulis,Rubiaceae,289279.1817,9289865.262,0.76,,12.8,,,20111022,A,O,P04,12.67,12.67,feldpausch_regional,0.18,default,1.0,12.98,12.8
SFX_A01,38,Ormosia grossa,Fabaceae,289275.6817,9289862.262,0.62,0.03854441,10.8,10.46,6.75,20111022,A,O,P04,11.23,11.23,feldpausch_regional,0.18,default,1.0,10.98,11.36
SFX_A01,39,Oenocarpus bacaba,Arecaceae,289278.6817,9289862.262,0.65,0.079893661,19.5,,,20111022,A,P,P04,16.88,16.88,feldpausch_regional,0.18,default,1.0,19.68,16.99
SFX_A01,40,Pourouma minor,Urticaceae,289273.6817,9289857.262,0.44,,22.2,,,20111022,A,O,P04,18.37,18.37,feldpausch_regional,0.18,default,1.0,22.38,18.46
SFX_A01,41,,,289272.6817,9289853.762,,0.014601611,13.2,,,20111025,A,L,P04,12.95,12.95,feldpausch_regional,0.18,default,1.0,13.38,13.07
SFX_A01,42,Theobroma glaucum,Malvaceae,289275.6817,9289852.762,0.53,,10.8,,,20111022,A,O,P04,11.23,11.23,feldpausch_regional,0.18,default,1.0,10.98,11.36
SFX_A01,43,Theobroma glaucum,Malvaceae,289274.6817,9289853.262,0.53,0.084307266,14.8,14.28,10.96,20111022,A,O,P04,14.02,14.02,feldpausch_regional,0.18,default,1.0,14.98,14.14
SFX_A01,44,Parkia paraensis,Fabaceae,289279.5817,9289847.362,0.42,1.96440549,53.9,32.01,20.4,20111022,A,O,P04,30.37,30.37,feldpausch_regional,0.18,default,1.0,54.08,30.42
SFX_A01,45,Pouteria gongrijpii,Sapotaceae,289279.1817,9289853.562,0.8,,17.4,,,20111022,A,O,P04,15.65,15.65,feldpausch_regional,0.18,default,1.0,17.58,15.76
SFX_A01,46,Bertholletia excelsa,Lecythidaceae,289279.7817,9289852.862,0.64,6.744319318,77.0,34.92,25.51,20111022,A,O,P04,35.49,35.49,feldpausch_regional,0.18,default,1.0,77.18,35.53
SFX_A01,47,,,289281.6817,9289853.562,0.7,,28.1,,,20111025,D,O,P04,21.28,21.28,feldpausch_regional,0.18,default,1.0,28.28,21.36
SFX_A01,48,Alibertia edulis,Rubiaceae,289280.6817,9289855.262,0.76,,13.6,,,20111022,A,O,P04,13.22,13.22,feldpausch_regional,0.18,default,1.0,13.78,13.34
SFX_A01,50,Helicostylis sp.,Moraceae,289285.6817,9289854.462,0.65,,15.3,,,20111022,A,O,P04,14.34,14.34,feldpausch_regional,0.18,default,1.0,15.48,14.46
SFX_A01,52,Hevea brasiliensis,Euphorbiaceae,289291.6817,9289859.862,0.49,0.288479682,27.6,15.12,6.21,20111022,A,O,P04,21.05,21.05,feldpausch_regional,0.18,default,1.0,27.78,21.13
SFX_A01,53,Guarea guidonia,Meliaceae,289286.6817,9289861.662,0.55,,12.8,,,20111022,A,O,P04,12.67,12.67,feldpausch_regional,0.18,default,1.0,12.98,12.8
SFX_A01,54,Astrocaryum aculeatum,Arecaceae,289285.6817,9289862.862,0.51,0.105939516,22.7,,,20111022,A,P,P04,18.63,18.63,feldpausch_regional,0.18,default,1.0,22.88,18.72
SFX_A01,55,Inga thibaudiana,Fabaceae,289281.6817,9289864.662,0.58,,14.1,,,20111022,A,O,P04,13.56,13.56,feldpausch_regional,0.18,default,1.0,14.28,13.68
SFX_A01,56,Dalbergia melanoxylon,Fabaceae,289282.6817,9289867.662,0.8,,29.9,,,20111022,A,O,P04,22.09,22.09,feldpausch_regional,0.18,default,1.0,30.08,22.16
SFX_A01,57,Neea oppositifolia,Nyctaginaceae,289297.6817,9289864.262,0.89,,10.0,,,20111022,A,O,P04,10.62,10.62,feldpausch_regional,0.18,default,1.0,10.18,10.76
SFX_A01,58,Jacaranda copaia,Bignoniaceae,289296.6817,9289865.762,0.35,2.915408821,70.1,32.97,20.81,20111022,A,O,P04,34.17,34.17,feldpausch_regional,0.18,default,1.0,70.28,34.21
SFX_A01,59,Dalbergia melanoxylon,Fabaceae,289298.6817,9289865.762,0.8,,12.1,,,20111022,A,O,P04,12.18,12.18,feldpausch_regional,0.18,default,1.0,12.28,12.31
SFX_A01,60,Dalbergia melanoxylon,Fabaceae,289298.6817,9289865.862,0.8,,13.6,,,20111022,A,O,P04,13.22,13.22,feldpausch_regional,0.18,default,1.0,13.78,13.34
SFX_A01,62,Pouteria sp.,Sapotaceae,289294.6817,9289868.662,0.78,,13.1,,,20111022,A,O,P04,12.88,12.88,feldpausch_regional,0.18,default,1.0,13.28,13.0
SFX_A01,63,Lacunaria jenmanii,Quiinaceae,289295.6817,9289869.662,0.8,,12.5,,,20111022,A,O,P04,12.46,12.46,feldpausch_regional,0.18,default,1.0,12.68,12.59
SFX_A01,64,Cordia scabrifolia,Boraginaceae,289295.6817,9289872.662,0.47,,16.1,,,20111022,A,O,P04,14.85,14.85,feldpausch_regional,0.18,default,1.0,16.28,14.96
SFX_A01,65,Neea oppositifolia,Nyctaginaceae,289293.6817,9289871.662,0.89,,10.9,,,20111022,A,O,P04,11.3,11.3,feldpausch_regional,0.18,default,1.0,11.08,11.44
SFX_A01,66,Strychnos subcordata,Loganiaceae,289290.6817,9289869.662,0.54,,13.1,,,20111022,A,O,P04,12.88,12.88,feldpausch_regional,0.18,default,1.0,13.28,13.0
SFX_A01,67,Inga marginata,Fabaceae,289288.6817,9289870.362,0.57,,17.6,,,20111022,A,O,P04,15.77,15.77,feldpausch_regional,0.18,default,1.0,17.78,15.88
SFX_A01,68,Thyrsodium paraense,Anacardiaceae,289299.6817,9289877.262,0.61,0.081705649,16.2,9.97,7.99,20111022,A,O,P04,14.91,14.91,feldpausch_regional,0.18,default,1.0,16.38,15.03
SFX_A01,69,Brosimum rubescens,Moraceae,289294.6817,9289876.262,0.83,4.020042565,48.6,40.52,23.14,20111022,A,O,P04,28.87,28.87,feldpausch_regional,0.18,default,1.0,48.78,28.92
SFX_A01,70,Cordia scabrifolia,Boraginaceae,289292.6817,9289878.262,0.47,,12.5,,,20111022,A,O,P04,12.46,12.46,feldpausch_regional,0.18,default,1.0,12.68,12.59
SFX_A01,71,Dalbergia melanoxylon,Fabaceae,289292.6817,9289877.962,0.8,,11.0,,,20111022,A,O,P04,11.38,11.38,feldpausch_regional,0.18,default,1.0,11.18,11.51
SFX_A01,72,Pouteria sp.,Sapotaceae,289288.6817,9289876.962,0.78,,13.0,,,20111022,A,O,P04,12.81,12.81,feldpausch_regional,0.18,default,1.0,13.18,12.93
SFX_A01,73,Neea oppositifolia,Nyctaginaceae,289292.6817,9289882.262,0.89,,10.9,,,20111022,A,O,P04,11.3,11.3,feldpausch_regional,0.18,default,1.0,11.08,11.44
SFX_A01,74,Strychnos subcordata,Loganiaceae,289292.6817,9289874.262,0.54,,11.9,,,20111022,A,O,P04,12.03,12.03,feldpausch_regional,0.18,default,1.0,12.08,12.16
SFX_A01,75,Dalbergia melanoxylon,Fabaceae,289289.6817,9289878.262,0.8,,26.4,,,20111022,A,O,P04,20.48,20.48,feldpausch_regional,0.18,default,1.0,26.58,20.57
SFX_A01,76,Vitex triflora,Lamiaceae,289291.6817,9289875.262,0.56,,10.5,,,20111022,A,O,P04,11.0,11.0,feldpausch_regional,0.18,default,1.0,10.68,11.14
SFX_A01,77,Inga marginata,Fabaceae,289282.6817,9289875.262,0.57,,16.0,,,20111022,A,O,P04,14.79,14.79,feldpausch_regional,0.18,default,1.0,16.18,14.9
SFX_A01,78,Dalbergia melanoxylon,Fabaceae,289281.6817,9289874.662,0.8,,15.3,,,20111022,A,O,P04,14.34,14.34,feldpausch_regional,0.18,default,1.0,15.48,14.46
SFX_A01,79,Neea oppositifolia,Nyctaginaceae,289280.6817,9289881.462,0.89,0.171440084,18.9,10.56,6.31,20111022,A,O,P04,16.54,16.54,feldpausch_regional,0.18,default,1.0,19.08,16.64
SFX_A01,80,Eriotheca globosa,Malvaceae,289287.6817,9289882.262,0.41,,15.4,,,20111022,A,O,P04,14.41,14.41,feldpausch_regional,0.18,default,1.0,15.58,14.52
SFX_A01,81,Tetragastris panamensis,Burseraceae,289288.6817,9289883.262,0.73,,11.0,,,20111022,A,O,P04,11.38,11.38,feldpausch_regional,0.18,default,1.0,11.18,11.51
SFX_A01,82,Dalbergia melanoxylon,Fabaceae,289284.6817,9289885.762,0.8,,31.4,,,20111022,A,O,P04,22.73,22.73,feldpausch_regional,0.18,default,1.0,31.58,22.81
SFX_A01,83,Pourouma minor,Urticaceae,289290.6817,9289888.262,0.44,,18.2,,,20111022,A,O,P04,16.13,16.13,feldpausch_regional,0.18,default,1.0,18.38,16.24
SFX_A01,84,Guatteria schomburgkiana,Annonaceae,289289.6817,9289891.262,0.6,,30.0,,,20111022,A,O,P04,22.13,22.13,feldpausch_regional,0.18,default,1.0,30.18,22.21
SFX_A01,85,Neea oppositifolia,Nyctaginaceae,289284.6817,9289894.762,0.89,,13.3,,,20111022,A,O,P04,13.02,13.02,feldpausch_regional,0.18,default,1.0,13.48,13.14
SFX_A01,86,Pouteria sp.,Sapotaceae,289282.6817,9289896.762,0.78,,10.0,,,20111022,A,O,P04,10.62,10.62,feldpausch_regional,0.18,default,1.0,10.18,10.76
SFX_A01,87,Inga sp.,Fabaceae,289282.6817,9289895.262,0.58,,11.0,,,20111022,A,O,P04,11.38,11.38,feldpausch_regional,0.18,default,1.0,11.18,11.51
SFX_A01,88,Tetragastris panamensis,Burseraceae,289281.6817,9289898.262,0.73,,11.5,,,20111022,A,O,P04,11.75,11.75,feldpausch_regional,0.18,default,1.0,11.68,11.88
SFX_A01,1,Attalea maripa,Arecaceae,289470.4439,9291442.865,0.33,0.138262176,26.2,,,20111024,A,P,P05,20.38,20.38,feldpausch_regional,0.18,default,1.0,26.38,20.47
SFX_A01,2,Galipea trifoliata,NI,289467.4439,9291441.865,0.62,,12.4,,,20111024,A,O,P05,12.39,12.39,feldpausch_regional,0.18,default,1.0,12.58,12.52
SFX_A01,3,Theobroma glaucum,Malvaceae,289466.4439,9291441.365,0.53,,12.3,,,20111024,A,O,P05,12.32,12.32,feldpausch_regional,0.18,default,1.0,12.48,12.45
SFX_A01,4,Thyrsodium paraense,Anacardiaceae,289464.4439,9291438.165,0.61,,14.6,,,20111024,A,O,P05,13.89,13.89,feldpausch_regional,0.18,default,1.0,14.78,14.01
SFX_A01,5,Cecropia palmata,Urticaceae,289461.4439,9291438.165,0.35,,12.6,,,20111024,A,O,P05,12.53,12.53,feldpausch_regional,0.18,default,1.0,12.78,12.66
SFX_A01,6,Ficus maxima,Moraceae,289456.3439,9291438.165,0.37,,12.1,,,20111024,A,O,P05,12.18,12.18,feldpausch_regional,0.18,default,1.0,12.28,12.31
SFX_A01,7,,,289474.3439,9291437.965,0.45,,13.5,,,20111025,D,O,P05,13.15,13.15,feldpausch_regional,0.18,default,1.0,13.68,13.28
SFX_A01,8,,,289467.4439,9291436.865,0.58,,12.0,,,20111025,D,O,P05,12.11,12.11,feldpausch_regional,0.18,default,1.0,12.18,12.23
SFX_A01,9,Sloanea guianensis,Elaeocarpaceae,289471.4439,9291430.865,0.82,,11.5,,,20111024,A,O,P05,11.75,11.75,feldpausch_regional,0.18,default,1.0,11.68,11.88
SFX_A01,10,Sloanea guianensis,Elaeocarpaceae,289470.4439,9291427.865,0.82,,12.1,,,20111024,A,O,P05,12.18,12.18,feldpausch_regional,0.18,default,1.0,12.28,12.31
SFX_A01,11,Guatteria schomburgkiana,Annonaceae,289470.6439,9291424.665,0.6,,12.6,,,20111024,A,O,P05,12.53,12.53,feldpausch_regional,0.18,default,1.0,12.78,12.66
SFX_A01,12,Inga marginata,Fabaceae,289473.9439,9291423.965,0.57,,10.7,,,20111024,A,O,P05,11.15,11.15,feldpausch_regional,0.18,default,1.0,10.88,11.29
SFX_A01,13,Tachigali alba,Fabaceae,289456.4439,9291425.465,0.56,0.177112022,17.3,20.75,11.54,20111024,A,O,P05,15.59,15.59,feldpausch_regional,0.18,default,1.0,17.48,15.7
SFX_A01,14,Theobroma glaucum,Malvaceae,289453.4439,9291425.865,0.53,,12.8,,,20111024,A,O,P05,12.67,12.67,feldpausch_regional,0.18,default,1.0,12.98,12.8
SFX_A01,15,Theobroma glaucum,Malvaceae,289456.4439,9291420.865,0.53,,10.1,,,20111024,A,O,P05,10.7,10.7,feldpausch_regional,0.18,default,1.0,10.28,10.84
SFX_A01,16,Guarea guidonia,Meliaceae,289461.4439,9291416.865,0.55,,10.9,,,20111024,A,O,P05,11.3,11.3,feldpausch_regional,0.18,default,1.0,11.08,11.44
SFX_A01,17,Guatteria schomburgkiana,Annonaceae,289467.6439,9291416.365,0.6,,20.5,,,20111024,A,O,P05,17.45,17.45,feldpausch_regional,0.18,default,1.0,20.68,17.54
SFX_A01,18,Dalbergia melanoxylon,Fabaceae,289471.4439,9291416.865,0.8,,17.9,,,20111024,A,O,P05,15.95,15.95,feldpausch_regional,0.18,default,1.0,18.08,16.06
SFX_A01,19,Bertholletia excelsa,Lecythidaceae,289467.4439,9291416.865,0.64,,14.5,,,20111024,A,O,P05,13.82,13.82,feldpausch_regional,0.18,default,1.0,14.68,13.94
SFX_A01,20,Cordia scabrifolia,Boraginaceae,289466.4439,9291413.065,0.47,,12.3,,,20111024,A,O,P05,12.32,12.32,feldpausch_regional,0.18,default,1.0,12.48,12.45
SFX_A01,21,Ocotea glomerata,Lauraceae,289466.4439,9291410.665,0.51,6.653408935,74.5,46.35,29.98,20111024,A,O,P05,35.03,35.03,feldpausch_regional,0.18,default,1.0,74.68,35.07
SFX_A01,24,Attalea maripa,Arecaceae,289477.4439,9291410.165,0.33,0.131481006,25.5,,,20111024,A,P,P05,20.05,20.05,feldpausch_regional,0.18,default,1.0,25.68,20.13
SFX_A01,25,Dalbergia melanoxylon,Fabaceae,289477.4439,9291411.465,0.8,,33.8,,,20111024,A,O,P05,23.73,23.73,feldpausch_regional,0.18,default,1.0,33.98,23.8
SFX_A01,28,Brosimum obovata,Moraceae,289475.4439,9291416.865,0.68,,15.9,,,20111024,A,O,P05,14.73,14.73,feldpausch_regional,0.18,default,1.0,16.08,14.84
SFX_A01,29,Mimosa hostilis,Fabaceae,289476.4439,9291419.865,0.45,,17.7,,,20111024,A,O,P05,15.83,15.83,feldpausch_regional,0.18,default,1.0,17.88,15.94
SFX_A01,30,Mimosa hostilis,Fabaceae,289476.4439,9291419.865,0.45,,11.1,,,20111024,A,O,P05,11.45,11.45,feldpausch_regional,0.18,default,1.0,11.28,11.58
SFX_A01,31,,,289482.4439,9291419.465,0.58,0.017879152,15.0,2.71,,20111025,D,O,P05,14.15,14.15,feldpausch_regional,0.18,default,1.0,15.18,14.27
SFX_A01,32,Dalbergia melanoxylon,Fabaceae,289480.4439,9291422.065,0.8,0.350041851,30.6,9.18,6.25,20111024,A,O,P05,22.39,22.39,feldpausch_regional,0.18,default,1.0,30.78,22.47
SFX_A01,33,Theobroma glaucum,Malvaceae,289476.4439,9291423.165,0.53,0.014859781,10.4,5.1,3.09,20111024,A,O,P05,10.93,10.93,feldpausch_regional,0.18,default,1.0,10.58,11.06
SFX_A01,34,Dalbergia melanoxylon,Fabaceae,289479.4439,9291425.865,0.8,,30.5,,,20111024,A,O,P05,22.35,22.35,feldpausch_regional,0.18,default,1.0,30.68,22.43
SFX_A01,35,Jacaranda copaia,Bignoniaceae,289477.4439,9291427.265,0.35,,25.5,,,20111024,A,O,P05,20.05,20.05,feldpausch_regional,0.18,default,1.0,25.68,20.13
SFX_A01,36,Astronium gracile,Anacardiaceae,289487.4439,9291424.365,0.73,,27.4,,,20111024,A,O,P05,20.95,20.95,feldpausch_regional,0.18,default,1.0,27.58,21.04
SFX_A01,37,Poeppigia sp.,Fabaceae,289489.4439,9291427.865,0.69,,10.7,,,20111024,A,O,P05,11.15,11.15,feldpausch_regional,0.18,default,1.0,10.88,11.29
SFX_A01,38,,,289490.4439,9291428.765,0.58,,12.6,,,20111025,D,O,P05,12.53,12.53,feldpausch_regional,0.18,default,1.0,12.78,12.66
SFX_A01,39,Stryphnodendron pulcherrimum,Fabaceae,289491.4439,9291428.665,0.47,,11.0,,,20111024,A,O,P05,11.38,11.38,feldpausch_regional,0.18,default,1.0,11.18,11.51
SFX_A01,40,Nectandra cuspidata,Lauraceae,289492.4439,9291428.365,0.56,,21.4,,,20111024,A,O,P05,17.94,17.94,feldpausch_regional,0.18,default,1.0,21.58,18.04
SFX_A01,41,Stryphnodendron pulcherrimum,Fabaceae,289494.4439,9291425.865,0.47,,10.2,,,20111024,A,O,P05,10.78,10.78,feldpausch_regional,0.18,default,1.0,10.38,10.91
SFX_A01,42,Neea oppositifolia,Nyctaginaceae,289499.4439,9291428.665,0.89,,17.5,,,20111024,A,O,P05,15.71,15.71,feldpausch_regional,0.18,default,1.0,17.68,15.82
SFX_A01,43,Attalea maripa,Arecaceae,289498.4439,9291430.065,0.33,0.155383486,27.9,,,20111024,A,P,P05,21.18,21.18,feldpausch_regional,0.18,default,1.0,28.08,21.27
SFX_A01,45,Castilla ulei,Moraceae,289492.4439,9291435.965,0.82,,28.9,,,20111024,A,O,P05,21.64,21.64,feldpausch_regional,0.18,default,1.0,29.08,21.72
SFX_A01,46,Neea oppositifolia,Nyctaginaceae,289491.4439,9291438.865,0.89,,18.4,,,20111024,A,O,P05,16.25,16.25,feldpausch_regional,0.18,default,1.0,18.58,16.35
SFX_A01,47,Helicostylis sp.,Moraceae,289490.4439,9291434.865,0.65,,14.4,,,20111024,A,O,P05,13.76,13.76,feldpausch_regional,0.18,default,1.0,14.58,13.88
SFX_A01,48,Couratari stellata,Lecythidaceae,289489.4439,9291432.865,0.63,,16.5,,,20111024,A,O,P05,15.1,15.1,feldpausch_regional,0.18,default,1.0,16.68,15.21
SFX_A01,49,Inga marginata,Fabaceae,289483.4439,9291430.865,0.57,,17.4,,,20111024,A,O,P05,15.65,15.65,feldpausch_regional,0.18,default,1.0,17.58,15.76
SFX_A01,50,,,289479.4439,9291432.365,0.45,,16.2,,,20111025,D,O,P05,14.91,14.91,feldpausch_regional,0.18,default,1.0,16.38,15.03
SFX_A01,51,Guatteria schomburgkiana,Annonaceae,289474.5439,9291436.365,0.6,,15.8,,,20111024,A,O,P05,14.66,14.66,feldpausch_regional,0.18,default,1.0,15.98,14.78
SFX_A01,52,,,289474.7439,9291442.865,0.45,,17.0,,,20111025,D,O,P05,15.41,15.41,feldpausch_regional,0.18,default,1.0,17.18,15.52
SFX_A01,53,Theobroma glaucum,Malvaceae,289477.4439,9291445.565,0.53,,11.2,,,20111024,A,O,P05,11.53,11.53,feldpausch_regional,0.18,default,1.0,11.38,11.66
SFX_A01,54,Inga marginata,Fabaceae,289480.4439,9291441.865,0.57,,17.9,,,20111024,A,O,P05,15.95,15.95,feldpausch_regional,0.18,default,1.0,18.08,16.06
SFX_A01,55,Nectandra cuspidata,Lauraceae,289479.4439,9291446.865,0.56,0.03751128,12.2,8.84,4.52,20111024,A,O,P05,12.25,12.25,feldpausch_regional,0.18,default,1.0,12.38,12.38
SFX_A01,56,Enterolobium schomburgkii,Fabaceae,289484.4439,9291445.465,0.71,,12.7,,,20111024,A,O,P05,12.6,12.6,feldpausch_regional,0.18,default,1.0,12.88,12.73
SFX_A01,58,NI,NI,289476.4439,9291452.865,0.62,,23.6,,,20111024,A,O,P05,19.1,19.1,feldpausch_regional,0.18,default,1.0,23.78,19.19
SFX_A01,2,Neea oppositifolia,Nyctaginaceae,289485.4339,9291608.337,0.89,,13.3,,,20111024,A,O,P06,13.02,13.02,feldpausch_regional,0.18,default,1.0,13.48,13.14
SFX_A01,3,Neea oppositifolia,Nyctaginaceae,289486.4339,9291606.837,0.89,,11.2,,,20111024,A,O,P06,11.53,11.53,feldpausch_regional,0.18,default,1.0,11.38,11.66
SFX_A01,4,Neea oppositifolia,Nyctaginaceae,289483.4339,9291604.337,0.89,,12.0,,,20111024,A,O,P06,12.11,12.11,feldpausch_regional,0.18,default,1.0,12.18,12.23
SFX_A01,5,NI,NI,289485.4339,9291605.037,0.62,,11.0,,,20111024,A,O,P06,11.38,11.38,feldpausch_regional,0.18,default,1.0,11.18,11.51
SFX_A01,6,Neea oppositifolia,Nyctaginaceae,289491.4339,9291607.337,0.89,,11.3,,,20111024,A,O,P06,11.6,11.6,feldpausch_regional,0.18,default,1.0,11.48,11.73
SFX_A01,7,Mimosa hostilis,Fabaceae,289488.4339,9291609.037,0.45,,12.8,,,20111024,A,O,P06,12.67,12.67,feldpausch_regional,0.18,default,1.0,12.98,12.8
SFX_A01,8,Cordia scabrifolia,Boraginaceae,289490.4339,9291603.537,0.47,,11.3,,,20111024,A,O,P06,11.6,11.6,feldpausch_regional,0.18,default,1.0,11.48,11.73
SFX_A01,9,Astronium gracile,Anacardiaceae,289476.4339,9291600.337,0.73,0.03237525,10.5,7.9,6.11,20111024,A,O,P06,11.0,11.0,feldpausch_regional,0.18,default,1.0,10.68,11.14
SFX_A01,10,Astrocaryum aculeatum,Arecaceae,289478.4339,9291599.337,0.51,0.102499113,22.3,,,20111024,A,P,P06,18.42,18.42,feldpausch_regional,0.18,default,1.0,22.48,18.52
SFX_A01,11,Terminalia amazonia,Combretaceae,289479.4339,9291601.337,0.68,,14.9,,,20111024,A,O,P06,14.08,14.08,feldpausch_regional,0.18,default,1.0,15.08,14.2
SFX_A01,12,Neea oppositifolia,Nyctaginaceae,289480.4339,9291600.537,0.89,,11.4,,,20111024,A,O,P06,11.67,11.67,feldpausch_regional,0.18,default,1.0,11.58,11.8
SFX_A01,13,Neea oppositifolia,Nyctaginaceae,289481.4339,9291600.437,0.89,,12.4,,,20111024,A,O,P06,12.39,12.39,feldpausch_regional,0.18,default,1.0,12.58,12.52
SFX_A01,14,Couratari stellata,Lecythidaceae,289482.4339,9291599.337,0.63,,10.6,,,20111024,A,O,P06,11.08,11.08,feldpausch_regional,0.18,default,1.0,10.78,11.21
SFX_A01,15,Neea oppositifolia,Nyctaginaceae,289489.4339,9291596.037,0.89,,23.0,,,20111024,A,O,P06,18.79,18.79,feldpausch_regional,0.18,default,1.0,23.18,18.88
SFX_A01,16,Socratea exorrhiza,Arecaceae,289486.4339,9291594.537,0.62,0.074649894,18.8,,,20111024,A,P,P06,16.48,16.48,feldpausch_regional,0.18,default,1.0,18.98,16.59
SFX_A01,17,Nectandra cuspidata,Lauraceae,289487.4339,9291593.337,0.56,,13.2,,,20111024,A,O,P06,12.95,12.95,feldpausch_regional,0.18,default,1.0,13.38,13.07
SFX_A01,18,Inga sp.,Fabaceae,289485.4339,9291595.937,0.58,,12.2,,,20111024,A,O,P06,12.25,12.25,feldpausch_regional,0.18,default,1.0,12.38,12.38
SFX_A01,19,,,289485.4339,9291595.837,0.58,,10.3,,,20111025,D,O,P06,10.85,10.85,feldpausch_regional,0.18,default,1.0,10.48,10.99
SFX_A01,20,Mimosa hostilis,Fabaceae,289494.4339,9291600.237,0.45,,14.7,,,20111024,A,O,P06,13.95,13.95,feldpausch_regional,0.18,default,1.0,14.88,14.07
SFX_A01,21,Mimosa hostilis,Fabaceae,289494.5339,9291600.237,0.45,,16.5,,,20111024,A,O,P06,15.1,15.1,feldpausch_regional,0.18,default,1.0,16.68,15.21
SFX_A01,22,Cecropia ficifolia,Urticaceae,289495.4339,9291600.237,0.27,0.55939655,39.3,26.75,16.89,20111024,A,O,P06,25.82,25.82,feldpausch_regional,0.18,default,1.0,39.48,25.89
SFX_A01,23,Mimosa hostilis,Fabaceae,289495.4339,9291593.437,0.45,,22.0,,,20111024,A,O,P06,18.26,18.26,feldpausch_regional,0.18,default,1.0,22.18,18.36
SFX_A01,24,Mimosa hostilis,Fabaceae,289493.4339,9291591.637,0.45,,17.4,,,20111024,A,O,P06,15.65,15.65,feldpausch_regional,0.18,default,1.0,17.58,15.76
SFX_A01,25,Mimosa hostilis,Fabaceae,289493.4339,9291591.437,0.45,,14.8,,,20111024,A,O,P06,14.02,14.02,feldpausch_regional,0.18,default,1.0,14.98,14.14
SFX_A01,26,Mimosa hostilis,Fabaceae,289493.9339,9291595.337,0.45,0.053462032,13.0,13.81,4.51,20111024,A,O,P06,12.81,12.81,feldpausch_regional,0.18,default,1.0,13.18,12.93
SFX_A01,27,Neea oppositifolia,Nyctaginaceae,289495.9339,9291589.337,0.89,,14.4,,,20111024,A,O,P06,13.76,13.76,feldpausch_regional,0.18,default,1.0,14.58,13.88
SFX_A01,28,Galipea trifoliata,NI,289495.4339,9291580.737,0.62,,12.2,,,20111024,A,O,P06,12.25,12.25,feldpausch_regional,0.18,default,1.0,12.38,12.38
SFX_A01,32,Astronium gracile,Anacardiaceae,289501.4339,9291581.337,0.73,,24.3,,,20111024,A,O,P06,19.45,19.45,feldpausch_regional,0.18,default,1.0,24.48,19.54
SFX_A01,33,Rinorea racemosa,Violaceae,289496.6339,9291580.937,0.68,,11.3,,,20111024,A,O,P06,11.6,11.6,feldpausch_regional,0.18,default,1.0,11.48,11.73
SFX_A01,34,Neea oppositifolia,Nyctaginaceae,289497.4339,9291585.637,0.89,,25.6,,,20111024,A,O,P06,20.09,20.09,feldpausch_regional,0.18,default,1.0,25.78,20.18
SFX_A01,35,Helicostylis sp.,Moraceae,289502.4339,9291582.737,0.65,2.512738796,46.2,35.44,25.19,20111024,A,O,P06,28.14,28.14,feldpausch_regional,0.18,default,1.0,46.38,28.19
SFX_A01,36,Rinorea racemosa,Violaceae,289504.4339,9291586.837,0.68,,13.6,,,20111024,A,O,P06,13.22,13.22,feldpausch_regional,0.18,default,1.0,13.78,13.34
SFX_A01,37,Jacaranda copaia,Bignoniaceae,289502.4339,9291587.737,0.35,,20.5,,,20111024,A,O,P06,17.45,17.45,feldpausch_regional,0.18,default,1.0,20.68,17.54
SFX_A01,38,Neea oppositifolia,Nyctaginaceae,289501.4339,9291587.737,0.89,,10.2,,,20111024,A,O,P06,10.78,10.78,feldpausch_regional,0.18,default,1.0,10.38,10.91
SFX_A01,39,Theobroma glaucum,Malvaceae,289499.4339,9291589.837,0.53,,11.5,,,20111024,A,O,P06,11.75,11.75,feldpausch_regional,0.18,default,1.0,11.68,11.88
SFX_A01,40,Couratari stellata,Lecythidaceae,289502.4339,9291591.537,0.63,,12.7,,,20111024,A,O,P06,12.6,12.6,feldpausch_regional,0.18,default,1.0,12.88,12.73
SFX_A01,41,Pourouma minor,Urticaceae,289504.4339,9291591.737,0.44,,19.0,,,20111024,A,O,P06,16.6,16.6,feldpausch_regional,0.18,default,1.0,19.18,16.7
SFX_A01,42,Inga marginata,Fabaceae,289508.4339,9291590.837,0.57,,31.4,,,20111024,A,O,P06,22.73,22.73,feldpausch_regional,0.18,default,1.0,31.58,22.81
SFX_A01,43,Pouteria gongrijpii,Sapotaceae,289507.4339,9291593.337,0.8,,18.2,,,20111024,A,O,P06,16.13,16.13,feldpausch_regional,0.18,default,1.0,18.38,16.24
SFX_A01,44,Rinorea racemosa,Violaceae,289508.4339,9291592.837,0.68,,10.3,,,20111024,A,O,P06,10.85,10.85,feldpausch_regional,0.18,default,1.0,10.48,10.99
SFX_A01,45,NI,NI,289507.4339,9291592.537,0.62,,12.0,,,20111024,A,O,P06,12.11,12.11,feldpausch_regional,0.18,default,1.0,12.18,12.23
SFX_A01,46,Neea oppositifolia,Nyctaginaceae,289502.4339,9291593.937,0.89,,14.0,,,20111024,A,O,P06,13.49,13.49,feldpausch_regional,0.18,default,1.0,14.18,13.61
SFX_A01,47,Neea oppositifolia,Nyctaginaceae,289508.4339,9291597.337,0.89,,10.7,,,20111024,A,O,P06,11.15,11.15,feldpausch_regional,0.18,default,1.0,10.88,11.29
SFX_A01,48,Pourouma minor,Urticaceae,289518.4339,9291599.337,0.44,,16.9,,,20111024,A,O,P06,15.35,15.35,feldpausch_regional,0.18,default,1.0,17.08,15.46
SFX_A01,49,Galipea trifoliata,NI,289514.4339,9291599.337,0.62,,14.2,,,20111024,A,O,P06,13.62,13.62,feldpausch_regional,0.18,default,1.0,14.38,13.74
SFX_A01,50,Vitex triflora,Lamiaceae,289521.4339,9291600.337,0.56,0.032886436,12.3,7.63,3.61,20111024,A,O,P06,12.32,12.32,feldpausch_regional,0.18,default,1.0,12.48,12.45
SFX_A01,51,Neea oppositifolia,Nyctaginaceae,289501.4339,9291598.337,0.89,,14.1,,,20111024,A,O,P06,13.56,13.56,feldpausch_regional,0.18,default,1.0,14.28,13.68
SFX_A01,52,Mimosa hostilis,Fabaceae,289497.4339,9291601.337,0.45,,19.0,,,20111024,A,O,P06,16.6,16.6,feldpausch_regional,0.18,default,1.0,19.18,16.7
SFX_A01,53,Mimosa hostilis,Fabaceae,289497.5339,9291601.337,0.45,,11.6,,,20111024,A,O,P06,11.82,11.82,feldpausch_regional,0.18,default,1.0,11.78,11.95
SFX_A01,54,Mimosa hostilis,Fabaceae,289497.6339,9291601.237,0.45,0.180144359,19.0,21.79,13.41,20111024,A,O,P06,16.6,16.6,feldpausch_regional,0.18,default,1.0,19.18,16.7
SFX_A01,55,Mimosa hostilis,Fabaceae,289497.5339,9291601.337,0.45,,16.7,,,20111024,A,O,P06,15.22,15.22,feldpausch_regional,0.18,default,1.0,16.88,15.34
SFX_A01,56,Mimosa hostilis,Fabaceae,289497.4339,9291600.937,0.45,,14.5,,,20111024,A,O,P06,13.82,13.82,feldpausch_regional,0.18,default,1.0,14.68,13.94
SFX_A01,57,Virola melinoni,Myristicaceae,289502.4339,9291602.137,0.48,1.144334272,43.0,25.54,21.6,20111024,A,O,P06,27.1,27.1,feldpausch_regional,0.18,default,1.0,43.18,27.16
SFX_A01,58,Neea oppositifolia,Nyctaginaceae,289503.4339,9291603.337,0.89,,10.6,,,20111024,A,O,P06,11.08,11.08,feldpausch_regional,0.18,default,1.0,10.78,11.21
SFX_A01,59,Pouteria sp.,Sapotaceae,289499.4339,9291605.337,0.78,,12.0,,,20111024,A,O,P06,12.11,12.11,feldpausch_regional,0.18,default,1.0,12.18,12.23
SFX_A01,60,,,289511.4339,9291602.537,0.58,,12.8,,,20111025,D,O,P06,12.67,12.67,feldpausch_regional,0.18,default,1.0,12.98,12.8
SFX_A01,61,Neea oppositifolia,Nyctaginaceae,289514.4339,9291604.537,0.89,,22.3,,,20111024,A,O,P06,18.42,18.42,feldpausch_regional,0.18,default,1.0,22.48,18.52
SFX_A01,62,Pouteria sp.,Sapotaceae,289511.4339,9291606.837,0.78,,30.4,,,20111024,A,O,P06,22.3,22.3,feldpausch_regional,0.18,default,1.0,30.58,22.38
SFX_A01,63,Neea oppositifolia,Nyctaginaceae,289509.4339,9291609.537,0.89,,15.2,,,20111024,A,O,P06,14.28,14.28,feldpausch_regional,0.18,default,1.0,15.38,14.39
SFX_A01,64,Astronium gracile,Anacardiaceae,289504.4339,9291608.337,0.73,,13.0,,,20111024,A,O,P06,12.81,12.81,feldpausch_regional,0.18,default,1.0,13.18,12.93
SFX_A01,65,Astrocaryum aculeatum,Arecaceae,289501.4339,9291611.137,0.51,0.112977242,23.5,,,20111024,A,P,P06,19.05,19.05,feldpausch_regional,0.18,default,1.0,23.68,19.14
SFX_A01,66,Galipea trifoliata,NI,289503.4339,9291611.137,0.62,,19.7,,,20111024,A,O,P06,17.0,17.0,feldpausch_regional,0.18,default,1.0,19.88,17.1
SFX_A01,67,Mimosa hostilis,Fabaceae,289500.4339,9291615.337,0.45,,15.4,,,20111024,A,O,P06,14.41,14.41,feldpausch_regional,0.18,default,1.0,15.58,14.52
SFX_A01,68,Mimosa hostilis,Fabaceae,289501.4339,9291615.937,0.45,,15.3,,,20111024,A,O,P06,14.34,14.34,feldpausch_regional,0.18,default,1.0,15.48,14.46
SFX_A01,69,Inga marginata,Fabaceae,289503.4339,9291618.837,0.57,,17.2,,,20111024,A,O,P06,15.53,15.53,feldpausch_regional,0.18,default,1.0,17.38,15.64
SFX_A01,70,Galipea trifoliata,NI,289502.4339,9291620.337,0.62,,10.4,,,20111024,A,O,P06,10.93,10.93,feldpausch_regional,0.18,default,1.0,10.58,11.06
SFX_A01,71,,,289497.9339,9291626.937,0.58,,14.2,,,20111025,D,O,P06,13.62,13.62,feldpausch_regional,0.18,default,1.0,14.38,13.74
SFX_A01,2,Pourouma minor,Urticaceae,289509.3277,9291786.836,0.44,,10.2,,,20111024,A,O,P07,10.78,10.78,feldpausch_regional,0.18,default,1.0,10.38,10.91
SFX_A01,3,Castilla ulei,Moraceae,289510.3277,9291784.836,0.82,,17.4,,,20111024,A,O,P07,15.65,15.65,feldpausch_regional,0.18,default,1.0,17.58,15.76
SFX_A01,4,Castilla ulei,Moraceae,289511.3277,9291782.836,0.82,,16.2,,,20111024,A,O,P07,14.91,14.91,feldpausch_regional,0.18,default,1.0,16.38,15.03
SFX_A01,5,Virola melinoni,Myristicaceae,289511.1277,9291782.136,0.48,,13.4,,,20111024,A,O,P07,13.08,13.08,feldpausch_regional,0.18,default,1.0,13.58,13.21
SFX_A01,6,NI,NI,289505.3277,9291779.836,0.62,,17.4,,,20111024,A,O,P07,15.65,15.65,feldpausch_regional,0.18,default,1.0,17.58,15.76
SFX_A01,8,,,289501.3277,9291781.536,0.58,,28.0,,,20111025,D,O,P07,21.23,21.23,feldpausch_regional,0.18,default,1.0,28.18,21.31
SFX_A01,10,Eschweilera parviflora,Lecythidaceae,289510.5277,9291779.236,0.89,,14.2,,,20111024,A,O,P07,13.62,13.62,feldpausch_regional,0.18,default,1.0,14.38,13.74
SFX_A01,11,,,289510.3277,9291777.836,,0.015572874,15.1,,,20111025,A,L,P07,14.21,14.21,feldpausch_regional,0.18,default,1.0,15.28,14.33
SFX_A01,12,,,289511.3277,9291778.136,,0.01301727,10.6,,,20111025,A,L,P07,11.08,11.08,feldpausch_regional,0.18,default,1.0,10.78,11.21
SFX_A01,13,,,289510.3277,9291773.536,,0.014601611,13.2,,,20111025,A,L,P07,12.95,12.95,feldpausch_regional,0.18,default,1.0,13.38,13.07
SFX_A01,14,Dalbergia melanoxylon,Fabaceae,289508.3277,9291774.736,0.8,,28.6,,,20111024,A,O,P07,21.5,21.5,feldpausch_regional,0.18,default,1.0,28.78,21.59
SFX_A01,15,Galipea trifoliata,NI,289504.3277,9291775.236,0.62,,13.7,,,20111024,A,O,P07,13.29,13.29,feldpausch_regional,0.18,default,1.0,13.88,13.41
SFX_A01,16,Neea oppositifolia,Nyctaginaceae,289499.3277,9291774.236,0.89,,28.5,,,20111024,A,O,P07,21.46,21.46,feldpausch_regional,0.18,default,1.0,28.68,21.54
SFX_A01,17,Stryphnodendron pulcherrimum,Fabaceae,289503.3277,9291774.836,0.47,,10.6,,,20111024,A,O,P07,11.08,11.08,feldpausch_regional,0.18,default,1.0,10.78,11.21
SFX_A01,18,Theobroma glaucum,Malvaceae,289494.3277,9291773.236,0.53,,12.6,,,20111024,A,O,P07,12.53,12.53,feldpausch_regional,0.18,default,1.0,12.78,12.66
SFX_A01,19,Dalbergia melanoxylon,Fabaceae,289494.3277,9291770.836,0.8,,12.0,,,20111024,A,O,P07,12.11,12.11,feldpausch_regional,0.18,default,1.0,12.18,12.23
SFX_A01,20,Eschweilera parviflora,Lecythidaceae,289501.3277,9291770.836,0.89,,12.3,,,20111024,A,O,P07,12.32,12.32,feldpausch_regional,0.18,default,1.0,12.48,12.45
SFX_A01,21,Stryphnodendron pulcherrimum,Fabaceae,289502.3277,9291770.536,0.47,0.028148498,11.0,9.72,5.21,20111024,A,O,P07,11.38,11.38,feldpausch_regional,0.18,default,1.0,11.18,11.51
SFX_A01,22,Dalbergia melanoxylon,Fabaceae,289511.3277,9291768.536,0.8,0.446655662,23.2,20.37,8.36,20111024,A,O,P07,18.89,18.89,feldpausch_regional,0.18,default,1.0,23.38,18.98
SFX_A01,23,Theobroma glaucum,Malvaceae,289504.3277,9291768.136,0.53,,10.6,,,20111024,A,O,P07,11.08,11.08,feldpausch_regional,0.18,default,1.0,10.78,11.21
SFX_A01,24,Dalbergia melanoxylon,Fabaceae,289508.3277,9291770.836,0.8,1.064411087,36.9,19.19,5.51,20111024,A,O,P07,24.94,24.94,feldpausch_regional,0.18,default,1.0,37.08,25.01
SFX_A01,25,,,289511.3277,9291772.136,0.58,7.972370444,120.0,29.04,,20111025,D,O,P07,41.12,41.12,feldpausch_regional,0.18,default,1.0,120.18,41.14
SFX_A01,26,,,289511.3277,9291771.036,,0.016169353,16.4,,,20111025,A,L,P07,15.04,15.04,feldpausch_regional,0.18,default,1.0,16.58,15.15
SFX_A01,27,Ceiba pentandra,Malvaceae,289506.3277,9291763.136,0.35,,25.1,,,20111024,A,O,P07,19.85,19.85,feldpausch_regional,0.18,default,1.0,25.28,19.94
SFX_A01,28,Theobroma glaucum,Malvaceae,289494.3277,9291766.336,0.53,,10.2,,,20111024,A,O,P07,10.78,10.78,feldpausch_regional,0.18,default,1.0,10.38,10.91
SFX_A01,29,Helicostylis sp.,Moraceae,289493.5277,9291766.836,0.65,,21.3,,,20111024,A,O,P07,17.88,17.88,feldpausch_regional,0.18,default,1.0,21.48,17.98
SFX_A01,30,Dalbergia melanoxylon,Fabaceae,289499.3277,9291764.536,0.8,,22.2,,,20111024,A,O,P07,18.37,18.37,feldpausch_regional,0.18,default,1.0,22.38,18.46
SFX_A01,31,,,289499.4277,9291763.336,0.58,,16.5,,,20111025,D,O,P07,15.1,15.1,feldpausch_regional,0.18,default,1.0,16.68,15.21
SFX_A01,32,Hymenaea courbaril,Fabaceae,289499.4277,9291760.036,0.79,3.572612251,60.5,24.36,22.81,20111024,A,O,P07,32.06,32.06,feldpausch_regional,0.18,default,1.0,60.68,32.1
SFX_A01,33,Tetragastris panamensis,Burseraceae,289498.3277,9291759.536,0.73,1.992310013,42.9,29.05,18.03,20111024,A,O,P07,27.07,27.07,feldpausch_regional,0.18,default,1.0,43.08,27.13
SFX_A01,34,Theobroma glaucum,Malvaceae,289504.3277,9291757.736,0.53,,12.3,,,20111024,A,O,P07,12.32,12.32,feldpausch_regional,0.18,default,1.0,12.48,12.45
SFX_A01,35,Pouteria gongrijpii,Sapotaceae,289506.3277,9291759.636,0.8,,19.7,,,20111024,A,O,P07,17.0,17.0,feldpausch_regional,0.18,default,1.0,19.88,17.1
SFX_A01,36,Pourouma minor,Urticaceae,289506.3277,9291759.736,0.44,,19.1,,,20111024,A,O,P07,16.65,16.65,feldpausch_regional,0.18,default,1.0,19.28,16.76
SFX_A01,37,Hymenolobium petraeum,Fabaceae,289511.3277,9291757.636,0.71,,21.3,,,20111024,A,O,P07,17.88,17.88,feldpausch_regional,0.18,default,1.0,21.48,17.98
SFX_A01,38,Galipea trifoliata,NI,289503.3277,9291752.036,0.62,,15.0,,,20111024,A,O,P07,14.15,14.15,feldpausch_regional,0.18,default,1.0,15.18,14.27
SFX_A01,39,Theobroma glaucum,Malvaceae,289503.4277,9291752.336,0.53,,11.2,,,20111024,A,O,P07,11.53,11.53,feldpausch_regional,0.18,default,1.0,11.38,11.66
SFX_A01,40,Dalbergia melanoxylon,Fabaceae,289507.3277,9291748.336,0.8,1.1786416,48.5,12.3,9.79,20111024,A,O,P07,28.84,28.84,feldpausch_regional,0.18,default,1.0,48.68,28.89
SFX_A01,41,Inga sp.,Fabaceae,289516.3277,9291743.836,0.58,,17.2,,,20111024,A,O,P07,15.53,15.53,feldpausch_regional,0.18,default,1.0,17.38,15.64
SFX_A01,42,Inga alba,Fabaceae,289514.3277,9291748.036,0.59,,31.1,,,20111024,A,O,P07,22.61,22.61,feldpausch_regional,0.18,default,1.0,31.28,22.68
SFX_A01,43,NI,NI,289517.3277,9291751.536,0.62,,12.8,,,20111024,A,O,P07,12.67,12.67,feldpausch_regional,0.18,default,1.0,12.98,12.8
SFX_A01,44,Pourouma minor,Urticaceae,289523.3277,9291751.536,0.44,,20.1,,,20111024,A,O,P07,17.22,17.22,feldpausch_regional,0.18,default,1.0,20.28,17.32
SFX_A01,45,NI,NI,289515.3277,9291752.636,0.62,,11.1,,,20111024,A,O,P07,11.45,11.45,feldpausch_regional,0.18,default,1.0,11.28,11.58
SFX_A01,46,NI,NI,289513.3277,9291752.336,0.62,,14.4,,,20111024,A,O,P07,13.76,13.76,feldpausch_regional,0.18,default,1.0,14.58,13.88
SFX_A01,47,Zollernia paraensis,Fabaceae,289514.3277,9291757.436,0.99,,19.4,,,20111024,A,O,P07,16.83,16.83,feldpausch_regional,0.18,default,1.0,19.58,16.93
SFX_A01,48,Tetragastris panamensis,Burseraceae,289517.3277,9291759.736,0.73,1.066065188,35.5,22.7,12.04,20111024,A,O,P07,24.4,24.4,feldpausch_regional,0.18,default,1.0,35.68,24.47
SFX_A01,49,,,289520.3277,9291758.536,0.58,0.665186024,63.1,6.71,,20111025,D,O,P07,32.66,32.66,feldpausch_regional,0.18,default,1.0,63.28,32.71
SFX_A01,50,NI,NI,289523.3277,9291758.836,0.62,,13.0,,,20111024,A,O,P07,12.81,12.81,feldpausch_regional,0.18,default,1.0,13.18,12.93
SFX_A01,51,Ficus maxima,Moraceae,289523.3277,9291760.536,0.37,1.853481137,50.0,39.69,20.02,20111024,A,O,P07,29.28,29.28,feldpausch_regional,0.18,default,1.0,50.18,29.33
SFX_A01,52,Theobroma glaucum,Malvaceae,289521.3277,9291761.836,0.53,,16.5,,,20111024,A,O,P07,15.1,15.1,feldpausch_regional,0.18,default,1.0,16.68,15.21
SFX_A01,53,NI,NI,289521.3277,9291761.836,0.62,,11.3,,,20111024,A,O,P07,11.6,11.6,feldpausch_regional,0.18,default,1.0,11.48,11.73
SFX_A01,54,Tetragastris panamensis,Burseraceae,289519.3277,9291761.836,0.73,2.464091456,49.5,26.98,18.37,20111024,A,O,P07,29.14,29.14,feldpausch_regional,0.18,default,1.0,49.68,29.19
SFX_A01,55,Virola melinoni,Myristicaceae,289515.3277,9291763.536,0.48,,31.2,,,20111024,A,O,P07,22.65,22.65,feldpausch_regional,0.18,default,1.0,31.38,22.73
SFX_A01,56,Pouteria gongrijpii,Sapotaceae,289514.8277,9291764.036,0.8,,10.5,,,20111024,A,O,P07,11.0,11.0,feldpausch_regional,0.18,default,1.0,10.68,11.14
SFX_A01,57,Dalbergia melanoxylon,Fabaceae,289515.3277,9291767.736,0.8,,17.6,,,20111024,A,O,P07,15.77,15.77,feldpausch_regional,0.18,default,1.0,17.78,15.88
SFX_A01,58,Sapium marmieri,Euphorbiaceae,289527.3277,9291764.036,0.41,1.117913181,42.2,30.08,18.65,20111024,A,O,P07,26.83,26.83,feldpausch_regional,0.18,default,1.0,42.38,26.89
SFX_A01,59,Tetragastris panamensis,Burseraceae,289532.3277,9291763.836,0.73,,24.2,,,20111024,A,O,P07,19.4,19.4,feldpausch_regional,0.18,default,1.0,24.38,19.49
SFX_A01,60,,,289532.3277,9291763.836,,0.016555215,17.3,,,20111025,A,L,P07,15.59,15.59,feldpausch_regional,0.18,default,1.0,17.48,15.7
SFX_A01,61,Dalbergia melanoxylon,Fabaceae,289535.3277,9291765.436,0.8,,17.6,,,20111024,A,O,P07,15.77,15.77,feldpausch_regional,0.18,default,1.0,17.78,15.88
SFX_A01,62,NI,NI,289530.3277,9291767.136,0.62,,12.7,,,20111024,A,O,P07,12.6,12.6,feldpausch_regional,0.18,default,1.0,12.88,12.73
SFX_A01,63,NI,NI,289528.3277,9291767.536,0.62,,11.2,,,20111024,A,O,P07,11.53,11.53,feldpausch_regional,0.18,default,1.0,11.38,11.66
SFX_A01,64,,,289536.3277,9291769.836,0.58,,11.6,,,20111025,D,O,P07,11.82,11.82,feldpausch_regional,0.18,default,1.0,11.78,11.95
SFX_A01,65,,,289534.3277,9291771.836,0.58,,19.6,,,20111025,D,O,P07,16.94,16.94,feldpausch_regional,0.18,default,1.0,19.78,17.04
SFX_A01,66,Dalbergia melanoxylon,Fabaceae,289531.3277,9291769.536,0.8,,25.9,,,20111024,A,O,P07,20.24,20.24,feldpausch_regional,0.18,default,1.0,26.08,20.33
SFX_A01,67,Brosimum rubescens ,Moraceae,289529.3277,9291769.436,0.83,,13.9,,,20111024,A,O,P07,13.42,13.42,feldpausch_regional,0.18,default,1.0,14.08,13.54
SFX_A01,68,Sapium marmieri,Euphorbiaceae,289529.3277,9291769.836,0.41,0.685768354,45.1,16.16,11.45,20111024,A,O,P07,27.79,27.79,feldpausch_regional,0.18,default,1.0,45.28,27.84
SFX_A01,69,Dalbergia melanoxylon,Fabaceae,289514.1277,9291769.836,0.8,,24.3,,,20111024,A,O,P07,19.45,19.45,feldpausch_regional,0.18,default,1.0,24.48,19.54
SFX_A01,70,Neea oppositifolia,Nyctaginaceae,289522.3277,9291769.836,0.89,0.176579472,15.8,15.57,10.31,20111024,A,O,P07,14.66,14.66,feldpausch_regional,0.18,default,1.0,15.98,14.78
SFX_A01,71,Dalbergia melanoxylon,Fabaceae,289512.4277,9291769.836,0.8,1.344231718,50.3,13.04,5.44,20111024,A,O,P07,29.37,29.37,feldpausch_regional,0.18,default,1.0,50.48,29.42
SFX_A01,72,NI,NI,289528.3277,9291773.536,0.62,,27.5,,,20111024,A,O,P07,21.0,21.0,feldpausch_regional,0.18,default,1.0,27.68,21.08
SFX_A01,73,Eschweilera parviflora,Lecythidaceae,289529.3277,9291774.836,0.89,,12.8,,,20111024,A,O,P07,12.67,12.67,feldpausch_regional,0.18,default,1.0,12.98,12.8
SFX_A01,74,Dalbergia melanoxylon,Fabaceae,289518.3277,9291775.836,0.8,,15.2,,,20111024,A,O,P07,14.28,14.28,feldpausch_regional,0.18,default,1.0,15.38,14.39
SFX_A01,75,Zollernia paraensis,Fabaceae,289514.3277,9291775.136,0.99,3.517943874,46.8,31.87,19.42,20111024,A,O,P07,28.32,28.32,feldpausch_regional,0.18,default,1.0,46.98,28.38
SFX_A01,76,,,289512.4277,9291775.236,,0.012739448,10.2,,,20111025,A,L,P07,10.78,10.78,feldpausch_regional,0.18,default,1.0,10.38,10.91
SFX_A01,77,Theobroma glaucum,Malvaceae,289514.3277,9291776.036,0.53,,10.9,,,20111024,A,O,P07,11.3,11.3,feldpausch_regional,0.18,default,1.0,11.08,11.44
SFX_A01,79,Dalbergia melanoxylon,Fabaceae,289517.3277,9291779.436,0.8,,23.2,,,20111024,A,O,P07,18.89,18.89,feldpausch_regional,0.18,default,1.0,23.38,18.98
SFX_A01,80,Tabebuia serratifolia,Bignoniaceae,289513.3277,9291779.436,0.92,,33.2,,,20111024,A,O,P07,23.48,23.48,feldpausch_regional,0.18,default,1.0,33.38,23.56
SFX_A01,81,Tabebuia serratifolia,Bignoniaceae,289513.3277,9291779.436,0.92,,30.4,,,20111024,A,O,P07,22.3,22.3,feldpausch_regional,0.18,default,1.0,30.58,22.38
SFX_A01,82,Inga alba,Fabaceae,289516.3277,9291782.536,0.59,,12.3,,,20111024,A,O,P07,12.32,12.32,feldpausch_regional,0.18,default,1.0,12.48,12.45
SFX_A01,83,Inga alba,Fabaceae,289518.3277,9291782.836,0.59,,11.4,,,20111024,A,O,P07,11.67,11.67,feldpausch_regional,0.18,default,1.0,11.58,11.8
SFX_A01,84,,,289520.3277,9291781.136,,0.013479137,11.3,,,20111025,A,L,P07,11.6,11.6,feldpausch_regional,0.18,default,1.0,11.48,11.73
SFX_A01,85,Nectandra cuspidata,Lauraceae,289523.3277,9291782.836,0.56,,16.2,,,20111024,A,O,P07,14.91,14.91,feldpausch_regional,0.18,default,1.0,16.38,15.03
SFX_A01,86,Dalbergia melanoxylon,Fabaceae,289514.3277,9291789.036,0.8,,32.0,,,20111024,A,O,P07,22.99,22.99,feldpausch_regional,0.18,default,1.0,32.18,23.06
SFX_A01,1,,,289557.7113,9292143.75,0.58,,32.6,,,20111025,D,O,P08,23.24,23.24,feldpausch_regional,0.18,default,1.0,32.78,23.31
SFX_A01,4,Neea oppositifolia,Nyctaginaceae,289554.7113,9292138.25,0.89,,11.6,,,20111025,A,O,P08,11.82,11.82,feldpausch_regional,0.18,default,1.0,11.78,11.95
SFX_A01,5,NI,NI,289552.7113,9292136.05,0.62,,14.6,,,20111025,A,O,P08,13.89,13.89,feldpausch_regional,0.18,default,1.0,14.78,14.01
SFX_A01,6,Castilla ulei,Moraceae,289543.7113,9292132.45,0.82,,10.1,,,20111025,A,O,P08,10.7,10.7,feldpausch_regional,0.18,default,1.0,10.28,10.84
SFX_A01,8,Inga marginata,Fabaceae,289544.7113,9292128.25,0.57,,10.6,,,20111025,A,O,P08,11.08,11.08,feldpausch_regional,0.18,default,1.0,10.78,11.21
SFX_A01,9,Mimosa hostilis,Fabaceae,289557.7113,9292127.45,0.45,,13.4,,,20111025,A,O,P08,13.08,13.08,feldpausch_regional,0.18,default,1.0,13.58,13.21
SFX_A01,10,Inga marginata,Fabaceae,289556.7113,9292124.95,0.57,,26.4,,,20111025,A,O,P08,20.48,20.48,feldpausch_regional,0.18,default,1.0,26.58,20.57
SFX_A01,11,Cecropia ficifolia,Urticaceae,289543.7113,9292124.95,0.27,0.056573233,17.0,14.46,10.64,20111025,A,O,P08,15.41,15.41,feldpausch_regional,0.18,default,1.0,17.18,15.52
SFX_A01,12,Tetragastris panamensis,Burseraceae,289557.1113,9292125.15,0.73,,10.2,,,20111025,A,O,P08,10.78,10.78,feldpausch_regional,0.18,default,1.0,10.38,10.91
SFX_A01,13,Cecropia ficifolia,Urticaceae,289554.7113,9292122.05,0.27,,27.0,,,20111025,A,O,P08,20.76,20.76,feldpausch_regional,0.18,default,1.0,27.18,20.85
SFX_A01,14,Cecropia ficifolia,Urticaceae,289554.7113,9292121.95,0.27,,32.7,,,20111025,A,O,P08,23.28,23.28,feldpausch_regional,0.18,default,1.0,32.88,23.35
SFX_A01,15,Inga marginata,Fabaceae,289550.7113,9292116.25,0.57,,15.8,,,20111025,A,O,P08,14.66,14.66,feldpausch_regional,0.18,default,1.0,15.98,14.78
SFX_A01,16,Inga marginata,Fabaceae,289554.7113,9292114.75,0.57,,16.2,,,20111025,A,O,P08,14.91,14.91,feldpausch_regional,0.18,default,1.0,16.38,15.03
SFX_A01,17,Vitex triflora,Lamiaceae,289557.7113,9292112.75,0.56,,19.5,,,20111025,A,O,P08,16.88,16.88,feldpausch_regional,0.18,default,1.0,19.68,16.99
SFX_A01,18,Mimosa hostilis,Fabaceae,289544.7113,9292108.35,0.45,,13.3,,,20111025,A,O,P08,13.02,13.02,feldpausch_regional,0.18,default,1.0,13.48,13.14
SFX_A01,19,Mimosa hostilis,Fabaceae,289544.7113,9292108.25,0.45,,16.0,,,20111025,A,O,P08,14.79,14.79,feldpausch_regional,0.18,default,1.0,16.18,14.9
SFX_A01,20,Mimosa hostilis,Fabaceae,289544.7113,9292106.95,0.45,,11.1,,,20111025,A,O,P08,11.45,11.45,feldpausch_regional,0.18,default,1.0,11.28,11.58
SFX_A01,21,Vitex triflora,Lamiaceae,289558.2113,9292104.75,0.56,,17.8,,,20111025,A,O,P08,15.89,15.89,feldpausch_regional,0.18,default,1.0,17.98,16.0
SFX_A01,22,Attalea maripa,Arecaceae,289553.7113,9292104.25,0.33,0.211033085,32.9,,,20111025,A,P,P08,23.36,23.36,feldpausch_regional,0.18,default,1.0,33.08,23.44
SFX_A01,23,Inga marginata,Fabaceae,289551.7113,9292103.95,0.57,,11.5,,,20111025,A,O,P08,11.75,11.75,feldpausch_regional,0.18,default,1.0,11.68,11.88
SFX_A01,24,Platymiscium filipes,Fabaceae,289550.7113,9292101.15,0.79,,11.7,,,20111025,A,O,P08,11.89,11.89,feldpausch_regional,0.18,default,1.0,11.88,12.02
SFX_A01,26,Castilla ulei,Moraceae,289560.7113,9292098.75,0.82,,15.1,,,20111025,A,O,P08,14.21,14.21,feldpausch_regional,0.18,default,1.0,15.28,14.33
SFX_A01,27,Guatteria schomburgkiana,Annonaceae,289560.7113,9292101.75,0.6,,21.2,,,20111025,A,O,P08,17.83,17.83,feldpausch_regional,0.18,default,1.0,21.38,17.93
SFX_A01,28,Inga marginata,Fabaceae,289562.7113,9292107.05,0.57,,16.3,,,20111025,A,O,P08,14.98,14.98,feldpausch_regional,0.18,default,1.0,16.48,15.09
SFX_A01,29,Inga marginata,Fabaceae,289562.7113,9292107.05,0.57,,13.0,,,20111025,A,O,P08,12.81,12.81,feldpausch_regional,0.18,default,1.0,13.18,12.93
SFX_A01,30,Rinorea racemosa,Violaceae,289572.7113,9292111.75,0.68,,11.0,,,20111025,A,O,P08,11.38,11.38,feldpausch_regional,0.18,default,1.0,11.18,11.51
SFX_A01,31,Theobroma glaucum,Malvaceae,289569.7113,9292112.45,0.53,,11.2,,,20111025,A,O,P08,11.53,11.53,feldpausch_regional,0.18,default,1.0,11.38,11.66
SFX_A01,32,Nectandra cuspidata,Lauraceae,289574.7113,9292112.45,0.56,,32.1,,,20111025,A,O,P08,23.03,23.03,feldpausch_regional,0.18,default,1.0,32.28,23.1
SFX_A01,34,Inga marginata,Fabaceae,289581.7113,9292116.25,0.57,,11.9,,,20111025,A,O,P08,12.03,12.03,feldpausch_regional,0.18,default,1.0,12.08,12.16
SFX_A01,35,Inga marginata,Fabaceae,289580.7113,9292116.35,0.57,,14.0,,,20111025,A,O,P08,13.49,13.49,feldpausch_regional,0.18,default,1.0,14.18,13.61
SFX_A01,36,Eschweilera parviflora,Lecythidaceae,289579.7113,9292115.95,0.89,,14.7,,,20111025,A,O,P08,13.95,13.95,feldpausch_regional,0.18,default,1.0,14.88,14.07
SFX_A01,37,Theobroma glaucum,Malvaceae,289578.7113,9292117.75,0.53,,15.3,,,20111025,A,O,P08,14.34,14.34,feldpausch_regional,0.18,default,1.0,15.48,14.46
SFX_A01,38,Poecilanthe effusa,Fabaceae,289577.7113,9292117.85,0.71,,12.1,,,20111025,A,O,P08,12.18,12.18,feldpausch_regional,0.18,default,1.0,12.28,12.31
SFX_A01,39,Rheedia gardneriana,Clusiaceae,289562.7113,9292114.05,0.62,,16.6,,,20111025,A,O,P08,15.16,15.16,feldpausch_regional,0.18,default,1.0,16.78,15.27
SFX_A01,40,,,289562.2113,9292116.75,0.58,,15.4,,,20111025,D,O,P08,14.41,14.41,feldpausch_regional,0.18,default,1.0,15.58,14.52
SFX_A01,41,Cordia scabrifolia,Boraginaceae,289558.8113,9292117.95,0.47,,14.9,,,20111025,A,O,P08,14.08,14.08,feldpausch_regional,0.18,default,1.0,15.08,14.2
SFX_A01,42,Annona ambotay,Annonaceae,289563.7113,9292118.75,0.41,0.027256699,11.3,10.15,5.6,20111025,A,O,P08,11.6,11.6,feldpausch_regional,0.18,default,1.0,11.48,11.73
SFX_A01,43,Galipea trifoliata,NI,289565.7113,9292119.35,0.62,,13.7,,,20111025,A,O,P08,13.29,13.29,feldpausch_regional,0.18,default,1.0,13.88,13.41
SFX_A01,44,Galipea trifoliata,NI,289578.7113,9292120.85,0.62,,14.3,,,20111025,A,O,P08,13.69,13.69,feldpausch_regional,0.18,default,1.0,14.48,13.81
SFX_A01,45,Rinorea racemosa,Violaceae,289581.7113,9292120.95,0.68,,14.5,,,20111025,A,O,P08,13.82,13.82,feldpausch_regional,0.18,default,1.0,14.68,13.94
SFX_A01,46,Neea oppositifolia,Nyctaginaceae,289573.7113,9292121.35,0.89,,11.5,,,20111025,A,O,P08,11.75,11.75,feldpausch_regional,0.18,default,1.0,11.68,11.88
SFX_A01,47,Poecilanthe effusa,Fabaceae,289572.7113,9292121.35,0.71,,11.0,,,20111025,A,O,P08,11.38,11.38,feldpausch_regional,0.18,default,1.0,11.18,11.51
SFX_A01,48,Astronium gracile,Anacardiaceae,289563.7113,9292121.45,0.73,,10.5,,,20111025,A,O,P08,11.0,11.0,feldpausch_regional,0.18,default,1.0,10.68,11.14
SFX_A01,49,Oenocarpus bacaba,Arecaceae,289559.7113,9292120.85,0.65,0.120223337,24.3,,,20111025,A,P,P08,19.45,19.45,feldpausch_regional,0.18,default,1.0,24.48,19.54
SFX_A01,50,Mimosa hostilis,Fabaceae,289561.7113,9292124.15,0.45,,21.0,,,20111025,A,O,P08,17.72,17.72,feldpausch_regional,0.18,default,1.0,21.18,17.82
SFX_A01,51,NI,NI,289574.7113,9292126.35,0.62,,13.9,,,20111025,A,O,P08,13.42,13.42,feldpausch_regional,0.18,default,1.0,14.08,13.54
SFX_A01,52,Couratari stellata,Lecythidaceae,289574.7113,9292127.75,0.63,,11.6,,,20111025,A,O,P08,11.82,11.82,feldpausch_regional,0.18,default,1.0,11.78,11.95
SFX_A01,53,Tetragastris panamensis,Burseraceae,289574.7113,9292127.65,0.73,,12.5,,,20111025,A,O,P08,12.46,12.46,feldpausch_regional,0.18,default,1.0,12.68,12.59
SFX_A01,54,Neea oppositifolia,Nyctaginaceae,289573.7113,9292130.15,0.89,,10.3,,,20111025,A,O,P08,10.85,10.85,feldpausch_regional,0.18,default,1.0,10.48,10.99
SFX_A01,55,Galipea trifoliata,NI,289571.7113,9292130.75,0.62,0.03349192,10.3,10.0,5.06,20111025,A,O,P08,10.85,10.85,feldpausch_regional,0.18,default,1.0,10.48,10.99
SFX_A01,56,NI,NI,289568.7113,9292129.75,0.62,,12.0,,,20111025,A,O,P08,12.11,12.11,feldpausch_regional,0.18,default,1.0,12.18,12.23
SFX_A01,57,Cordia scabrifolia,Boraginaceae,289567.7113,9292128.55,0.47,,13.2,,,20111025,A,O,P08,12.95,12.95,feldpausch_regional,0.18,default,1.0,13.38,13.07
SFX_A01,58,NI,NI,289562.7113,9292129.75,0.62,,11.5,,,20111025,A,O,P08,11.75,11.75,feldpausch_regional,0.18,default,1.0,11.68,11.88
SFX_A01,59,Tetragastris panamensis,Burseraceae,289564.7113,9292133.75,0.73,,14.3,,,20111025,A,O,P08,13.69,13.69,feldpausch_regional,0.18,default,1.0,14.48,13.81
SFX_A01,60,Poecilanthe effusa,Fabaceae,289571.7113,9292134.75,0.71,,10.6,,,20111025,A,O,P08,11.08,11.08,feldpausch_regional,0.18,default,1.0,10.78,11.21
SFX_A01,61,Attalea maripa,Arecaceae,289564.7113,9292136.95,0.33,0.180007543,30.2,,,20111025,A,P,P08,22.22,22.22,feldpausch_regional,0.18,default,1.0,30.38,22.3
SFX_A01,62,Pourouma minor,Urticaceae,289563.7113,9292137.75,0.44,,14.0,,,20111025,A,O,P08,13.49,13.49,feldpausch_regional,0.18,default,1.0,14.18,13.61
SFX_A01,63,Nectandra cuspidata,Lauraceae,289561.7113,9292138.65,0.56,,11.0,,,20111025,A,O,P08,11.38,11.38,feldpausch_regional,0.18,default,1.0,11.18,11.51
SFX_A01,64,Euterpe oleracea,Arecaceae,289560.7113,9292142.75,0.41,0.023116305,10.0,,,20111025,A,P,P08,10.62,10.62,feldpausch_regional,0.18,default,1.0,10.18,10.76
SFX_A01,65,Schefflera morototoni,Araliaceae,289558.9113,9292144.05,0.45,,25.5,,,20111025,A,O,P08,20.05,20.05,feldpausch_regional,0.18,default,1.0,25.68,20.13
SFX_A01,2,Dalbergia melanoxylon,Fabaceae,289577.8723,9292309.007,0.8,1.364982451,59.8,9.37,5.46,20111025,A,O,P09,31.89,31.89,feldpausch_regional,0.18,default,1.0,59.98,31.93
SFX_A01,3,Hymenolobium petraeum,Fabaceae,289572.8723,9292303.807,0.71,,19.2,,,20111025,A,O,P09,16.71,16.71,feldpausch_regional,0.18,default,1.0,19.38,16.82
SFX_A01,4,Dalbergia melanoxylon,Fabaceae,289580.7723,9292303.607,0.8,,18.2,,,20111025,A,O,P09,16.13,16.13,feldpausch_regional,0.18,default,1.0,18.38,16.24
SFX_A01,5,Poecilanthe effusa,Fabaceae,289567.8723,9292303.207,0.71,,12.6,,,20111025,A,O,P09,12.53,12.53,feldpausch_regional,0.18,default,1.0,12.78,12.66
SFX_A01,6,Dalbergia melanoxylon,Fabaceae,289567.8723,9292301.407,0.8,,31.1,,,20111025,A,O,P09,22.61,22.61,feldpausch_regional,0.18,default,1.0,31.28,22.68
SFX_A01,7,Galipea trifoliata,NI,289578.8723,9292299.407,0.62,,10.1,,,20111025,A,O,P09,10.7,10.7,feldpausch_regional,0.18,default,1.0,10.28,10.84
SFX_A01,8,Dalbergia melanoxylon,Fabaceae,289575.8723,9292297.207,0.8,,34.8,,,20111025,A,O,P09,24.13,24.13,feldpausch_regional,0.18,default,1.0,34.98,24.2
SFX_A01,9,Rinorea racemosa,Violaceae,289570.8723,9292285.807,0.68,,10.0,,,20111025,A,O,P09,10.62,10.62,feldpausch_regional,0.18,default,1.0,10.18,10.76
SFX_A01,10,Rinorea racemosa,Violaceae,289565.8723,9292285.807,0.68,,14.9,,,20111025,A,O,P09,14.08,14.08,feldpausch_regional,0.18,default,1.0,15.08,14.2
SFX_A01,11,,,289563.8723,9292287.007,0.58,,22.3,,,20111025,D,O,P09,18.42,18.42,feldpausch_regional,0.18,default,1.0,22.48,18.52
SFX_A01,12,Rinorea passoura,Violaceae,289560.8723,9292287.007,0.68,,10.6,,,20111025,A,O,P09,11.08,11.08,feldpausch_regional,0.18,default,1.0,10.78,11.21
SFX_A01,13,Poecilanthe effusa,Fabaceae,289560.8723,9292285.807,0.71,,13.3,,,20111025,A,O,P09,13.02,13.02,feldpausch_regional,0.18,default,1.0,13.48,13.14
SFX_A01,14,Theobroma glaucum,Malvaceae,289555.8723,9292290.007,0.53,,13.5,,,20111025,A,O,P09,13.15,13.15,feldpausch_regional,0.18,default,1.0,13.68,13.28
SFX_A01,15,Dalbergia melanoxylon,Fabaceae,289574.8723,9292294.007,0.8,2.997736284,66.2,16.79,10.78,20111025,A,O,P09,33.36,33.36,feldpausch_regional,0.18,default,1.0,66.38,33.39
SFX_A01,16,Dalbergia melanoxylon,Fabaceae,289578.8723,9292294.007,0.8,1.498833901,44.0,19.0,8.95,20111025,A,O,P09,27.43,27.43,feldpausch_regional,0.18,default,1.0,44.18,27.49
SFX_A01,17,Inga marginata,Fabaceae,289572.8723,9292293.507,0.57,,10.1,,,20111025,A,O,P09,10.7,10.7,feldpausch_regional,0.18,default,1.0,10.28,10.84
SFX_A01,18,Poecilanthe effusa,Fabaceae,289565.8723,9292288.707,0.71,,10.5,,,20111025,A,O,P09,11.0,11.0,feldpausch_regional,0.18,default,1.0,10.68,11.14
SFX_A01,19,Dalbergia melanoxylon,Fabaceae,289560.8723,9292285.207,0.8,,12.6,,,20111025,A,O,P09,12.53,12.53,feldpausch_regional,0.18,default,1.0,12.78,12.66
SFX_A01,20,Helicostylis sp.,Moraceae,289576.8723,9292287.607,0.65,4.186639431,52.7,45.39,27.2,20111025,A,O,P09,30.05,30.05,feldpausch_regional,0.18,default,1.0,52.88,30.1
SFX_A01,21,,,289576.8723,9292286.007,,0.01266829,10.1,,,20111025,A,L,P09,10.7,10.7,feldpausch_regional,0.18,default,1.0,10.28,10.84
SFX_A01,22,,,289575.8723,9292283.707,0.58,,14.1,,,20111025,D,O,P09,13.56,13.56,feldpausch_regional,0.18,default,1.0,14.28,13.68
SFX_A01,23,Poecilanthe effusa,Fabaceae,289580.3723,9292278.807,0.71,,10.7,,,20111025,A,O,P09,11.15,11.15,feldpausch_regional,0.18,default,1.0,10.88,11.29
SFX_A01,24,Rinorea racemosa,Violaceae,289578.8723,9292283.007,0.68,,11.7,,,20111025,A,O,P09,11.89,11.89,feldpausch_regional,0.18,default,1.0,11.88,12.02
SFX_A01,26,Dalbergia melanoxylon,Fabaceae,289564.8723,9292279.007,0.8,0.890006104,43.3,11.65,5.75,20111025,A,O,P09,27.2,27.2,feldpausch_regional,0.18,default,1.0,43.48,27.26
SFX_A01,27,,,289566.8723,9292277.707,0.58,,11.9,,,20111025,D,O,P09,12.03,12.03,feldpausch_regional,0.18,default,1.0,12.08,12.16
SFX_A01,28,Gustavia poeppigiana,Lecythidaceae,289570.8723,9292277.307,0.66,,10.4,,,20111025,A,O,P09,10.93,10.93,feldpausch_regional,0.18,default,1.0,10.58,11.06
SFX_A01,30,Inga sp.,Fabaceae,289577.8723,9292274.207,0.58,,10.6,,,20111025,A,O,P09,11.08,11.08,feldpausch_regional,0.18,default,1.0,10.78,11.21
SFX_A01,31,Inga sp.,Fabaceae,289577.8723,9292274.207,0.58,,11.1,,,20111025,A,O,P09,11.45,11.45,feldpausch_regional,0.18,default,1.0,11.28,11.58
SFX_A01,32,Inga sp.,Fabaceae,289579.8723,9292272.207,0.58,,16.0,,,20111025,A,O,P09,14.79,14.79,feldpausch_regional,0.18,default,1.0,16.18,14.9
SFX_A01,33,Inga sp.,Fabaceae,289579.8723,9292269.507,0.58,,14.2,,,20111025,A,O,P09,13.62,13.62,feldpausch_regional,0.18,default,1.0,14.38,13.74
SFX_A01,34,Zanthoxylum rhoifolium,Rutaceae,289582.8723,9292265.007,0.49,,25.8,,,20111025,A,O,P09,20.19,20.19,feldpausch_regional,0.18,default,1.0,25.98,20.28
SFX_A01,35,Inga marginata,Fabaceae,289584.8723,9292267.007,0.57,,10.3,,,20111025,A,O,P09,10.85,10.85,feldpausch_regional,0.18,default,1.0,10.48,10.99
SFX_A01,36,Dalbergia melanoxylon,Fabaceae,289581.8723,9292272.007,0.8,1.999997208,67.1,10.9,1.94,20111025,A,O,P09,33.55,33.55,feldpausch_regional,0.18,default,1.0,67.28,33.59
SFX_A01,37,Poecilanthe effusa,Fabaceae,289584.8723,9292274.507,0.71,,10.2,,,20111025,A,O,P09,10.78,10.78,feldpausch_regional,0.18,default,1.0,10.38,10.91
SFX_A01,38,Pouteria gongrijpii,Sapotaceae,289586.8723,9292276.207,0.8,,13.5,,,20111025,A,O,P09,13.15,13.15,feldpausch_regional,0.18,default,1.0,13.68,13.28
SFX_A01,39,NI,NI,289598.8723,9292280.007,0.62,,29.1,,,20111025,A,O,P09,21.73,21.73,feldpausch_regional,0.18,default,1.0,29.28,21.81
SFX_A01,42,Parkia sp.,Fabaceae,289582.8723,9292280.707,0.45,,30.6,,,20111025,A,O,P09,22.39,22.39,feldpausch_regional,0.18,default,1.0,30.78,22.47
SFX_A01,43,NI,NI,289582.8723,9292280.307,0.62,,10.6,,,20111025,A,O,P09,11.08,11.08,feldpausch_regional,0.18,default,1.0,10.78,11.21
SFX_A01,44,Poecilanthe effusa,Fabaceae,289585.8723,9292284.307,0.71,,11.6,,,20111025,A,O,P09,11.82,11.82,feldpausch_regional,0.18,default,1.0,11.78,11.95
SFX_A01,45,,,289583.8723,9292286.007,,0.012596424,10.0,,,20111025,A,L,P09,10.62,10.62,feldpausch_regional,0.18,default,1.0,10.18,10.76
SFX_A01,46,Parkia gigantocarpa,Fabaceae,289591.8723,9292287.007,0.26,8.681787316,130.0,38.82,21.13,20111025,A,O,P09,41.98,41.98,feldpausch_regional,0.18,default,1.0,130.18,42.0
SFX_A01,47,Neea oppositifolia,Nyctaginaceae,289593.8723,9292287.007,0.89,,21.0,,,20111025,A,O,P09,17.72,17.72,feldpausch_regional,0.18,default,1.0,21.18,17.82
SFX_A01,48,Vataireopsis speciosa,Fabaceae,289594.8723,9292287.007,0.65,,10.5,,,20111025,A,O,P09,11.0,11.0,feldpausch_regional,0.18,default,1.0,10.68,11.14
SFX_A01,49,Tabebuia serratifolia,Bignoniaceae,289600.8723,9292287.407,0.92,8.459324903,61.2,48.23,31.84,20111025,A,O,P09,32.22,32.22,feldpausch_regional,0.18,default,1.0,61.38,32.26
SFX_A01,50,Cordia scabrifolia,Boraginaceae,289598.8723,9292288.207,0.47,,28.9,,,20111025,A,O,P09,21.64,21.64,feldpausch_regional,0.18,default,1.0,29.08,21.72
SFX_A01,51,Poecilanthe effusa,Fabaceae,289590.8723,9292288.307,0.71,,11.0,,,20111025,A,O,P09,11.38,11.38,feldpausch_regional,0.18,default,1.0,11.18,11.51
SFX_A01,52,Zollernia paraensis,Fabaceae,289596.8723,9292289.507,0.99,,26.1,,,20111025,A,O,P09,20.34,20.34,feldpausch_regional,0.18,default,1.0,26.28,20.42
SFX_A01,53,Brosimum obovata,Moraceae,289605.8723,9292290.807,0.68,,12.4,,,20111025,A,O,P09,12.39,12.39,feldpausch_regional,0.18,default,1.0,12.58,12.52
SFX_A01,54,Bertholletia excelsa,Lecythidaceae,289605.8723,9292291.007,0.64,12.99401533,90.0,49.24,27.67,20111025,A,O,P09,37.61,37.61,feldpausch_regional,0.18,default,1.0,90.18,37.64
SFX_A01,55,Cordia scabrifolia,Boraginaceae,289605.1723,9292291.307,0.47,,14.2,,,20111025,A,O,P09,13.62,13.62,feldpausch_regional,0.18,default,1.0,14.38,13.74
SFX_A01,56,Pouteria gongrijpii,Sapotaceae,289595.8723,9292291.807,0.8,3.450277924,51.0,32.6,20.84,20111025,A,O,P09,29.57,29.57,feldpausch_regional,0.18,default,1.0,51.18,29.62
SFX_A01,57,,,289586.8723,9292290.607,0.58,,12.9,,,20111025,D,O,P09,12.74,12.74,feldpausch_regional,0.18,default,1.0,13.08,12.87
SFX_A01,58,Theobroma glaucum,Malvaceae,289588.8723,9292292.707,0.53,,11.4,,,20111025,A,O,P09,11.67,11.67,feldpausch_regional,0.18,default,1.0,11.58,11.8
SFX_A01,59,Neea oppositifolia,Nyctaginaceae,289590.8723,9292292.807,0.89,,21.1,,,20111025,A,O,P09,17.78,17.78,feldpausch_regional,0.18,default,1.0,21.28,17.87
SFX_A01,60,Stryphnodendron pulcherrimum,Fabaceae,289595.8723,9292293.907,0.47,,14.5,,,20111025,A,O,P09,13.82,13.82,feldpausch_regional,0.18,default,1.0,14.68,13.94
SFX_A01,61,Poecilanthe effusa,Fabaceae,289594.8723,9292294.707,0.71,,15.9,,,20111025,A,O,P09,14.73,14.73,feldpausch_regional,0.18,default,1.0,16.08,14.84
SFX_A01,62,Dipteryx odorata,Fabaceae,289602.8723,9292295.007,0.92,4.240152496,49.6,36.81,24.75,20111025,A,O,P09,29.16,29.16,feldpausch_regional,0.18,default,1.0,49.78,29.22
SFX_A01,63,NI,NI,289588.8723,9292295.807,0.62,,10.3,,,20111025,A,O,P09,10.85,10.85,feldpausch_regional,0.18,default,1.0,10.48,10.99
SFX_A01,64,Dalbergia melanoxylon,Fabaceae,289588.8723,9292297.007,0.8,,18.9,,,20111025,A,O,P09,16.54,16.54,feldpausch_regional,0.18,default,1.0,19.08,16.64
SFX_A01,65,Aspidosperma parvifolium,Apocynaceae,289582.8723,9292297.007,0.74,24.17442927,125.2,41.13,36.04,20111025,A,O,P09,41.58,41.58,feldpausch_regional,0.18,default,1.0,125.38,41.6
SFX_A01,66,Dalbergia melanoxylon,Fabaceae,289588.8723,9292304.207,0.8,1.355172527,46.0,15.72,3.94,20111025,A,O,P09,28.07,28.07,feldpausch_regional,0.18,default,1.0,46.18,28.13
SFX_A01,67,Galipea trifoliata,NI,289583.8723,9292306.507,0.62,,12.9,,,20111025,A,O,P09,12.74,12.74,feldpausch_regional,0.18,default,1.0,13.08,12.87
SFX_A01,68,,,289581.3723,9292309.707,0.45,,19.2,,,20111025,D,O,P09,16.71,16.71,feldpausch_regional,0.18,default,1.0,19.38,16.82
SFX_A01,69,Tetragastris panamensis,Burseraceae,289580.8723,9292311.607,0.73,,10.6,,,20111025,A,O,P09,11.08,11.08,feldpausch_regional,0.18,default,1.0,10.78,11.21
SFX_A01,70,,,289581.8723,9292312.707,0.6,,14.2,,,20111025,D,O,P09,13.62,13.62,feldpausch_regional,0.18,default,1.0,14.38,13.74
SFX_A01,71,Eschweilera parviflora,Lecythidaceae,289581.8723,9292314.707,0.89,,11.8,,,20111025,A,O,P09,11.96,11.96,feldpausch_regional,0.18,default,1.0,11.98,12.09
