site,tree_id,scientific_name,family_name,utm_easting,utm_northing,type,dbh_2010,dead_2010,hcom_2009,htot_2010,date_2010,dbh_2011,dead_2011,hcom_2011,htot_2011,date_2011,plot_id,htot_feldpausch,htot_estimated,htot_estimation_method,dbh_incr_cm_yr,dbh_incr_source,gap_anos,dbh_lidar,htot_estimated_gap
TAP_A01,3001,,,727141.67,9664499.01,O,40.3,A,22.34,31.36,20100116-20100213,42.5,A,24.34,32.59,20110704-20110711,493.008928009,26.93,31.36,measured,2.2,observed,-2.0,38.1,29.57
TAP_A01,3002,,,727144.53,9664495.54,O,6.1,A,3.15,7.66,20100116-20100213,6.3,A,,6.81,20110704-20110711,493.008928009,7.54,7.66,measured,0.2,observed,-2.0,5.9,7.29
TAP_A01,3003,,,727144.92,9664496.03,O,21.6,A,14.89,19.04,20100116-20100213,21.7,A,14.75,20.65,20110704-20110711,493.008928009,18.1,19.04,measured,0.1,observed,-2.0,21.5,18.92
TAP_A01,3004,,,727149.66,9664495.34,O,9.9,A,9.77,13.36,20100116-20100213,10.5,A,6.57,12.33,20110704-20110711,493.008928009,11.0,13.36,measured,0.6,observed,-2.0,9.3,12.24
TAP_A01,3005,,,727152.81,9664495.31,O,5.3,A,4.89,8.21,20100116-20100213,6.3,A,2.45,10.64,20110704-20110711,493.008928009,7.54,8.21,measured,1.0,observed,-2.0,4.3,6.14
TAP_A01,3006,,,727153.11,9664496.21,O,49.4,A,26.01,42.61,20100116-20100213,48.2,A,22.94,31.92,20110704-20110711,493.008928009,28.75,42.61,measured,0.0,observed,-2.0,48.2,42.61
TAP_A01,3007,,,727159.42,9664495.61,O,16.9,A,15.27,18.23,20100116-20100213,18.2,A,14.31,20.18,20110704-20110711,493.008928009,16.13,18.23,measured,1.3,observed,-2.0,15.6,16.43
TAP_A01,3008,,,727168.09,9664495.33,O,5.5,A,3.13,7.4,20100116-20100213,5.8,A,0.29,7.6,20110704-20110711,493.008928009,7.09,7.4,measured,0.3,observed,-2.0,5.2,6.81
TAP_A01,3009,,,727173.71,9664495.33,O,29.0,A,16.3,22.24,20100116-20100213,29.2,A,15.69,25.32,20110704-20110711,493.008928009,21.77,22.24,measured,0.2,observed,-2.0,28.8,22.06
TAP_A01,3010,Carapa guianensis,Meliaceae,727186.53,9664496.32,O,30.5,A,15.66,22.3,20100116-20100213,31.7,A,18.56,24.88,20110704-20110711,493.008928009,22.86,22.3,measured,1.2,observed,-2.0,29.3,21.29
TAP_A01,3011,,,727187.12,9664495.19,O,9.6,A,4.75,11.71,20100116-20100213,10.2,A,5.79,10.84,20110704-20110711,493.008928009,10.78,11.71,measured,0.6,observed,-2.0,9.0,10.69
TAP_A01,3012,,,727198.76,9664495.51,O,21.0,A,14.31,20.4,20100116-20100213,19.9,D,1.96,12.54,20110704-20110711,493.008928009,17.11,20.4,measured,0.0,observed,-2.0,19.9,20.4
TAP_A01,3013,,,727220.45,9664495.42,O,9.2,A,4.44,12.23,20100116-20100213,9.5,A,4.48,11.33,20110704-20110711,493.008928009,10.23,12.23,measured,0.3,observed,-2.0,8.9,11.67
TAP_A01,3014,,,727224.29,9664495.04,O,5.0,A,1.77,4.93,20100116-20100213,5.3,A,2.02,4.63,20110704-20110711,493.008928009,6.62,4.93,measured,0.3,observed,-2.0,4.7,4.5
TAP_A01,3015,,,727227.45,9664495.21,O,6.5,A,4.53,6.36,20100116-20100213,6.8,A,3.18,7.0,20110704-20110711,493.008928009,7.99,6.36,measured,0.3,observed,-2.0,6.2,5.93
TAP_A01,3016,,,727234.45,9664494.9,O,8.0,A,4.71,10.69,20100116-20100213,8.4,A,4.88,7.7,20110704-20110711,493.008928009,9.35,10.69,measured,0.4,observed,-2.0,7.6,9.92
TAP_A01,3017,Bertholletia excelsa,Lecythidaceae,727235.73,9664500.79,O,98.5,A,35.34,47.32,20100116-20100213,101.4,A,28.98,49.43,20110704-20110711,493.008928009,39.14,47.32,measured,2.9,observed,-2.0,95.6,46.41
TAP_A01,3018,,,727237.9,9664495.07,L,7.1,A,,,20100116-20100213,7.5,A,,,20110704-20110711,493.008928009,8.6,8.59,local_fit,0.4,observed,-2.0,6.7,7.89
TAP_A01,3019,,,727238.79,9664495.46,O,13.0,A,9.23,15.3,20100116-20100213,13.7,A,8.76,11.64,20110704-20110711,493.008928009,13.29,15.3,measured,0.7,observed,-2.0,12.3,14.18
TAP_A01,3020,,,727240.96,9664494.64,O,5.1,A,,1.31,20100116-20100213,5.1,A,,1.31,20110704-20110711,493.008928009,6.43,1.31,measured,0.0,observed,-2.0,5.1,1.31
TAP_A01,3021,,,727245.0,9664494.76,O,5.4,A,3.17,9.46,20100116-20100213,5.7,A,3.04,7.62,20110704-20110711,493.008928009,6.99,9.46,measured,0.3,observed,-2.0,5.1,8.7
TAP_A01,3022,,,727246.38,9664494.99,O,9.9,A,7.5,12.21,20100116-20100213,11.1,A,8.22,12.91,20110704-20110711,493.008928009,11.45,12.21,measured,1.2,observed,-2.0,8.7,10.24
TAP_A01,3023,,,727271.72,9664494.67,O,5.6,D,,4.1,20100116-20100213,5.6,D,,4.1,20110704-20110711,493.008928009,6.9,4.1,measured,0.0,observed,-2.0,5.6,4.1
TAP_A01,3024,,,727287.99,9664494.18,O,14.2,A,8.09,15.6,20100116-20100213,15.0,A,10.67,15.4,20110704-20110711,493.008928009,14.15,15.6,measured,0.8,observed,-2.0,13.4,14.42
TAP_A01,3025,,,727289.76,9664496.01,O,20.5,A,13.03,17.4,20100116-20100213,21.1,A,10.08,14.26,20110704-20110711,493.008928009,17.78,17.4,measured,0.6,observed,-2.0,19.9,16.74
TAP_A01,3026,,,727293.02,9664494.04,O,8.6,A,9.37,12.4,20100116-20100213,8.7,A,5.33,13.47,20110704-20110711,493.008928009,9.6,12.4,measured,0.1,observed,-2.0,8.5,12.18
TAP_A01,3027,,,727298.34,9664493.99,O,8.9,A,5.49,9.21,20100116-20100213,9.6,A,5.48,7.9,20110704-20110711,493.008928009,10.31,9.21,measured,0.7,observed,-2.0,8.2,8.21
TAP_A01,3028,,,727301.99,9664494.16,O,17.1,D,,2.0,20100116-20100213,17.1,D,,2.0,20110704-20110711,493.008928009,15.47,2.0,measured,0.0,observed,-2.0,17.1,2.0
TAP_A01,3029,Astrocaryum gynacanthum,Arecaceae,727303.67,9664494.39,P,5.7,A,1.62,5.31,20100116-20100213,5.0,A,2.37,5.7,20110704-20110711,493.008928009,6.33,5.31,measured,0.0,observed,-2.0,5.0,5.31
TAP_A01,3030,Inga marginata,Fabaceae,727312.64,9664497.26,O,34.5,D,,7.5,20100116-20100213,34.5,D,,4.31,20110704-20110711,493.008928009,24.01,7.5,measured,0.0,observed,-2.0,34.5,7.5
TAP_A01,3031,,,727322.6,9664494.73,O,13.9,A,7.2,13.11,20100116-20100213,14.3,A,8.18,12.27,20110704-20110711,493.008928009,13.69,13.11,measured,0.4,observed,-2.0,13.5,12.59
TAP_A01,3032,,,727332.46,9664494.14,O,9.0,A,6.04,11.14,20100116-20100213,9.1,A,5.19,8.53,20110704-20110711,493.008928009,9.92,11.14,measured,0.1,observed,-2.0,8.9,10.96
TAP_A01,3033,Theobroma glaucum,Malvaceae,727337.68,9664494.29,O,10.3,A,9.1,12.28,20100116-20100213,10.3,A,10.67,12.62,20110704-20110711,493.008928009,10.85,12.28,measured,0.0,observed,-2.0,10.3,12.28
TAP_A01,3034,,,727337.88,9664494.29,O,10.1,A,9.0,11.14,20100116-20100213,10.2,A,9.54,11.93,20110704-20110711,493.008928009,10.78,11.14,measured,0.1,observed,-2.0,10.0,10.97
TAP_A01,3035,,,727356.22,9664494.03,O,8.5,A,7.12,12.7,20100116-20100213,11.8,A,0.82,1.51,20110704-20110711,493.008928009,11.96,12.7,measured,3.3,observed,-2.0,5.2,6.92
TAP_A01,3036,,,727366.97,9664494.09,O,8.7,A,6.05,11.94,20100116-20100213,9.1,A,3.29,10.91,20110704-20110711,493.008928009,9.92,11.94,measured,0.4,observed,-2.0,8.3,11.16
TAP_A01,3037,,,727379.98,9664493.52,O,7.1,A,1.77,8.81,20100116-20100213,7.3,A,2.05,8.48,20110704-20110711,493.008928009,8.43,8.81,measured,0.2,observed,-2.0,6.9,8.44
TAP_A01,3038,,,727380.47,9664494.92,O,20.8,A,18.7,26.53,20100116-20100213,21.1,A,16.25,22.92,20110704-20110711,493.008928009,17.78,26.53,measured,0.3,observed,-2.0,20.5,26.04
TAP_A01,3039,Virola sebifera,Myristicaceae,727384.81,9664493.78,O,19.6,A,14.0,16.75,20100116-20100213,19.7,A,15.49,21.04,20110704-20110711,493.008928009,17.0,16.75,measured,0.1,observed,-2.0,19.5,16.63
TAP_A01,3040,,,727391.32,9664494.17,O,15.5,A,13.05,19.45,20100116-20100213,15.9,A,7.81,17.19,20110704-20110711,493.008928009,14.73,19.45,measured,0.4,observed,-2.0,15.1,18.76
TAP_A01,3041,,,727385.11,9664499.58,O,111.2,D,,32.93,20100116-20100213,111.2,D,,30.42,20110704-20110711,493.008928009,40.25,32.93,measured,0.0,observed,-2.0,111.2,32.93
TAP_A01,3042,,,727394.48,9664493.45,O,16.9,A,20.01,23.68,20100116-20100213,17.0,A,14.3,19.34,20110704-20110711,493.008928009,15.41,23.68,measured,0.1,observed,-2.0,16.8,23.5
TAP_A01,3043,,,727399.9,9664496.65,O,36.3,A,27.97,33.78,20100116-20100213,38.1,A,24.81,35.34,20110704-20110711,493.008928009,25.39,33.78,measured,1.8,observed,-2.0,34.5,31.94
TAP_A01,3044,,,727400.1,9664493.35,O,6.7,A,5.12,10.27,20100116-20100213,6.8,A,10.57,19.22,20110704-20110711,493.008928009,7.99,10.27,measured,0.1,observed,-2.0,6.6,10.04
TAP_A01,3045,,,727401.67,9664494.13,O,15.2,A,12.88,18.02,20100116-20100213,15.7,A,9.69,18.12,20110704-20110711,493.008928009,14.6,18.02,measured,0.5,observed,-2.0,14.7,17.22
TAP_A01,3046,Inga marginata,Fabaceae,727411.24,9664493.25,O,48.9,A,25.48,32.65,20100116-20100213,48.8,D,2.68,22.12,20110704-20110711,493.008928009,28.93,32.65,measured,0.0,observed,-2.0,48.8,32.65
TAP_A01,3047,Jacaranda copaia,Bignoniaceae,727415.97,9664495.31,O,49.5,A,25.23,34.8,20100116-20100213,50.4,A,27.12,35.93,20110704-20110711,493.008928009,29.4,34.8,measured,0.9,observed,-2.0,48.6,34.17
TAP_A01,3048,,,727418.14,9664493.94,O,33.1,A,19.59,29.69,20100116-20100213,33.7,A,19.66,29.97,20110704-20110711,493.008928009,23.69,29.69,measured,0.6,observed,-2.0,32.5,29.08
TAP_A01,3049,,,727420.21,9664493.12,O,9.2,A,5.12,10.86,20100116-20100213,9.3,A,7.11,9.87,20110704-20110711,493.008928009,10.08,10.86,measured,0.1,observed,-2.0,9.1,10.69
TAP_A01,3050,,,727420.8,9664493.49,O,22.7,A,18.69,23.81,20100116-20100213,23.4,A,14.35,23.36,20110704-20110711,493.008928009,18.99,23.81,measured,0.7,observed,-2.0,22.0,22.89
TAP_A01,3051,,,727434.11,9664492.85,O,11.1,A,5.39,14.51,20100116-20100213,11.6,A,7.4,12.98,20110704-20110711,493.008928009,11.82,14.51,measured,0.5,observed,-2.0,10.6,13.6
TAP_A01,3052,,,727446.63,9664493.19,L,5.5,A,,,20100116-20100213,5.7,A,,,20110704-20110711,493.008928009,6.99,7.33,local_fit,0.2,observed,-2.0,5.3,6.94
TAP_A01,3053,,,727447.42,9664493.73,O,16.7,A,5.89,10.46,20100116-20100213,16.7,A,8.32,12.32,20110704-20110711,493.008928009,15.22,10.46,measured,0.0,observed,-2.0,16.7,10.46
TAP_A01,3054,,,727455.61,9664493.86,O,13.0,A,7.57,12.83,20100116-20100213,13.6,A,9.24,14.46,20110704-20110711,493.008928009,13.22,12.83,measured,0.6,observed,-2.0,12.4,12.02
TAP_A01,3055,,,727457.18,9664493.35,O,13.7,A,7.98,10.43,20100116-20100213,13.9,A,7.64,11.86,20110704-20110711,493.008928009,13.42,10.43,measured,0.2,observed,-2.0,13.5,10.22
TAP_A01,3056,,,727458.17,9664493.24,O,13.8,A,6.93,9.73,20100116-20100213,14.2,A,7.48,12.05,20110704-20110711,493.008928009,13.62,9.73,measured,0.4,observed,-2.0,13.4,9.34
TAP_A01,3057,,,727458.86,9664492.83,O,9.6,A,6.23,8.7,20100116-20100213,10.4,A,6.06,8.68,20110704-20110711,493.008928009,10.93,8.7,measured,0.8,observed,-2.0,8.8,7.71
TAP_A01,3058,,,727461.42,9664492.91,O,6.4,A,1.75,4.26,20100116-20100213,6.5,A,1.69,4.56,20110704-20110711,493.008928009,7.72,4.26,measured,0.1,observed,-2.0,6.3,4.16
TAP_A01,3059,,,727463.1,9664492.69,O,5.8,A,6.09,9.3,20100116-20100213,6.2,A,5.46,8.58,20110704-20110711,493.008928009,7.45,9.3,measured,0.4,observed,-2.0,5.4,8.38
TAP_A01,3060,,,727476.61,9664495.88,O,115.8,A,31.73,41.87,20100116-20100213,115.8,A,21.17,37.0,20110704-20110711,493.008928009,40.72,41.87,measured,0.0,observed,-2.0,115.8,41.87
TAP_A01,3061,,,727484.2,9664493.66,O,13.8,A,11.56,14.96,20100116-20100213,14.4,A,9.43,17.42,20110704-20110711,493.008928009,13.76,14.96,measured,0.6,observed,-2.0,13.2,14.08
TAP_A01,3062,,,727487.16,9664494.18,O,23.4,A,15.3,19.09,20100116-20100213,24.1,A,12.01,16.36,20110704-20110711,493.008928009,19.35,19.09,measured,0.7,observed,-2.0,22.7,18.38
TAP_A01,3063,,,727487.95,9664492.98,O,14.1,A,13.64,21.45,20100116-20100213,14.3,A,10.84,16.47,20110704-20110711,493.008928009,13.69,21.45,measured,0.2,observed,-2.0,13.9,21.03
TAP_A01,3064,,,727490.9,9664493.0,O,16.4,A,9.55,14.71,20100116-20100213,16.5,A,6.85,15.19,20110704-20110711,493.008928009,15.1,14.71,measured,0.1,observed,-2.0,16.3,14.59
TAP_A01,3065,,,727491.99,9664494.84,O,34.5,A,19.1,26.32,20100116-20100213,35.5,A,15.25,26.75,20110704-20110711,493.008928009,24.4,26.32,measured,1.0,observed,-2.0,33.5,25.47
TAP_A01,3066,,,727491.99,9664492.49,O,6.7,A,5.17,9.03,20100116-20100213,6.8,A,5.24,9.79,20110704-20110711,493.008928009,7.99,9.03,measured,0.1,observed,-2.0,6.6,8.83
TAP_A01,3067,,,727496.82,9664494.0,O,18.3,A,15.97,20.56,20100116-20100213,19.0,A,15.06,26.02,20110704-20110711,493.008928009,16.6,20.56,measured,0.7,observed,-2.0,17.6,19.53
TAP_A01,3068,,,727500.86,9664492.56,O,26.5,A,13.51,17.43,20100116-20100213,27.6,A,11.68,18.98,20110704-20110711,493.008928009,21.05,17.43,measured,1.1,observed,-2.0,25.4,16.56
TAP_A01,3069,,,727502.93,9664492.65,O,5.3,A,3.23,4.75,20100116-20100213,5.4,A,2.93,4.74,20110704-20110711,493.008928009,6.71,4.75,measured,0.1,observed,-2.0,5.2,4.62
TAP_A01,3070,,,727508.75,9664492.29,O,7.0,A,5.49,8.0,20100116-20100213,7.1,A,4.27,4.64,20110704-20110711,493.008928009,8.25,8.0,measured,0.1,observed,-2.0,6.9,7.84
TAP_A01,3071,,,727511.81,9664493.32,O,14.8,D,,2.89,20100116-20100213,14.8,D,,2.89,20110704-20110711,493.008928009,14.02,2.89,measured,0.0,observed,-2.0,14.8,2.89
TAP_A01,3072,,,727514.86,9664492.09,O,8.3,A,4.13,6.79,20100116-20100213,8.8,A,2.24,6.22,20110704-20110711,493.008928009,9.68,6.79,measured,0.5,observed,-2.0,7.8,6.21
TAP_A01,3073,,,727524.92,9664492.15,O,7.1,A,3.4,7.5,20100116-20100213,7.9,A,3.74,5.7,20110704-20110711,493.008928009,8.94,7.5,measured,0.8,observed,-2.0,6.3,6.33
TAP_A01,3074,,,727527.09,9664492.78,O,10.8,A,3.05,8.17,20100116-20100213,11.1,A,4.86,9.39,20110704-20110711,493.008928009,11.45,8.17,measured,0.3,observed,-2.0,10.5,7.85
TAP_A01,3075,,,727530.24,9664492.21,O,7.3,A,3.31,6.56,20100116-20100213,7.6,A,4.6,7.07,20110704-20110711,493.008928009,8.68,6.56,measured,0.3,observed,-2.0,7.0,6.17
TAP_A01,3076,,,727533.79,9664492.08,O,11.3,A,7.44,14.71,20100116-20100213,11.8,A,8.09,11.99,20110704-20110711,493.008928009,11.96,14.71,measured,0.5,observed,-2.0,10.8,13.81
TAP_A01,3077,,,727537.25,9664491.9,O,8.3,A,4.65,9.4,20100116-20100213,10.6,A,5.15,11.34,20110704-20110711,493.008928009,11.08,9.4,measured,2.3,observed,-2.0,6.0,6.17
TAP_A01,3078,,,727546.51,9664492.01,O,5.6,A,3.24,8.12,20100116-20100213,6.7,A,1.61,8.94,20110704-20110711,493.008928009,7.9,8.12,measured,1.1,observed,-2.0,4.5,6.0
TAP_A01,3079,,,727547.4,9664492.21,O,6.8,A,4.64,7.45,20100116-20100213,7.0,A,3.64,9.41,20110704-20110711,493.008928009,8.17,7.45,measured,0.2,observed,-2.0,6.6,7.12
TAP_A01,3080,,,727555.09,9664492.54,O,10.0,A,8.91,12.64,20100116-20100213,10.7,A,7.83,11.24,20110704-20110711,493.008928009,11.15,12.64,measured,0.7,observed,-2.0,9.3,11.43
TAP_A01,3081,,,727555.88,9664491.78,O,22.6,A,10.73,13.31,20100116-20100213,23.7,A,4.22,5.73,20110704-20110711,493.008928009,19.15,13.31,measured,1.1,observed,-2.0,21.5,12.5
TAP_A01,3082,,,727560.51,9664492.04,O,15.4,A,9.44,11.99,20100116-20100213,17.0,A,8.26,16.54,20110704-20110711,493.008928009,15.41,11.99,measured,1.6,observed,-2.0,13.8,10.39
TAP_A01,3083,Ocotea sp.,Lauraceae,727564.36,9664494.66,O,32.0,A,16.57,22.12,20100116-20100213,34.9,A,14.14,17.26,20110704-20110711,493.008928009,24.17,22.12,measured,2.9,observed,-2.0,29.1,19.89
TAP_A01,3084,,,727572.54,9664492.14,O,9.4,D,,1.53,20100116-20100213,9.4,D,,1.53,20110704-20110711,493.008928009,10.16,1.53,measured,0.0,observed,-2.0,9.4,1.53
TAP_A01,3085,,,727577.67,9664491.59,O,6.0,A,,1.65,20100116-20100213,6.0,A,,1.65,20110704-20110711,493.008928009,7.27,1.65,measured,0.0,observed,-2.0,6.0,1.65
TAP_A01,3086,,,727581.32,9664491.91,O,6.3,A,7.89,10.91,20100116-20100213,6.3,A,7.62,9.09,20110704-20110711,493.008928009,7.54,10.91,measured,0.0,observed,-2.0,6.3,10.91
TAP_A01,3087,,,727595.81,9664492.43,O,14.5,A,4.53,6.38,20100116-20100213,14.7,A,1.78,6.44,20110704-20110711,493.008928009,13.95,6.38,measured,0.2,observed,-2.0,14.3,6.26
TAP_A01,3088,,,727599.17,9664492.1,O,8.0,A,4.61,13.49,20100116-20100213,8.3,A,5.35,10.7,20110704-20110711,493.008928009,9.27,13.49,measured,0.3,observed,-2.0,7.7,12.76
TAP_A01,3089,Carapa guianensis,Meliaceae,727600.35,9664491.89,O,27.6,A,19.56,26.12,20100116-20100213,28.4,A,14.02,21.4,20110704-20110711,493.008928009,21.41,26.12,measured,0.8,observed,-2.0,26.8,25.22
TAP_A01,3090,Tachigali paniculata,Fabaceae,727611.69,9664491.69,O,55.2,A,27.09,34.9,20100116-20100213,58.0,A,26.4,38.01,20110704-20110711,493.008928009,31.44,34.9,measured,2.8,observed,-2.0,52.4,33.26
TAP_A01,3091,,,727619.67,9664491.07,O,5.1,A,5.27,8.35,20100116-20100213,5.4,A,4.47,8.51,20110704-20110711,493.008928009,6.71,8.35,measured,0.3,observed,-2.0,4.8,7.63
TAP_A01,3092,,,727611.59,9664490.79,O,10.2,A,6.14,8.34,20100116-20100213,10.3,A,6.09,9.21,20110704-20110711,493.008928009,10.85,8.34,measured,0.1,observed,-2.0,10.1,8.22
TAP_A01,3093,Syagrus cocoides,Arecaceae,727607.74,9664491.08,P,5.3,A,4.67,6.78,20100116-20100213,5.3,A,4.54,6.66,20110704-20110711,493.008928009,6.62,6.78,measured,0.0,observed,-2.0,5.3,6.78
TAP_A01,3094,,,727606.17,9664491.09,O,8.1,A,5.14,13.69,20100116-20100213,8.1,A,5.77,9.31,20110704-20110711,493.008928009,9.1,13.69,measured,0.0,observed,-2.0,8.1,13.69
TAP_A01,3095,,,727605.57,9664491.0,O,13.1,A,9.78,16.59,20100116-20100213,13.8,A,7.45,14.33,20110704-20110711,493.008928009,13.36,16.59,measured,0.7,observed,-2.0,12.4,15.39
TAP_A01,3096,,,727587.04,9664484.91,O,67.4,D,,11.87,20100116-20100213,67.4,D,,8.93,20110704-20110711,493.008928009,33.61,11.87,measured,0.0,observed,-2.0,67.4,11.87
TAP_A01,3097,Aspidosperma nitidum,Apocynaceae,727583.39,9664490.99,O,26.5,A,13.1,15.35,20100116-20100213,26.5,D,1.2,14.08,20110704-20110711,493.008928009,20.53,15.35,measured,0.0,observed,-2.0,26.5,15.35
TAP_A01,3098,,,727575.7,9664490.26,O,20.7,A,15.59,20.83,20100116-20100213,21.4,A,14.97,19.74,20110704-20110711,493.008928009,17.94,20.83,measured,0.7,observed,-2.0,20.0,19.94
TAP_A01,3099,,,727567.32,9664490.73,O,9.3,A,6.54,12.73,20100116-20100213,9.8,A,6.94,12.19,20110704-20110711,493.008928009,10.47,12.73,measured,0.5,observed,-2.0,8.8,11.77
TAP_A01,3100,,,727555.29,9664489.39,O,33.3,A,17.46,26.09,20100116-20100213,33.1,D,10.9,16.32,20110704-20110711,493.008928009,23.44,26.09,measured,0.0,observed,-2.0,33.1,26.09
TAP_A01,3101,,,727543.16,9664491.49,O,6.7,A,2.67,9.38,20100116-20100213,7.2,A,5.25,7.67,20110704-20110711,493.008928009,8.34,9.38,measured,0.5,observed,-2.0,6.2,8.38
TAP_A01,3102,,,727541.58,9664490.81,O,13.2,D,,6.92,20100116-20100213,,D,,,20110704-20110711,493.008928009,,6.92,measured,0.2,site_median,-2.0,,
TAP_A01,3103,,,727535.27,9664491.56,O,7.8,A,2.62,6.39,20100116-20100213,8.8,A,3.1,3.51,20110704-20110711,493.008928009,9.68,6.39,measured,1.0,observed,-2.0,6.8,5.27
TAP_A01,3104,,,727530.15,9664490.81,O,21.3,A,4.07,7.02,20100116-20100213,23.1,A,2.24,4.75,20110704-20110711,493.008928009,18.84,7.02,measured,1.8,observed,-2.0,19.5,6.29
TAP_A01,3105,,,727525.02,9664491.3,O,10.5,D,,4.12,20100116-20100213,10.5,D,,4.12,20110704-20110711,493.008928009,11.0,4.12,measured,0.0,observed,-2.0,10.5,4.12
TAP_A01,3106,,,727524.03,9664491.71,O,10.0,A,3.5,6.62,20100116-20100213,10.1,A,1.87,2.68,20110704-20110711,493.008928009,10.7,6.62,measured,0.1,observed,-2.0,9.9,6.53
TAP_A01,3107,Cecropia palmata,Urticaceae,727522.75,9664488.67,O,37.8,A,16.24,24.54,20100116-20100213,39.8,A,19.63,24.55,20110704-20110711,493.008928009,26.0,24.54,measured,2.0,observed,-2.0,35.8,23.14
TAP_A01,3108,,,727522.26,9664491.78,O,6.8,A,2.6,7.28,20100116-20100213,7.5,A,1.93,2.16,20110704-20110711,493.008928009,8.6,7.28,measured,0.7,observed,-2.0,6.1,6.23
TAP_A01,3109,,,727520.29,9664491.59,O,7.0,A,2.38,5.19,20100116-20100213,7.6,A,16.8,18.43,20110704-20110711,493.008928009,8.68,5.19,measured,0.6,observed,-2.0,6.4,4.57
TAP_A01,3110,,,727505.79,9664491.42,O,53.5,A,16.78,26.03,20100116-20100213,53.5,D,1.43,8.06,20110704-20110711,493.008928009,30.27,26.03,measured,0.0,observed,-2.0,53.5,26.03
TAP_A01,3111,,,727504.31,9664490.83,O,16.0,A,13.43,14.71,20100116-20100213,16.5,A,,,20110704-20110711,493.008928009,15.1,14.71,measured,0.5,observed,-2.0,15.5,14.1
TAP_A01,3112,,,727498.69,9664492.08,O,16.7,A,9.38,13.98,20100116-20100213,17.0,A,9.15,13.34,20110704-20110711,493.008928009,15.41,13.98,measured,0.3,observed,-2.0,16.4,13.64
TAP_A01,3113,Apuleia leiocarpa,Fabaceae,727497.9,9664492.09,O,115.5,A,27.45,51.41,20100116-20100213,112.7,A,35.05,47.36,20110704-20110711,493.008928009,40.41,51.41,measured,0.0,observed,-2.0,112.7,51.41
TAP_A01,3114,,,727494.16,9664491.02,O,24.2,A,13.9,22.45,20100116-20100213,25.4,A,18.53,21.6,20110704-20110711,493.008928009,20.0,22.45,measured,1.2,observed,-2.0,23.0,21.09
TAP_A01,3115,,,727493.17,9664491.53,O,5.9,A,3.6,7.49,20100116-20100213,6.0,A,1.33,6.79,20110704-20110711,493.008928009,7.27,7.49,measured,0.1,observed,-2.0,5.8,7.3
TAP_A01,3116,,,727491.4,9664491.3,O,16.8,A,12.47,17.54,20100116-20100213,17.1,A,14.25,17.11,20110704-20110711,493.008928009,15.47,17.54,measured,0.3,observed,-2.0,16.5,17.12
TAP_A01,3117,,,727487.16,9664490.23,O,35.6,A,19.64,25.64,20100116-20100213,35.7,A,16.97,20.38,20110704-20110711,493.008928009,24.48,25.64,measured,0.1,observed,-2.0,35.5,25.56
TAP_A01,3118,,,727477.2,9664491.77,O,11.7,A,4.28,10.49,20100116-20100213,12.0,A,0.46,12.87,20110704-20110711,493.008928009,12.11,10.49,measured,0.3,observed,-2.0,11.4,10.11
TAP_A01,3119,,,727471.58,9664492.37,O,5.4,A,1.76,9.53,20100116-20100213,5.6,A,5.45,8.86,20110704-20110711,493.008928009,6.9,9.53,measured,0.2,observed,-2.0,5.2,9.01
TAP_A01,3120,,,727471.48,9664491.52,O,10.2,A,6.49,9.96,20100116-20100213,10.7,A,11.21,14.5,20110704-20110711,493.008928009,11.15,9.96,measured,0.5,observed,-2.0,9.7,9.28
TAP_A01,3121,,,727462.41,9664491.3,O,30.4,A,11.97,25.64,20100116-20100213,31.4,A,4.28,25.4,20110704-20110711,493.008928009,22.73,25.64,measured,1.0,observed,-2.0,29.4,24.66
TAP_A01,3122,,,727457.18,9664488.85,O,37.9,A,14.81,24.75,20100116-20100213,39.6,A,17.22,25.99,20110704-20110711,493.008928009,25.93,24.75,measured,1.7,observed,-2.0,36.2,23.55
TAP_A01,3123,,,727455.61,9664492.41,O,11.0,A,6.18,13.37,20100116-20100213,11.2,A,7.01,12.19,20110704-20110711,493.008928009,11.53,13.37,measured,0.2,observed,-2.0,10.8,13.02
TAP_A01,3124,,,727447.72,9664492.53,O,9.9,D,,2.11,20100116-20100213,9.9,D,,2.11,20110704-20110711,493.008928009,10.55,2.11,measured,0.0,observed,-2.0,9.9,2.11
TAP_A01,3125,,,727451.07,9664491.96,O,14.2,A,9.43,14.73,20100116-20100213,14.3,A,10.58,12.25,20110704-20110711,493.008928009,13.69,14.73,measured,0.1,observed,-2.0,14.1,14.59
TAP_A01,3126,,,727438.84,9664490.31,O,24.3,D,,9.75,20100116-20100213,,D,,,20110704-20110711,493.008928009,,9.75,measured,0.2,site_median,-2.0,,
TAP_A01,3127,,,727436.58,9664492.33,L,5.3,A,,,20100116-20100213,6.8,A,,,20110704-20110711,493.008928009,7.99,7.16,local_fit,1.5,observed,-2.0,3.8,4.59
TAP_A01,3128,,,727431.15,9664491.47,O,16.8,A,13.63,15.54,20100116-20100213,16.9,A,14.02,15.87,20110704-20110711,493.008928009,15.35,15.54,measured,0.1,observed,-2.0,16.7,15.41
TAP_A01,3129,,,727425.44,9664491.33,O,15.8,A,10.73,15.77,20100116-20100213,16.5,A,10.76,15.43,20110704-20110711,493.008928009,15.1,15.77,measured,0.7,observed,-2.0,15.1,14.84
TAP_A01,3130,,,727415.97,9664492.16,O,28.2,A,11.92,16.1,20100116-20100213,28.5,A,9.41,14.73,20110704-20110711,493.008928009,21.46,16.1,measured,0.3,observed,-2.0,27.9,15.89
TAP_A01,3131,,,727402.17,9664492.83,O,23.5,A,20.15,23.11,20100116-20100213,23.7,A,21.96,26.0,20110704-20110711,493.008928009,19.15,23.11,measured,0.2,observed,-2.0,23.3,22.86
TAP_A01,3132,,,727398.62,9664491.11,O,32.2,A,25.91,32.83,20100116-20100213,34.3,A,18.77,25.22,20110704-20110711,493.008928009,23.93,32.83,measured,2.1,observed,-2.0,30.1,30.42
TAP_A01,3133,,,727391.42,9664491.42,O,37.3,A,22.5,29.64,20100116-20100213,38.8,A,22.61,26.53,20110704-20110711,493.008928009,25.64,29.64,measured,1.5,observed,-2.0,35.8,28.35
TAP_A01,3134,,,727389.15,9664492.96,O,9.7,A,5.9,12.29,20100116-20100213,9.8,A,8.82,13.44,20110704-20110711,493.008928009,10.47,12.29,measured,0.1,observed,-2.0,9.6,12.1
TAP_A01,3135,,,727381.26,9664493.16,O,8.1,D,1.75,4.08,20100116-20100213,,D,,,20110704-20110711,493.008928009,,4.08,measured,0.2,site_median,-2.0,,
TAP_A01,3136,,,727379.78,9664491.33,O,124.6,A,45.75,56.65,20100116-20100213,126.5,A,31.28,41.75,20110704-20110711,493.008928009,41.69,56.65,measured,1.9,observed,-2.0,122.7,56.22
TAP_A01,3137,,,727376.73,9664493.2,O,5.8,A,5.14,8.12,20100116-20100213,5.8,D,,7.77,20110704-20110711,493.008928009,7.09,8.12,measured,0.0,observed,-2.0,5.8,8.12
TAP_A01,3138,,,727369.63,9664492.76,O,6.2,D,,2.89,20100116-20100213,6.2,D,,2.57,20110704-20110711,493.008928009,7.45,2.89,measured,0.0,observed,-2.0,6.2,2.89
TAP_A01,3139,,,727343.89,9664492.64,O,9.9,A,2.63,4.74,20100116-20100213,9.9,A,3.5,4.08,20110704-20110711,493.008928009,10.55,4.74,measured,0.0,observed,-2.0,9.9,4.74
TAP_A01,3140,,,727339.26,9664493.28,O,7.9,A,7.65,6.15,20100116-20100213,8.5,A,4.71,5.53,20110704-20110711,493.008928009,9.43,6.15,measured,0.6,observed,-2.0,7.3,5.5
TAP_A01,3141,,,727336.8,9664493.3,O,5.1,A,5.32,8.0,20100116-20100213,5.1,A,5.05,6.81,20110704-20110711,493.008928009,6.43,8.0,measured,0.0,observed,-2.0,5.1,8.0
TAP_A01,3142,,,727333.34,9664492.98,O,19.7,A,17.84,21.55,20100116-20100213,20.3,A,12.68,18.04,20110704-20110711,493.008928009,17.33,21.55,measured,0.6,observed,-2.0,19.1,20.7
TAP_A01,3143,,,727331.18,9664491.8,O,21.6,A,14.9,17.96,20100116-20100213,22.1,A,16.15,18.96,20110704-20110711,493.008928009,18.31,17.96,measured,0.5,observed,-2.0,21.1,17.44
TAP_A01,3144,,,727329.79,9664493.36,L,5.4,A,,,20100116-20100213,5.5,A,,,20110704-20110711,493.008928009,6.81,7.25,local_fit,0.1,observed,-2.0,5.3,7.05
TAP_A01,3145,Couratari stellata,Lecythidaceae,727323.98,9664493.31,O,6.4,A,7.96,9.66,20100116-20100213,6.5,A,6.47,9.9,20110704-20110711,493.008928009,7.72,9.66,measured,0.1,observed,-2.0,6.3,9.43
TAP_A01,3146,,,727319.44,9664493.35,O,10.2,A,2.84,10.02,20100116-20100213,10.3,A,7.64,10.58,20110704-20110711,493.008928009,10.85,10.02,measured,0.1,observed,-2.0,10.1,9.88
TAP_A01,3147,,,727317.86,9664492.37,O,16.6,D,,8.36,20100116-20100213,16.6,D,,7.97,20110704-20110711,493.008928009,15.16,8.36,measured,0.0,observed,-2.0,16.6,8.36
TAP_A01,3181,,,727298.44,9664488.99,O,8.15,D,,5.93,20100116-20100213,8.1,D,,18.84,20110704-20110711,493.008928009,9.1,5.93,measured,0.0,observed,-2.0,8.1,5.93
TAP_A01,3148,,,727288.09,9664493.93,L,5.0,A,,,20100116-20100213,4.9,A,,,20110704-20110711,493.008928009,6.23,6.91,local_fit,0.0,observed,-2.0,4.9,6.91
TAP_A01,3149,,,727287.1,9664488.94,O,51.4,A,22.86,30.09,20100116-20100213,51.6,A,15.47,12.27,20110704-20110711,493.008928009,29.74,30.09,measured,0.2,observed,-2.0,51.2,29.98
TAP_A01,3150,,,727275.27,9664493.74,O,15.6,A,10.31,14.28,20100116-20100213,16.2,A,8.43,11.66,20110704-20110711,493.008928009,14.91,14.28,measured,0.6,observed,-2.0,15.0,13.55
TAP_A01,3151,,,727273.59,9664493.76,O,6.5,A,3.89,8.88,20100116-20100213,8.2,A,7.38,11.33,20110704-20110711,493.008928009,9.19,8.88,measured,1.7,observed,-2.0,4.8,5.92
TAP_A01,3152,,,727272.21,9664493.57,O,6.4,A,1.87,9.0,20100116-20100213,7.0,A,4.65,10.3,20110704-20110711,493.008928009,8.17,9.0,measured,0.6,observed,-2.0,5.8,7.81
TAP_A01,3153,,,727267.78,9664493.71,O,9.1,A,4.15,8.98,20100116-20100213,9.2,A,5.2,10.49,20110704-20110711,493.008928009,10.0,8.98,measured,0.1,observed,-2.0,9.0,8.84
TAP_A01,3154,,,727265.41,9664493.83,O,13.7,A,3.57,8.68,20100116-20100213,13.9,A,4.99,8.4,20110704-20110711,493.008928009,13.42,8.68,measured,0.2,observed,-2.0,13.5,8.51
TAP_A01,3155,Apuleia leiocarpa,Fabaceae,727250.03,9664493.68,O,70.0,A,36.05,42.33,20100116-20100213,71.2,A,28.49,40.9,20110704-20110711,493.008928009,34.39,42.33,measured,1.2,observed,-2.0,68.8,41.74
TAP_A01,3156,Inga marginata,Fabaceae,727244.8,9664493.6,O,12.2,A,13.76,17.24,20100116-20100213,13.2,A,9.5,11.22,20110704-20110711,493.008928009,12.95,17.24,measured,1.0,observed,-2.0,11.2,15.35
TAP_A01,3157,Parkia sp.,Fabaceae,727239.87,9664493.95,O,32.8,A,20.33,24.64,20100116-20100213,33.1,A,19.29,21.7,20110704-20110711,493.008928009,23.44,24.64,measured,0.3,observed,-2.0,32.5,24.39
TAP_A01,3158,,,727235.04,9664494.19,O,30.7,A,4.65,37.55,20100116-20100213,30.0,A,13.55,17.29,20110704-20110711,493.008928009,22.13,37.55,measured,0.0,observed,-2.0,30.0,37.55
TAP_A01,3159,,,727234.65,9664493.85,O,11.2,D,,3.59,20100116-20100213,,D,,1.82,20110704-20110711,493.008928009,,3.59,measured,0.2,site_median,-2.0,,
TAP_A01,3160,,,727225.38,9664494.18,L,12.1,A,,,20100116-20100213,12.5,A,,,20110704-20110711,493.008928009,12.46,11.96,local_fit,0.4,observed,-2.0,11.7,11.41
TAP_A01,3161,,,727222.03,9664493.96,O,11.5,A,11.79,16.01,20100116-20100213,11.8,A,5.32,7.0,20110704-20110711,493.008928009,11.96,16.01,measured,0.3,observed,-2.0,11.2,15.43
TAP_A01,3162,,,727221.83,9664492.71,O,78.3,A,23.03,34.52,20100116-20100213,77.5,A,18.97,35.36,20110704-20110711,493.008928009,35.58,34.52,measured,0.0,observed,-2.0,77.5,34.52
TAP_A01,3163,Alexa grandiflora,Fabaceae,727205.56,9664493.65,O,28.1,A,21.43,25.29,20100116-20100213,28.1,A,15.57,21.17,20110704-20110711,493.008928009,21.28,25.29,measured,0.0,observed,-2.0,28.1,25.29
TAP_A01,3164,,,727205.07,9664492.56,O,24.7,D,,17.55,20100116-20100213,,D,,8.21,20110704-20110711,493.008928009,,17.55,measured,0.2,site_median,-2.0,,
TAP_A01,3165,,,727198.27,9664494.62,O,9.4,A,4.83,10.56,20100116-20100213,9.9,A,6.31,10.34,20110704-20110711,493.008928009,10.55,10.56,measured,0.5,observed,-2.0,8.9,9.77
TAP_A01,3166,,,727193.34,9664494.06,O,10.5,A,2.71,6.87,20100116-20100213,10.6,A,4.28,7.24,20110704-20110711,493.008928009,11.08,6.87,measured,0.1,observed,-2.0,10.4,6.78
TAP_A01,3167,,,727190.08,9664494.59,O,5.6,A,5.09,6.78,20100116-20100213,6.4,A,3.77,6.11,20110704-20110711,493.008928009,7.64,6.78,measured,0.8,observed,-2.0,4.8,5.44
TAP_A01,3168,,,727189.1,9664494.7,O,10.1,A,3.69,6.06,20100116-20100213,10.2,A,3.61,6.01,20110704-20110711,493.008928009,10.78,6.06,measured,0.1,observed,-2.0,10.0,5.97
TAP_A01,3169,,,727187.42,9664494.61,O,11.1,A,4.8,9.29,20100116-20100213,11.2,A,6.39,8.69,20110704-20110711,493.008928009,11.53,9.29,measured,0.1,observed,-2.0,11.0,9.17
TAP_A01,3170,,,727180.12,9664493.68,O,17.1,A,11.16,16.35,20100116-20100213,17.2,A,9.24,16.47,20110704-20110711,493.008928009,15.53,16.35,measured,0.1,observed,-2.0,17.0,16.22
TAP_A01,3171,,,727174.7,9664493.97,O,36.7,A,16.22,25.49,20100116-20100213,37.4,A,11.45,17.36,20110704-20110711,493.008928009,25.13,25.49,measured,0.7,observed,-2.0,36.0,24.95
TAP_A01,3172,,,727171.94,9664494.15,O,23.0,A,6.17,8.55,20100116-20100213,23.0,D,2.14,4.8,20110704-20110711,493.008928009,18.79,8.55,measured,0.0,observed,-2.0,23.0,8.55
TAP_A01,3173,,,727169.18,9664494.52,O,7.1,A,5.69,11.34,20100116-20100213,7.8,A,8.02,10.98,20110704-20110711,493.008928009,8.85,11.34,measured,0.7,observed,-2.0,6.4,9.79
TAP_A01,3174,,,727157.84,9664490.47,O,139.6,A,26.56,49.51,20100116-20100213,139.6,A,33.96,41.32,20110704-20110711,493.008928009,42.7,49.51,measured,0.0,observed,-2.0,139.6,49.51
TAP_A01,3175,Rinorea guianensis,Violaceae,727155.28,9664494.64,O,7.9,A,3.38,11.86,20100116-20100213,8.2,A,5.7,9.47,20110704-20110711,493.008928009,9.19,11.86,measured,0.3,observed,-2.0,7.6,11.2
TAP_A01,3176,,,727151.33,9664494.38,O,33.9,A,29.18,36.16,20100116-20100213,34.7,A,23.5,33.7,20110704-20110711,493.008928009,24.09,36.16,measured,0.8,observed,-2.0,33.1,35.18
TAP_A01,3177,,,727145.12,9664494.71,O,7.1,A,6.05,11.16,20100116-20100213,7.1,A,9.17,11.12,20110704-20110711,493.008928009,8.25,11.16,measured,0.0,observed,-2.0,7.1,11.16
TAP_A01,3178,Manilkara huberi,Sapotaceae,727144.33,9664494.89,O,20.3,A,9.97,14.65,20100116-20100213,20.7,A,10.55,15.67,20110704-20110711,493.008928009,17.56,14.65,measured,0.4,observed,-2.0,19.9,14.27
TAP_A01,3179,,,727138.81,9664493.64,O,20.4,D,,6.36,20100116-20100213,20.4,D,,6.36,20110704-20110711,493.008928009,17.39,6.36,measured,0.0,observed,-2.0,20.4,6.36
TAP_A01,3180,,,727133.09,9664491.14,O,120.6,D,,4.96,20100116-20100213,120.6,D,,4.96,20110704-20110711,493.008928009,41.18,4.96,measured,0.0,observed,-2.0,120.6,4.96
TAP_A01,3182,,,727242.83,9664494.98,O,,A,,,20100116-20100213,6.3,A,11.26,12.37,20110704-20110711,493.008928009,7.54,12.37,measured,0.2,site_median,-2.0,5.9,11.78
TAP_A01,3183,,,727517.92,9664492.66,O,,A,,,20100116-20100213,7.0,A,3.16,4.66,20110704-20110711,493.008928009,8.17,4.66,measured,0.2,site_median,-2.0,6.6,4.45
TAP_A01,3184,,,727518.71,9664492.41,O,,A,,,20100116-20100213,5.3,A,6.66,10.47,20110704-20110711,493.008928009,6.62,10.47,measured,0.2,site_median,-2.0,4.9,9.85
TAP_A01,3185,,,727596.4,9664490.88,O,,A,,,20100116-20100213,5.1,A,4.0,9.0,20110704-20110711,493.008928009,6.43,9.0,measured,0.2,site_median,-2.0,4.7,8.45
TAP_A01,3186,Couratari stellata,Lecythidaceae,727283.26,9664493.67,O,,A,,,20100116-20100213,5.0,A,4.5,8.0,20110704-20110711,493.008928009,6.33,8.0,measured,0.2,site_median,-2.0,4.6,7.51
TAP_A01,3201,,,726779.06,9664318.13,O,11.9,A,12.66,14.3,20100116-20100213,11.8,A,10.95,12.79,20110704-20110711,500.000640863,11.96,14.3,measured,0.0,observed,-2.0,11.8,14.3
TAP_A01,3202,,,726771.0,9664318.29,O,6.5,A,3.5,6.73,20100116-20100213,6.2,D,1.21,3.3,20110704-20110711,500.000640863,7.45,6.73,measured,0.0,observed,-2.0,6.2,6.73
TAP_A01,3203,Bertholletia excelsa,Lecythidaceae,726763.17,9664318.83,O,41.4,A,24.67,33.53,20100116-20100213,43.5,A,28.56,32.48,20110704-20110711,500.000640863,27.27,33.53,measured,2.1,observed,-2.0,39.3,31.75
TAP_A01,3204,,,726759.65,9664318.69,O,7.2,A,8.09,16.64,20100116-20100213,7.6,A,7.99,14.94,20110704-20110711,500.000640863,8.68,16.64,measured,0.4,observed,-2.0,6.8,15.32
TAP_A01,3205,,,726754.66,9664319.01,O,10.9,A,4.58,9.51,20100116-20100213,11.0,A,2.78,5.92,20110704-20110711,500.000640863,11.38,9.51,measured,0.1,observed,-2.0,10.8,9.38
TAP_A01,3206,Inga marginata,Fabaceae,726743.5,9664319.85,O,15.3,A,6.01,9.81,20100116-20100213,19.5,A,12.84,20.4,20110704-20110711,500.000640863,16.88,9.81,measured,4.2,observed,-2.0,11.1,6.65
TAP_A01,3207,,,726740.5,9664320.09,O,5.4,A,2.15,8.58,20100116-20100213,5.5,A,4.92,8.97,20110704-20110711,500.000640863,6.81,8.58,measured,0.1,observed,-2.0,5.3,8.34
TAP_A01,3208,,,726738.91,9664320.29,L,5.3,D,,,20100116-20100213,5.3,D,,,20110704-20110711,500.000640863,6.62,7.16,local_fit,0.0,observed,-2.0,5.3,7.16
TAP_A01,3209,,,726730.24,9664322.53,O,50.5,A,23.51,30.28,20100116-20100213,51.7,A,33.68,37.02,20110704-20110711,500.000640863,29.77,30.28,measured,1.2,observed,-2.0,49.3,29.58
TAP_A01,3210,,,726727.53,9664324.1,O,36.4,A,18.13,28.25,20100116-20100213,37.3,A,14.11,24.3,20110704-20110711,500.000640863,25.09,28.25,measured,0.9,observed,-2.0,35.5,27.47
TAP_A01,3211,,,726724.56,9664321.53,L,9.5,A,,,20100116-20100213,10.0,A,,,20110704-20110711,500.000640863,10.62,10.29,local_fit,0.5,observed,-2.0,9.0,9.53
TAP_A01,3212,,,726722.3,9664322.18,O,12.5,A,14.51,18.17,20100116-20100213,12.6,A,12.93,18.06,20110704-20110711,500.000640863,12.53,18.17,measured,0.1,observed,-2.0,12.4,17.97
TAP_A01,3213,,,726720.81,9664322.37,O,12.1,A,8.8,19.47,20100116-20100213,12.6,A,8.2,15.56,20110704-20110711,500.000640863,12.53,19.47,measured,0.5,observed,-2.0,11.6,18.37
TAP_A01,3214,,,726700.39,9664322.74,L,5.7,A,,,20100116-20100213,6.2,A,,,20110704-20110711,500.000640863,7.45,7.5,local_fit,0.5,observed,-2.0,5.2,6.56
TAP_A01,3215,,,726698.17,9664322.53,L,10.0,A,,,20100116-20100213,10.0,A,,,20110704-20110711,500.000640863,10.62,10.62,local_fit,0.0,observed,-2.0,10.0,10.62
TAP_A01,3216,,,726690.24,9664323.78,O,9.7,A,7.66,11.43,20100116-20100213,9.8,A,1.71,9.27,20110704-20110711,500.000640863,10.47,11.43,measured,0.1,observed,-2.0,9.6,11.26
TAP_A01,3217,,,726676.25,9664324.45,O,7.7,A,1.86,5.76,20100116-20100213,8.1,A,3.03,5.25,20110704-20110711,500.000640863,9.1,5.76,measured,0.4,observed,-2.0,7.3,5.34
TAP_A01,3218,,,726672.26,9664324.7,O,6.1,A,1.75,3.82,20100116-20100213,6.1,A,2.91,11.54,20110704-20110711,500.000640863,7.36,3.82,measured,0.0,observed,-2.0,6.1,3.82
TAP_A01,3219,Ecclinusa ramiflora,Sapotaceae,726669.08,9664325.1,O,18.6,A,7.88,13.63,20100116-20100213,16.6,A,6.48,13.86,20110704-20110711,500.000640863,15.16,13.63,measured,0.0,observed,-2.0,16.6,13.63
TAP_A01,3220,,,726665.79,9664325.4,O,14.9,A,9.41,14.03,20100116-20100213,15.1,A,12.08,18.75,20110704-20110711,500.000640863,14.21,14.03,measured,0.2,observed,-2.0,14.7,13.77
TAP_A01,3221,,,726658.26,9664325.23,O,7.0,A,2.84,7.02,20100116-20100213,7.1,A,1.7,1.94,20110704-20110711,500.000640863,8.25,7.02,measured,0.1,observed,-2.0,6.9,6.88
TAP_A01,3222,,,726658.23,9664326.22,O,23.0,A,5.81,16.14,20100116-20100213,23.1,A,9.91,16.4,20110704-20110711,500.000640863,18.84,16.14,measured,0.1,observed,-2.0,22.9,16.05
TAP_A01,3223,,,726645.19,9664325.99,O,6.4,A,5.74,8.51,20100116-20100213,6.5,A,8.01,7.56,20110704-20110711,500.000640863,7.72,8.51,measured,0.1,observed,-2.0,6.3,8.31
TAP_A01,3224,,,726635.85,9664327.27,O,12.9,A,10.76,16.29,20100116-20100213,13.4,A,10.71,15.85,20110704-20110711,500.000640863,13.08,16.29,measured,0.5,observed,-2.0,12.4,15.43
TAP_A01,3225,,,726634.06,9664327.48,O,31.3,D,,9.71,20100116-20100213,31.3,D,,9.76,20110704-20110711,500.000640863,22.69,9.71,measured,0.0,observed,-2.0,31.3,9.71
TAP_A01,3226,,,726623.63,9664328.98,O,21.8,A,11.67,17.44,20100116-20100213,21.7,A,14.54,22.03,20110704-20110711,500.000640863,18.1,17.44,measured,0.0,observed,-2.0,21.7,17.44
TAP_A01,3227,Virola sebifera,Myristicaceae,726612.5,9664330.48,O,26.7,A,12.35,17.28,20100116-20100213,26.7,A,12.96,17.24,20110704-20110711,500.000640863,20.62,17.28,measured,0.0,observed,-2.0,26.7,17.28
TAP_A01,3228,,,726594.54,9664330.05,L,19.0,A,,,20100116-20100213,19.9,A,,,20110704-20110711,500.000640863,17.11,15.82,local_fit,0.9,observed,-2.0,18.1,14.86
TAP_A01,3229,,,726592.6,9664334.33,O,76.8,A,25.42,36.99,20100116-20100213,77.0,A,21.26,38.65,20110704-20110711,500.000640863,35.49,36.99,measured,0.2,observed,-2.0,76.6,36.92
TAP_A01,3230,,,726584.52,9664330.07,O,6.7,A,4.19,7.74,20100116-20100213,6.8,A,3.76,7.08,20110704-20110711,500.000640863,7.99,7.74,measured,0.1,observed,-2.0,6.6,7.57
TAP_A01,3231,,,726581.26,9664330.83,O,15.0,A,1.25,11.64,20100116-20100213,15.2,A,4.84,12.28,20110704-20110711,500.000640863,14.28,11.64,measured,0.2,observed,-2.0,14.8,11.43
TAP_A01,3232,,,726578.2,9664331.52,O,23.1,A,,6.66,20100116-20100213,23.2,A,,7.95,20110704-20110711,500.000640863,18.89,6.66,measured,0.1,observed,-2.0,23.0,6.62
TAP_A01,3233,,,726572.92,9664330.34,O,6.4,A,4.56,5.44,20100116-20100213,6.3,A,4.15,7.0,20110704-20110711,500.000640863,7.54,5.44,measured,0.0,observed,-2.0,6.3,5.44
TAP_A01,3234,,,726561.89,9664331.88,O,11.8,A,7.48,9.42,20100116-20100213,12.0,A,5.47,10.42,20110704-20110711,500.000640863,12.11,9.42,measured,0.2,observed,-2.0,11.6,9.19
TAP_A01,3235,Cecropia distachya,Urticaceae,726559.62,9664332.38,O,16.6,A,3.31,8.9,20100116-20100213,17.5,A,6.82,10.35,20110704-20110711,500.000640863,15.71,8.9,measured,0.9,observed,-2.0,15.7,8.27
TAP_A01,3236,,,726550.47,9664331.9,O,6.1,D,,6.35,20100116-20100213,7.4,D,,5.41,20110704-20110711,500.000640863,8.51,6.35,measured,1.3,observed,-2.0,4.8,4.57
TAP_A01,3237,Dipteryx odorata,Fabaceae,726550.08,9664332.02,O,6.3,A,6.64,8.74,20100116-20100213,6.4,A,7.81,9.08,20110704-20110711,500.000640863,7.64,8.74,measured,0.1,observed,-2.0,6.2,8.52
TAP_A01,3238,,,726539.01,9664332.91,O,16.8,A,7.87,11.53,20100116-20100213,16.8,A,6.48,12.02,20110704-20110711,500.000640863,15.29,11.53,measured,0.0,observed,-2.0,16.8,11.53
TAP_A01,3239,,,726524.17,9664334.24,O,15.3,A,9.5,16.1,20100116-20100213,15.6,A,10.19,17.77,20110704-20110711,500.000640863,14.54,16.1,measured,0.3,observed,-2.0,15.0,15.67
TAP_A01,3240,,,726520.96,9664334.26,O,7.5,A,3.42,8.9,20100116-20100213,7.5,A,7.55,10.06,20110704-20110711,500.000640863,8.6,8.9,measured,0.0,observed,-2.0,7.5,8.9
TAP_A01,3241,Bertholletia excelsa,Lecythidaceae,726518.8,9664336.53,O,50.3,A,21.82,29.63,20100116-20100213,50.5,A,29.48,47.92,20110704-20110711,500.000640863,29.43,29.63,measured,0.2,observed,-2.0,50.1,29.51
TAP_A01,3242,,,726511.85,9664334.31,O,5.0,A,2.77,5.94,20100116-20100213,5.1,A,2.74,6.22,20110704-20110711,500.000640863,6.43,5.94,measured,0.1,observed,-2.0,4.9,5.76
TAP_A01,3243,,,726502.64,9664336.08,O,15.8,A,22.34,26.67,20100116-20100213,16.0,A,24.69,30.35,20110704-20110711,500.000640863,14.79,26.67,measured,0.2,observed,-2.0,15.6,26.22
TAP_A01,3244,,,726497.52,9664335.95,O,9.6,A,4.79,6.37,20100116-20100213,9.6,A,5.71,8.69,20110704-20110711,500.000640863,10.31,6.37,measured,0.0,observed,-2.0,9.6,6.37
TAP_A01,3245,,,726476.85,9664337.04,O,9.6,A,3.18,7.88,20100116-20100213,10.1,A,2.56,7.32,20110704-20110711,500.000640863,10.7,7.88,measured,0.5,observed,-2.0,9.1,7.31
TAP_A01,3246,,,726471.57,9664337.62,O,10.0,A,5.81,7.65,20100116-20100213,10.2,A,4.68,10.89,20110704-20110711,500.000640863,10.78,7.65,measured,0.2,observed,-2.0,9.8,7.43
TAP_A01,3247,Vataireopsis speciosa,Fabaceae,726465.83,9664337.08,O,14.4,A,8.4,11.26,20100116-20100213,14.5,A,8.79,11.72,20110704-20110711,500.000640863,13.82,11.26,measured,0.1,observed,-2.0,14.3,11.15
TAP_A01,3248,,,726438.11,9664339.21,O,5.3,A,2.74,6.17,20100116-20100213,5.3,A,2.98,3.9,20110704-20110711,500.000640863,6.62,6.17,measured,0.0,observed,-2.0,5.3,6.17
TAP_A01,3249,,,726429.91,9664339.57,O,14.7,A,8.53,10.94,20100116-20100213,14.8,A,4.9,11.26,20110704-20110711,500.000640863,14.02,10.94,measured,0.1,observed,-2.0,14.6,10.84
TAP_A01,3250,,,726428.43,9664339.81,O,7.5,A,6.04,7.65,20100116-20100213,7.5,A,5.58,7.36,20110704-20110711,500.000640863,8.6,7.65,measured,0.0,observed,-2.0,7.5,7.65
TAP_A01,3251,,,726425.3,9664339.55,O,14.0,A,6.1,10.61,20100116-20100213,14.2,A,7.08,9.3,20110704-20110711,500.000640863,13.62,10.61,measured,0.2,observed,-2.0,13.8,10.41
TAP_A01,3252,,,726419.76,9664340.55,O,8.9,A,6.42,11.06,20100116-20100213,9.2,A,6.11,8.37,20110704-20110711,500.000640863,10.0,11.06,measured,0.3,observed,-2.0,8.6,10.53
TAP_A01,3253,,,726415.16,9664340.69,L,6.1,A,,,20100116-20100213,5.9,A,,,20110704-20110711,500.000640863,7.18,7.82,local_fit,0.0,observed,-2.0,5.9,7.82
TAP_A01,3254,,,726414.81,9664343.12,O,43.1,A,18.71,22.1,20100116-20100213,43.1,A,14.9,18.0,20110704-20110711,500.000640863,27.14,22.1,measured,0.0,observed,-2.0,43.1,22.1
TAP_A01,3255,Theobroma glaucum,Malvaceae,726410.79,9664341.41,O,16.9,A,11.36,15.76,20100116-20100213,17.0,A,10.21,15.47,20110704-20110711,500.000640863,15.41,15.76,measured,0.1,observed,-2.0,16.8,15.64
TAP_A01,3256,,,726407.79,9664341.4,O,8.8,A,6.67,9.16,20100116-20100213,8.9,A,6.48,7.9,20110704-20110711,500.000640863,9.76,9.16,measured,0.1,observed,-2.0,8.7,9.01
TAP_A01,3257,,,726394.96,9664341.45,O,8.2,A,5.62,7.79,20100116-20100213,8.2,A,2.95,6.04,20110704-20110711,500.000640863,9.19,7.79,measured,0.0,observed,-2.0,8.2,7.79
TAP_A01,3258,,,726394.02,9664342.36,O,9.5,A,5.33,8.5,20100116-20100213,9.9,A,5.83,10.44,20110704-20110711,500.000640863,10.55,8.5,measured,0.4,observed,-2.0,9.1,7.99
TAP_A01,3259,,,726390.51,9664342.28,O,14.6,A,7.77,10.39,20100116-20100213,14.7,A,7.83,10.9,20110704-20110711,500.000640863,13.95,10.39,measured,0.1,observed,-2.0,14.5,10.29
TAP_A01,3260,,,726384.78,9664342.08,O,12.9,A,11.68,16.64,20100116-20100213,13.3,A,9.97,13.25,20110704-20110711,500.000640863,13.02,16.64,measured,0.4,observed,-2.0,12.5,15.92
TAP_A01,3261,,,726382.51,9664342.53,O,9.0,A,3.35,10.67,20100116-20100213,9.1,A,4.91,10.26,20110704-20110711,500.000640863,9.92,10.67,measured,0.1,observed,-2.0,8.9,10.5
TAP_A01,3262,,,726372.14,9664343.37,O,6.2,A,5.67,8.99,20100116-20100213,6.4,A,4.42,9.32,20110704-20110711,500.000640863,7.64,8.99,measured,0.2,observed,-2.0,6.0,8.55
TAP_A01,3263,,,726360.13,9664343.67,O,12.2,D,,4.39,20100116-20100213,,D,,,20110704-20110711,500.000640863,,4.39,measured,0.2,site_median,-2.0,,
TAP_A01,3264,Attalea speciosa,Arecaceae,726350.45,9664347.43,P,33.7,A,11.51,21.16,20100116-20100213,33.1,A,10.98,20.69,20110704-20110711,500.000640863,23.44,21.16,measured,0.0,observed,-2.0,33.1,21.16
TAP_A01,3265,Carapa guianensis,Meliaceae,726320.87,9664347.02,O,10.6,A,8.79,11.57,20100116-20100213,10.7,A,3.76,6.18,20110704-20110711,500.000640863,11.15,11.57,measured,0.1,observed,-2.0,10.5,11.41
TAP_A01,3266,,,726316.92,9664346.37,O,7.0,D,,5.25,20100116-20100213,7.4,D,,4.83,20110704-20110711,500.000640863,8.51,5.25,measured,0.4,observed,-2.0,6.6,4.82
TAP_A01,3267,,,726309.39,9664347.69,O,12.2,A,2.12,8.13,20100116-20100213,12.3,A,2.31,7.47,20110704-20110711,500.000640863,12.32,8.13,measured,0.1,observed,-2.0,12.1,8.04
TAP_A01,3268,Bertholletia excelsa,Lecythidaceae,726290.6,9664348.56,O,42.6,A,20.8,29.69,20100116-20100213,43.6,A,17.06,30.67,20110704-20110711,500.000640863,27.3,29.69,measured,1.0,observed,-2.0,41.6,28.96
TAP_A01,3269,Inga marginata,Fabaceae,726296.94,9664347.41,O,6.5,A,6.52,8.96,20100116-20100213,6.9,A,5.77,7.04,20110704-20110711,500.000640863,8.08,8.96,measured,0.4,observed,-2.0,6.1,8.16
TAP_A01,3270,,,726298.32,9664346.93,O,7.1,A,5.46,8.24,20100116-20100213,7.4,D,,3.17,20110704-20110711,500.000640863,8.51,8.24,measured,0.3,observed,-2.0,6.8,7.74
TAP_A01,3271,Cecropia palmata,Urticaceae,726300.76,9664346.77,O,12.7,A,14.79,16.2,20100116-20100213,13.6,A,4.86,6.09,20110704-20110711,500.000640863,13.22,16.2,measured,0.9,observed,-2.0,11.8,14.66
TAP_A01,3272,,,726315.98,9664345.82,O,6.4,A,5.16,6.24,20100116-20100213,6.5,A,4.48,7.17,20110704-20110711,500.000640863,7.72,6.24,measured,0.1,observed,-2.0,6.3,6.09
TAP_A01,3273,Pourouma guianensis,Urticaceae,726316.97,9664345.56,O,28.3,A,11.78,13.73,20100116-20100213,30.1,A,10.84,17.47,20110704-20110711,500.000640863,22.17,13.73,measured,1.8,observed,-2.0,26.5,12.71
TAP_A01,3274,,,726324.27,9664345.36,O,6.3,A,3.21,5.54,20100116-20100213,6.3,A,4.61,5.9,20110704-20110711,500.000640863,7.54,5.54,measured,0.0,observed,-2.0,6.3,5.54
TAP_A01,3275,Minquartia guianensis,Olacaceae,726332.87,9664345.12,O,6.9,A,2.11,3.76,20100116-20100213,7.0,A,2.07,2.48,20110704-20110711,500.000640863,8.17,3.76,measured,0.1,observed,-2.0,6.8,3.68
TAP_A01,3276,,,726342.8,9664343.65,O,11.7,A,2.38,6.17,20100116-20100213,11.9,A,3.28,7.03,20110704-20110711,500.000640863,12.03,6.17,measured,0.2,observed,-2.0,11.5,6.03
TAP_A01,3277,,,726342.81,9664343.85,O,13.5,A,1.17,7.88,20100116-20100213,14.5,A,3.28,7.03,20110704-20110711,500.000640863,13.82,7.88,measured,1.0,observed,-2.0,12.5,7.1
TAP_A01,3278,Bertholletia excelsa,Lecythidaceae,726344.74,9664344.18,O,10.9,A,4.11,8.63,20100116-20100213,11.5,A,7.35,12.31,20110704-20110711,500.000640863,11.75,8.63,measured,0.6,observed,-2.0,10.3,7.97
TAP_A01,3279,,,726350.06,9664342.85,O,23.9,D,,1.59,20100116-20100213,7.4,D,,1.59,20110704-20110711,500.000640863,8.51,1.59,measured,0.0,observed,-2.0,7.4,1.59
TAP_A01,3280,,,726354.83,9664343.8,O,8.4,A,6.45,7.49,20100116-20100213,8.6,A,5.74,9.12,20110704-20110711,500.000640863,9.52,7.49,measured,0.2,observed,-2.0,8.2,7.23
TAP_A01,3281,Theobroma glaucum,Malvaceae,726356.64,9664342.34,O,17.3,A,11.75,14.0,20100116-20100213,17.6,A,10.01,12.94,20110704-20110711,500.000640863,15.77,14.0,measured,0.3,observed,-2.0,17.0,13.68
TAP_A01,3282,Parahancornia fasciculata,Apocynaceae,726364.56,9664343.19,O,5.1,A,6.32,9.09,20100116-20100213,5.1,A,8.16,10.78,20110704-20110711,500.000640863,6.43,9.09,measured,0.0,observed,-2.0,5.1,9.09
TAP_A01,3283,,,726365.79,9664342.72,O,18.1,A,6.91,9.58,20100116-20100213,20.2,A,10.24,13.72,20110704-20110711,500.000640863,17.28,9.58,measured,2.1,observed,-2.0,16.0,8.2
TAP_A01,3284,,,726396.93,9664340.87,O,30.3,A,14.11,16.04,20100116-20100213,30.2,A,12.13,17.83,20110704-20110711,500.000640863,22.22,16.04,measured,0.0,observed,-2.0,30.2,16.04
TAP_A01,3285,,,726411.39,9664339.72,O,12.3,A,7.18,11.61,20100116-20100213,12.4,A,7.41,10.73,20110704-20110711,500.000640863,12.39,11.61,measured,0.1,observed,-2.0,12.2,11.48
TAP_A01,3286,,,726412.47,9664339.45,O,11.7,A,11.64,13.64,20100116-20100213,11.8,A,9.04,14.02,20110704-20110711,500.000640863,11.96,13.64,measured,0.1,observed,-2.0,11.6,13.48
TAP_A01,3287,,,726415.65,9664338.95,O,20.2,A,14.94,17.59,20100116-20100213,20.4,A,8.71,16.56,20110704-20110711,500.000640863,17.39,17.59,measured,0.2,observed,-2.0,20.0,17.37
TAP_A01,3288,,,726417.9,9664339.72,O,5.2,A,2.65,4.23,20100116-20100213,5.2,A,2.58,3.8,20110704-20110711,500.000640863,6.52,4.23,measured,0.0,observed,-2.0,5.2,4.23
TAP_A01,3289,,,726420.9,9664339.58,O,5.1,A,5.0,8.95,20100116-20100213,5.1,A,5.11,9.29,20110704-20110711,500.000640863,6.43,8.95,measured,0.0,observed,-2.0,5.1,8.95
TAP_A01,3290,,,726432.44,9664338.36,O,18.7,A,7.43,9.36,20100116-20100213,18.8,A,11.0,14.77,20110704-20110711,500.000640863,16.48,9.36,measured,0.1,observed,-2.0,18.6,9.29
TAP_A01,3291,,,726445.29,9664337.96,O,14.5,A,7.07,12.27,20100116-20100213,14.6,A,5.6,9.46,20110704-20110711,500.000640863,13.89,12.27,measured,0.1,observed,-2.0,14.4,12.16
TAP_A01,3292,,,726447.64,9664337.86,O,15.3,A,6.31,11.25,20100116-20100213,15.4,A,1.12,5.93,20110704-20110711,500.000640863,14.41,11.25,measured,0.1,observed,-2.0,15.2,11.15
TAP_A01,3293,Astrocaryum aculeatum ,Arecaceae,726457.12,9664335.62,P,22.9,A,20.78,28.46,20100116-20100213,23.0,A,18.21,26.07,20110704-20110711,500.000640863,18.79,28.46,measured,0.1,observed,-2.0,22.8,28.29
TAP_A01,3294,,,726460.82,9664337.04,O,8.0,A,3.49,5.66,20100116-20100213,8.1,A,3.42,7.12,20110704-20110711,500.000640863,9.1,5.66,measured,0.1,observed,-2.0,7.9,5.56
TAP_A01,3295,,,726480.12,9664334.88,O,16.3,A,8.26,9.33,20100116-20100213,16.4,A,8.56,14.31,20110704-20110711,500.000640863,15.04,9.33,measured,0.1,observed,-2.0,16.2,9.25
TAP_A01,3296,,,726480.42,9664334.81,O,12.3,A,8.24,9.81,20100116-20100213,15.5,A,9.24,12.66,20110704-20110711,500.000640863,14.47,9.81,measured,3.2,observed,-2.0,9.1,6.73
TAP_A01,3339,,,726490.92,9664334.61,O,,A,,,20100116-20100213,11.8,A,10.43,12.24,20110704-20110711,500.000640863,11.96,12.24,measured,0.2,site_median,-2.0,11.4,11.94
TAP_A01,3297,,,726484.22,9664334.83,O,11.8,A,6.58,8.64,20100116-20100213,12.1,A,6.11,7.82,20110704-20110711,500.000640863,12.18,8.64,measured,0.3,observed,-2.0,11.5,8.33
TAP_A01,3298,Jacaranda copaia,Bignoniaceae,726508.94,9664331.08,O,39.0,A,15.86,29.32,20100116-20100213,39.1,A,20.55,24.12,20110704-20110711,500.000640863,25.75,29.32,measured,0.1,observed,-2.0,38.9,29.24
TAP_A01,3299,Jacaranda copaia,Bignoniaceae,726516.25,9664329.37,O,41.5,A,22.06,25.93,20100116-20100213,41.8,A,24.28,28.49,20110704-20110711,500.000640863,26.7,25.93,measured,0.3,observed,-2.0,41.2,25.73
TAP_A01,3300,,,726524.08,9664332.94,O,5.3,A,7.57,9.45,20100116-20100213,5.4,A,7.46,9.01,20110704-20110711,500.000640863,6.71,9.45,measured,0.1,observed,-2.0,5.2,9.18
TAP_A01,3301,,,726539.66,9664332.12,O,11.6,A,7.37,13.34,20100116-20100213,11.8,A,7.24,12.1,20110704-20110711,500.000640863,11.96,13.34,measured,0.2,observed,-2.0,11.4,13.02
TAP_A01,3302,,,726550.25,9664331.56,O,7.3,A,5.42,7.36,20100116-20100213,7.5,A,7.7,11.05,20110704-20110711,500.000640863,8.6,7.36,measured,0.2,observed,-2.0,7.1,7.06
TAP_A01,3303,Couratari stellata,Lecythidaceae,726554.76,9664323.51,O,96.3,A,41.92,49.07,20100116-20100213,96.1,A,27.57,44.77,20110704-20110711,500.000640863,38.46,49.07,measured,0.0,observed,-2.0,96.1,49.07
TAP_A01,3304,,,726578.65,9664329.14,O,8.8,A,8.28,11.23,20100116-20100213,8.8,A,6.48,10.23,20110704-20110711,500.000640863,9.68,11.23,measured,0.0,observed,-2.0,8.8,11.23
TAP_A01,3305,,,726579.91,9664328.46,O,14.9,A,9.12,12.23,20100116-20100213,7.4,D,1.62,1.9,20110704-20110711,500.000640863,8.51,12.23,measured,0.0,observed,-2.0,7.4,12.23
TAP_A01,3306,,,726582.21,9664328.26,O,22.5,A,15.18,20.28,20100116-20100213,22.5,A,22.03,28.05,20110704-20110711,500.000640863,18.53,20.28,measured,0.0,observed,-2.0,22.5,20.28
TAP_A01,3307,,,726598.35,9664328.46,O,22.1,A,11.07,13.18,20100116-20100213,22.2,A,17.04,22.53,20110704-20110711,500.000640863,18.37,13.18,measured,0.1,observed,-2.0,22.0,13.1
TAP_A01,3308,,,726603.12,9664327.81,O,11.3,A,6.89,11.35,20100116-20100213,11.7,A,9.06,14.2,20110704-20110711,500.000640863,11.89,11.35,measured,0.4,observed,-2.0,10.9,10.79
TAP_A01,3309,Carapa guianensis,Meliaceae,726612.01,9664327.45,O,16.9,A,10.97,17.23,20100116-20100213,18.0,A,17.14,16.63,20110704-20110711,500.000640863,16.01,17.23,measured,1.1,observed,-2.0,15.8,15.78
TAP_A01,3310,Bertholletia excelsa,Lecythidaceae,726612.81,9664320.89,O,78.3,A,31.67,41.12,20100116-20100213,83.4,A,27.57,41.17,20110704-20110711,500.000640863,36.59,41.12,measured,5.0,observed,-2.0,73.4,39.13
TAP_A01,3311,Cecropia palmata,Urticaceae,726614.32,9664327.43,O,6.2,A,12.27,13.44,20100116-20100213,6.3,A,11.77,12.53,20110704-20110711,500.000640863,7.54,13.44,measured,0.1,observed,-2.0,6.1,13.12
TAP_A01,3312,,,726623.89,9664326.71,O,6.8,A,2.87,4.57,20100116-20100213,7.1,A,1.98,4.86,20110704-20110711,500.000640863,8.25,4.57,measured,0.3,observed,-2.0,6.5,4.28
TAP_A01,3313,,,726623.0,9664326.9,O,7.4,A,2.29,3.44,20100116-20100213,7.4,D,0.85,1.77,20110704-20110711,500.000640863,8.51,3.44,measured,0.0,observed,-2.0,7.4,3.44
TAP_A01,3314,Carapa guianensis,Meliaceae,726627.4,9664326.7,O,8.7,A,10.69,14.01,20100116-20100213,9.9,A,10.69,14.91,20110704-20110711,500.000640863,10.55,14.01,measured,1.2,observed,-2.0,7.5,11.42
TAP_A01,3315,,,726632.19,9664326.4,O,10.0,A,6.2,15.91,20100116-20100213,10.1,A,7.54,15.43,20110704-20110711,500.000640863,10.7,15.91,measured,0.1,observed,-2.0,9.9,15.69
TAP_A01,3316,Laetia procera,Salicaceae,726632.62,9664323.71,O,58.6,A,18.99,27.02,20100116-20100213,59.1,A,28.62,35.76,20110704-20110711,500.000640863,31.72,27.02,measured,0.5,observed,-2.0,58.1,26.81
TAP_A01,3317,Carapa guianensis,Meliaceae,726633.28,9664326.18,O,14.7,A,15.73,18.31,20100116-20100213,16.5,A,22.26,33.95,20110704-20110711,500.000640863,15.1,18.31,measured,1.8,observed,-2.0,12.9,15.45
TAP_A01,3318,,,726635.39,9664326.3,O,5.3,A,9.56,11.95,20100116-20100213,5.7,A,8.04,11.64,20110704-20110711,500.000640863,6.99,11.95,measured,0.4,observed,-2.0,4.9,10.65
TAP_A01,3319,,,726644.45,9664323.78,O,24.0,A,8.01,11.31,20100116-20100213,24.1,A,9.06,11.53,20110704-20110711,500.000640863,19.35,11.31,measured,0.1,observed,-2.0,23.9,11.25
TAP_A01,3320,,,726646.06,9664325.53,O,7.7,A,9.46,14.31,20100116-20100213,8.3,A,10.64,15.4,20110704-20110711,500.000640863,9.27,14.31,measured,0.6,observed,-2.0,7.1,12.74
TAP_A01,3321,,,726648.83,9664325.01,O,6.2,A,5.41,8.71,20100116-20100213,6.5,A,4.48,10.81,20110704-20110711,500.000640863,7.72,8.71,measured,0.3,observed,-2.0,5.9,8.1
TAP_A01,3322,,,726649.37,9664324.02,O,14.8,A,14.39,17.81,20100116-20100213,16.2,A,12.35,17.71,20110704-20110711,500.000640863,14.91,17.81,measured,1.4,observed,-2.0,13.4,15.62
TAP_A01,3323,,,726651.76,9664325.33,O,8.5,A,8.33,11.08,20100116-20100213,8.5,A,6.69,9.73,20110704-20110711,500.000640863,9.43,11.08,measured,0.0,observed,-2.0,8.5,11.08
TAP_A01,3324,Bertholletia excelsa,Lecythidaceae,726664.21,9664324.25,O,5.2,A,7.82,11.52,20100116-20100213,5.4,A,7.02,13.75,20110704-20110711,500.000640863,6.71,11.52,measured,0.2,observed,-2.0,5.0,10.87
TAP_A01,3325,Goupia glabra,Goupiaceae,726664.67,9664321.96,O,26.5,A,17.88,22.32,20100116-20100213,28.1,A,15.53,24.06,20110704-20110711,500.000640863,21.28,22.32,measured,1.6,observed,-2.0,24.9,20.72
TAP_A01,3326,Anacardium spruceanum,Anacardiaceae,726698.37,9664319.21,O,49.7,A,24.87,29.3,20100116-20100213,49.8,A,20.71,28.51,20110704-20110711,500.000640863,29.22,29.3,measured,0.1,observed,-2.0,49.6,29.24
TAP_A01,3327,,,726701.91,9664321.34,P,55.1,A,2.53,14.03,20100116-20100213,57.8,A,4.59,14.16,20110704-20110711,500.000640863,31.39,14.03,measured,2.7,observed,-2.0,52.4,13.39
TAP_A01,3328,,,726721.85,9664319.8,L,17.5,A,,,20100116-20100213,17.9,A,,,20110704-20110711,500.000640863,15.95,15.03,local_fit,0.4,observed,-2.0,17.1,14.58
TAP_A01,3329,,,726721.8,9664317.35,O,78.7,A,33.73,42.73,20100116-20100213,79.2,A,33.73,42.73,20110704-20110711,500.000640863,35.88,42.73,measured,0.5,observed,-2.0,78.2,42.53
TAP_A01,3330,Ecclinusa ramiflora,Sapotaceae,726729.56,9664318.12,O,31.1,A,25.54,30.06,20100116-20100213,31.2,A,21.1,29.7,20110704-20110711,500.000640863,22.65,30.06,measured,0.1,observed,-2.0,31.0,29.94
TAP_A01,3331,Eschweilera grandifolia,Lecythidaceae,726736.43,9664319.09,O,39.0,A,26.08,30.62,20100116-20100213,39.5,A,20.75,29.12,20110704-20110711,500.000640863,25.89,30.62,measured,0.5,observed,-2.0,38.5,30.19
TAP_A01,3332,,,726751.66,9664319.04,O,20.4,A,13.69,14.6,20100116-20100213,21.5,A,14.66,17.89,20110704-20110711,500.000640863,17.99,14.6,measured,1.1,observed,-2.0,19.3,13.61
TAP_A01,3333,,,726758.83,9664318.39,O,20.0,A,12.83,16.79,20100116-20100213,20.4,A,15.62,21.87,20110704-20110711,500.000640863,17.39,16.79,measured,0.4,observed,-2.0,19.6,16.36
TAP_A01,3334,,,726762.83,9664315.04,P,36.5,A,3.22,14.98,20100116-20100213,38.2,A,0.57,12.76,20110704-20110711,500.000640863,25.42,14.98,measured,1.7,observed,-2.0,34.8,14.22
TAP_A01,3335,Protium hepytaphillum ,Burseraceae,726773.34,9664316.49,O,16.2,A,13.23,15.57,20100116-20100213,16.8,A,8.09,18.46,20110704-20110711,500.000640863,15.29,15.57,measured,0.6,observed,-2.0,15.6,14.81
TAP_A01,3336,,,726776.11,9664315.91,P,49.8,A,1.97,9.27,20100116-20100213,50.7,A,,10.33,20110704-20110711,500.000640863,29.48,9.27,measured,0.9,observed,-2.0,48.9,9.11
TAP_A01,3337,Inga marginata,Fabaceae,726780.3,9664317.16,O,26.0,A,12.39,19.87,20100116-20100213,26.6,A,2.31,3.94,20110704-20110711,500.000640863,20.58,19.87,measured,0.6,observed,-2.0,25.4,19.31
